Method,img_label,linear_vel,angular_vel,pre_inflation,goal_dist,delta_goal_dist,moved_toward_goal,next_linear_vel:,next_angular_vel,max_vel_x,max_vel_theta,nr_pairs_,distance,robot_radius,final_inflation
RL,0,1.1273438325005266e-06,0.0025326937279838584,0.06863909959793091,13.926404954078698,1.0736278545950917,1,1.5936492373024047,0.5404034646336828,2.0,3.14,800,0.019533604383468628,0.01905682682991028,0.1
RL,1,1.5936492373024047,0.5404034646336828,0.14623667299747467,13.015049181956147,0.9113557721225511,1,1.8444209295959935,-0.04821107051791336,1.9610458612442017,3.0215470790863037,800,0.014010578393936157,0.01,0.14623667299747467
RL,2,1.8444209295959935,-0.04821107051791336,0.11825434863567352,11.944772205912889,1.0702769760432584,1,1.7709913771326191,-0.15456100056797117,1.8430670499801636,3.092062473297119,748,0.01,0.01,0.11825434863567352
RL,3,1.7709913771326191,-0.15456100056797117,0.05645698308944702,10.893825443061614,1.0509467628512752,1,1.8282425633987187,-0.0019424381207454636,1.8856017589569092,3.075873374938965,782,0.07329557836055756,0.016215920448303223,0.1
RL,4,1.8282425633987187,-0.0019424381207454636,0.04800134897232056,9.821526417491537,1.0722990255700768,1,1.939850399031789,0.006364123811919221,2.0,3.14,767,0.01,0.023775741457939148,0.1
RL,5,1.939850399031789,0.006364123811919221,0.06638878583908081,8.832275038006813,0.989251379484724,1,1.811294826057927,-0.004923025260348383,1.8726112842559814,2.9759788513183594,800,0.011267811059951782,0.014212965965270996,0.1
RL,6,1.811294826057927,-0.004923025260348383,0.06672713160514832,7.8436936642305275,0.9885813737762854,1,1.7576208472377954,-0.008562488331280359,1.813694715499878,3.14,739,0.01,0.010753825306892395,0.1
RL,7,1.7576208472377954,-0.008562488331280359,0.06935909390449524,6.8443838080205355,0.999309856209992,1,1.7911471366151848,-0.017396189739070603,1.8415000438690186,3.128887891769409,800,0.01,0.01,0.1
RL,8,1.7911471366151848,-0.017396189739070603,0.056411564350128174,5.835857823042254,1.0085259849782817,1,1.804093694786323,-0.022605605845015305,1.8531663417816162,3.1084420680999756,793,0.01,0.040810950100421906,0.1
RL,9,1.804093694786323,-0.022605605845015305,0.1425887495279312,4.76310605939923,1.0727517636430237,1,2.002542973910655,-0.13403728326787875,2.0,2.873929262161255,800,0.01,0.02276398241519928,0.1425887495279312
RL,0,1.3270487697623798e-06,0.0001399199767934271,0.08999386429786682,13.983278658667762,1.016736105407828,1,1.6173686349461562,0.7487016412808878,2.0,3.1233417987823486,800,0.020303040742874146,0.01,0.1
RL,1,1.6173686349461562,0.7487016412808878,0.11495538055896759,13.031494599721924,0.9517840589458384,1,1.9231222764012723,-0.19563069043415438,2.0,3.14,732,0.01,0.012183010578155518,0.11495538055896759
RL,2,1.9231222764012723,-0.19563069043415438,0.047882258892059326,11.958320501245133,1.073174098476791,1,1.9378926392915754,-0.17493968124065684,2.0,2.901299476623535,792,0.01,0.013930067420005798,0.1
RL,3,1.9378926392915754,-0.17493968124065684,0.11654464900493622,10.798807942313209,1.1595125589319242,1,1.9473639469377466,0.008609500280003344,2.0,3.04085111618042,800,0.013090714812278748,0.01,0.11654464900493622
RL,4,1.9473639469377466,0.008609500280003344,0.08054119348526001,9.749172180562168,1.0496357617510412,1,1.8635860226693848,0.039895801493143,1.9241846799850464,3.14,785,0.02954678237438202,0.015595339238643646,0.1
RL,5,1.8635860226693848,0.039895801493143,0.13267751038074493,8.724134914458507,1.025037266103661,1,1.9062710606213198,0.014103246375711063,1.9640746116638184,3.14,800,0.01,0.01,0.13267751038074493
RL,6,1.9062710606213198,0.014103246375711063,0.08135634660720825,7.562797099266188,1.1613378151923186,1,1.9479443761092607,-0.011868799287402202,1.999054193496704,3.14,790,0.016126275062561035,0.01,0.1
RL,7,1.9479443761092607,-0.011868799287402202,0.12357865273952484,6.126765908126929,1.436031191139259,1,1.9487621982649648,-0.010355614895433995,2.0,3.0205063819885254,776,0.01,0.01,0.12357865273952484
RL,8,1.9487621982649648,-0.010355614895433995,0.1378064751625061,5.037885572691027,1.0888803354359018,1,2.0011969009270665,-0.1358732525441575,1.8818174600601196,3.0288736820220947,800,0.026476413011550903,0.02422715350985527,0.1378064751625061
RL,0,2.310315408545002e-06,-0.004279159194282059,0.10025127232074738,14.049212039921924,0.9508305317331534,1,1.4790795068181515,0.44667307069004436,1.8525104522705078,3.14,800,0.01,0.02605772763490677,0.10025127232074738
RL,1,1.4412659298617714,0.4979044946769273,0.03866007924079895,13.040880931976366,1.0083311079455584,1,1.84242101738133,-0.14600773071757095,1.945600152015686,3.0195863246917725,800,0.04540359973907471,0.029419176280498505,0.1
RL,2,1.84242101738133,-0.14600773071757095,0.0673808753490448,11.909445711863357,1.1314352201130085,1,1.8921298175933694,-0.11334310743445399,1.9739768505096436,3.14,780,0.04678599536418915,0.01,0.1
RL,3,1.8921298175933694,-0.11334310743445399,0.12485179305076599,10.842054563210038,1.0673911486533196,1,1.9098876185602955,-0.0066924676039903565,1.9795622825622559,3.1324710845947266,777,0.01,0.011222004890441895,0.12485179305076599
RL,4,1.9098876185602955,-0.0066924676039903565,0.0999268889427185,9.927879114049587,0.9141754491604512,1,1.6707514234393719,-0.005920500377375573,1.727477788925171,3.14,734,0.01,0.01,0.1
RL,5,1.6707514234393719,-0.005920500377375573,0.036137133836746216,8.787081418069798,1.1407976959797885,1,1.9438240262793332,-0.0033892738217836805,2.0,2.9478116035461426,788,0.018402099609375,0.02582447975873947,0.1
RL,6,1.9438240262793332,-0.0033892738217836805,0.1759893298149109,7.871609484805125,0.9154719332646728,1,1.650029314076421,-0.006370694528018462,1.7043737173080444,3.14,800,0.01,0.01,0.1759893298149109
RL,7,1.650029314076421,-0.006370694528018462,0.1042332798242569,6.711562646462206,1.160046838342919,1,1.903305845903399,-0.007431907385928971,1.9563851356506348,3.14,771,0.036431774497032166,0.01,0.1042332798242569
RL,8,1.9062512957520803,-0.043231502499993385,0.14431698620319366,5.556458509139068,1.1551041373231383,1,1.9980000338515094,-0.10889693402485048,1.9843480587005615,3.14,800,0.01,0.01,0.14431698620319366
RL,9,1.9980000338515094,-0.10889693402485048,0.0936848521232605,4.47695756351259,1.079500945626478,1,2.0018809209284623,-0.12965944592316025,1.8452739715576172,3.14,800,0.02356579899787903,0.01,0.1
RL,0,2.65739544804158e-06,-0.0171024152418366,0.057071566581726074,14.004781003456225,0.9952753956710403,1,1.4716787629368966,0.8234492969830118,2.0,3.081805944442749,800,0.01,0.023323561996221542,0.1
RL,1,1.4716787629368966,0.8234492969830118,0.13452328741550446,12.980533805348916,1.0242471981073091,1,1.8691677867076375,-0.44491371007602043,1.9284305572509766,3.14,799,0.01,0.01,0.13452328741550446
RL,2,1.8691677867076375,-0.44491371007602043,0.05580562353134155,12.004797667607766,0.9757361377411495,1,1.7142093766673012,-0.2687298796970341,1.8280706405639648,3.14,800,0.01,0.0170004740357399,0.1
RL,3,1.7142093766673012,-0.2687298796970341,0.06295633316040039,10.899928155039099,1.1048695125686674,1,1.9546917560093968,0.01735644628357943,2.0,3.14,800,0.01,0.01,0.1
RL,4,1.9546917560093968,0.01735644628357943,0.09796455502510071,9.811715074405555,1.088213080633544,1,1.95013417380968,0.005954067096367227,2.0,2.912269353866577,695,0.024916797876358032,0.024182256311178207,0.1
RL,5,1.95013417380968,0.005954067096367227,0.07822579145431519,8.764807769498997,1.0469073049065578,1,1.9406203929025816,-0.012871125232935633,2.0,3.0964434146881104,786,0.020735472440719604,0.01,0.1
RL,6,1.9406203929025816,-0.012871125232935633,0.10518470406532288,7.676230663834925,1.088577105664072,1,1.9417881528068175,0.0024257284915992824,2.0,3.14,735,0.014600247144699097,0.01,0.10518470406532288
RL,7,1.9417881528068175,0.0024257284915992824,0.1808125227689743,6.52195784917799,1.1542728146569354,1,1.9249437898603887,-0.02763087540978499,1.9792454242706299,3.015359878540039,800,0.05486766993999481,0.016245611011981964,0.1808125227689743
RL,8,1.9249437898603887,-0.02763087540978499,0.15540137887001038,5.344884933869253,1.1770729153087371,1,2.0024365960700474,-0.15756324032151614,2.0,3.14,800,0.027027443051338196,0.01,0.15540137887001038
RL,9,2.0024365960700474,-0.15756324032151614,0.1506933867931366,4.266864420336596,1.0780205135326568,1,2.0021135435968445,-0.08802569537309862,1.849001169204712,3.14,790,0.01,0.015977680683135986,0.1506933867931366
RL,0,0.08522847547121551,0.0014327964224438892,0.16772472858428955,14.069275706682845,0.9307889118765029,1,1.693833177075661,0.3886749156475411,1.972597599029541,3.14,772,0.01,0.01,0.16772472858428955
RL,1,1.693833177075661,0.3886749156475411,0.05282905697822571,12.950337994316648,1.118937712366197,1,1.765714907191497,-0.3079709700879855,1.8453819751739502,3.14,768,0.030515164136886597,0.017843186855316162,0.1
RL,2,1.765714907191497,-0.3079709700879855,0.15133826434612274,11.860994580217286,1.0893434140993623,1,1.937725721907969,-0.19249725338943804,1.9978177547454834,3.14,740,0.01,0.028434786945581436,0.15133826434612274
RL,3,1.937725721907969,-0.19249725338943804,0.035108715295791626,10.778742251471247,1.0822523287460388,1,1.9482503597621694,0.07506821637774533,2.0,3.14,800,0.01,0.014301806688308716,0.1
RL,4,1.9482503597621694,0.07506821637774533,0.10438403487205505,9.618324572449763,1.1604176790214833,1,1.93758706933238,0.03570650715755739,2.0,3.093928813934326,763,0.01,0.01,0.10438403487205505
RL,5,1.93758706933238,0.03570650715755739,0.08524313569068909,8.41420340993274,1.2041211625170227,1,1.9450312919053765,0.023952427765216666,2.0,3.14,778,0.053820639848709106,0.010799430310726166,0.1
RL,6,1.9450312919053765,0.023952427765216666,0.09350448846817017,7.330447579296193,1.083755830636548,1,1.953554685766003,-0.03963639451923629,2.0,3.114882469177246,800,0.02947281301021576,0.01,0.1
RL,7,1.953554685766003,-0.03963639451923629,0.16958171129226685,6.243520398121904,1.086927181174289,1,1.944601179022341,0.004909363609057954,2.0,3.14,766,0.01,0.01,0.16958171129226685
RL,8,1.944601179022341,0.004909363609057954,0.13783186674118042,5.088664471001642,1.1548559271202619,1,2.001235823051689,-0.13519520064291546,1.852193832397461,3.14,769,0.01,0.018853578716516495,0.13783186674118042
RL,9,2.001235823051689,-0.13519520064291546,0.1232888251543045,4.00873190692787,1.079932564073772,1,2.001413089654007,0.029004860549037403,1.8706846237182617,3.14,800,0.024047881364822388,0.01453893631696701,0.1232888251543045
RL,0,2.9645367480095084e-06,-0.0007121783158626512,0.04530170559883118,13.9059132589188,1.09407113912944,1,1.567142192402963,0.531178871689428,1.9984781742095947,3.14,754,0.029974982142448425,0.01,0.1
RL,1,1.567142192402963,0.531178871689428,0.07790768146514893,12.960514363453834,0.9453988954649652,1,1.9338186812915428,-0.3353171302720382,2.0,2.856470823287964,790,0.02213887870311737,0.028625953942537308,0.1
RL,2,1.9338186812915428,-0.3353171302720382,0.15274614095687866,11.992028801441995,0.9684855620118391,1,1.6713234992288633,-0.07207496029371524,1.7937921285629272,3.14,773,0.034672051668167114,0.02146986499428749,0.15274614095687866
RL,3,1.6713234992288633,-0.07207496029371524,0.12703105807304382,10.932058452231216,1.0599703492107793,1,1.9409630522496184,-0.008634983285650238,2.0,3.102841377258301,800,0.014912143349647522,0.013444364070892334,0.12703105807304382
RL,4,1.9409630522496184,-0.008634983285650238,0.11987577378749847,9.824695292091144,1.1073631601400713,1,1.8306004607957784,0.011674342767165431,1.8876926898956299,3.14,751,0.050564080476760864,0.016400255262851715,0.11987577378749847
RL,5,1.8306004607957784,0.011674342767165431,0.07105538249015808,8.714293179721226,1.1104021123699184,1,1.8604631890842847,0.0037482086149420732,1.907597303390503,3.14,781,0.02963338792324066,0.021373316645622253,0.1
RL,6,1.8604631890842847,0.0037482086149420732,0.12490779161453247,7.553798657057014,1.1604945226642123,1,1.9474734793268098,0.0077479842827808355,2.0,3.0547595024108887,774,0.01,0.01,0.12490779161453247
RL,7,1.9474734793268098,0.0077479842827808355,0.08737480640411377,6.504641527923117,1.0491571291338966,1,1.9481736831500287,-0.007473784247426711,2.0,2.8800721168518066,741,0.05403946340084076,0.01,0.1
RL,8,1.9481736831500287,-0.007473784247426711,0.09491565823554993,5.406583766557404,1.0980577613657134,1,2.0021650047906543,-0.13248572561629493,2.0,3.14,767,0.02034282684326172,0.01,0.1
RL,9,2.0021650047906543,-0.13248572561629493,0.08796820044517517,4.326664849489365,1.0799189170680386,1,2.0017180786486404,0.12927612434733385,1.7700259685516357,2.9734623432159424,796,0.01,0.018202513456344604,0.1
RL,0,0.010023229830896827,-0.0019187196266072406,0.12580068409442902,14.087876653220473,0.9117044207220104,1,1.3438174889673766,0.2588265601260229,1.5787795782089233,3.14,779,0.01,0.01,0.12580068409442902
RL,1,1.3438174889673766,0.2588265601260229,0.08028209209442139,13.093846159214678,0.9940304940057949,1,1.8304499105210272,-0.21330091932453593,1.8868381977081299,3.14,776,0.01,0.01,0.1
RL,2,1.8304499105210272,-0.21330091932453593,0.0634794533252716,12.038865642466122,1.0549805167485555,1,1.8300988529212745,-0.1471000431712917,1.9031426906585693,3.0942788124084473,795,0.014028206467628479,0.01,0.1
RL,3,1.8300988529212745,-0.1471000431712917,0.04095101356506348,10.887291327199415,1.151574315266707,1,1.9401762503613593,0.033053224977039476,2.0,2.986630439758301,800,0.01,0.01798350363969803,0.1
RL,4,1.9401762503613593,0.033053224977039476,0.09582901000976562,9.72635110528741,1.1609402219120053,1,1.9376231581966235,-0.0011621155536766423,2.0,3.14,776,0.01,0.010451562702655792,0.1
RL,5,1.9376231581966235,-0.0011621155536766423,0.08746176958084106,8.56379711390506,1.1625539913823495,1,1.9484362995579623,-0.007769652585617317,2.0,3.14,800,0.01,0.01735854148864746,0.1
RL,6,1.9484362995579623,-0.007769652585617317,0.1079617440700531,7.48391598829994,1.0798811256051204,1,1.8452728856955196,-0.0012305270494522113,1.90899658203125,3.14,800,0.01,0.01,0.1079617440700531
RL,7,1.8452728856955196,-0.0012305270494522113,0.1830941140651703,6.431180430446238,1.052735557853702,1,1.8894397151540214,-0.013328850338791765,1.9432116746902466,3.0549063682556152,761,0.036810681223869324,0.01,0.1830941140651703
RL,8,1.8894397151540214,-0.013328850338791765,0.15453355014324188,5.291507440825426,1.139672989620812,1,2.002544034048506,-0.14041931430785168,2.0,3.14,800,0.01,0.01148679107427597,0.15453355014324188
RL,9,2.002455245697883,-0.15082366275276965,0.17662857472896576,4.171574094412183,1.1199333464132435,1,2.0016534210972097,-0.13622233132955736,1.9985263347625732,2.9347643852233887,789,0.01,0.01,0.17662857472896576
RL,0,-1.582551404703009e-06,0.005579759581227087,0.15165142714977264,14.356068868178143,0.643946750869345,1,1.6826709197961363,0.08783347395006336,2.0,3.14,800,0.027926698327064514,0.01,0.15165142714977264
RL,1,1.6826709197961363,0.08783347395006336,0.17514829337596893,13.306088840209187,1.0499800279689566,1,1.8755984372529415,-0.25101726287085363,1.9418036937713623,3.14,771,0.03217235207557678,0.013326659798622131,0.17514829337596893
RL,2,1.8755984372529415,-0.25101726287085363,0.16113781929016113,12.284595132954106,1.0214937072550807,1,1.9381778614626484,-0.22076639061097938,2.0,3.0622365474700928,738,0.04461398720741272,0.01,0.16113781929016113
RL,3,1.9381778614626484,-0.22076639061097938,0.11491812765598297,11.244936137159545,1.0396589957945608,1,1.9429390365282981,-0.010244932860323522,2.0,3.14,628,0.01779577136039734,0.01,0.11491812765598297
RL,4,1.9429390365282981,-0.010244932860323522,0.26419591903686523,10.19808605968284,1.046850077476705,1,1.9444999607369808,0.0004202397839377244,2.0,3.077324390411377,438,0.01,0.01,0.26419591903686523
RL,5,1.9444999607369808,0.0004202397839377244,0.089649498462677,9.361823898293837,0.8362621613890031,1,1.493008608003421,0.010583278398611035,1.5423591136932373,3.14,795,0.01,0.01,0.1
RL,6,1.493008608003421,0.010583278398611035,0.08417943120002747,8.347987829132569,1.0138360691612682,1,1.9456831132197894,-0.005923235714255442,2.0,3.14,766,0.0314822793006897,0.010863840579986572,0.1
RL,7,1.9456831132197894,-0.005923235714255442,0.06434100866317749,7.326877418990845,1.0211104101417234,1,1.8862390723985163,-0.005355355224650476,1.9434545040130615,3.14,760,0.03797440230846405,0.011692188680171967,0.1
RL,8,1.8862390723985163,-0.005355355224650476,0.06338870525360107,6.299014201651303,1.027863217339542,1,1.9105624968041255,-0.017504505540079134,1.9627323150634766,3.14,794,0.025601446628570557,0.01,0.1
RL,9,1.9105624968041255,-0.017504505540079134,0.17466950416564941,5.239466280844949,1.059547920806354,1,2.0032435206441006,-0.10083225047516968,2.0,3.14,800,0.04270434379577637,0.01,0.17466950416564941
RL,10,2.0032435206441006,-0.10083225047516968,0.0941246747970581,4.199462512325165,1.0400037685197843,1,2.002833522687366,-0.12183053338760579,1.9750694036483765,3.14,800,0.030418768525123596,0.015265978872776031,0.1
RL,0,-5.892472881665565e-07,-0.003498318445085461,0.08609738945960999,14.271421687939572,0.728619413740379,1,1.5891413874694882,0.4096113233136398,1.9274547100067139,3.14,800,0.01,0.010300993919372559,0.1
RL,1,1.5891413874694882,0.4096113233136398,0.11650717258453369,13.26220542018058,1.0092162677589922,1,1.882179568245487,-0.2861315932484945,1.9464439153671265,3.0345606803894043,794,0.04733915627002716,0.0278460793197155,0.11650717258453369
RL,2,1.882179568245487,-0.2861315932484945,0.1412389874458313,12.319368264237943,0.9428371559426374,1,1.8270033450704373,-0.1284976459422048,1.8814210891723633,2.8811087608337402,762,0.04672364890575409,0.01643574982881546,0.1412389874458313
RL,3,1.8270033450704373,-0.1284976459422048,0.0526965856552124,11.292074399392368,1.027293864845575,1,1.9364836692797582,-0.08092314269121896,1.9952001571655273,3.0924618244171143,711,0.021699264645576477,0.012424074113368988,0.1
RL,4,1.9364836692797582,-0.08092314269121896,0.2885364890098572,10.247192579683867,1.0448818197085004,1,1.9353458652559257,0.009630951498188333,2.0,2.8009841442108154,426,0.044500723481178284,0.01,0.2885364890098572
RL,5,1.9353458652559257,0.009630951498188333,0.07884097099304199,9.24108399707133,1.006108582612537,1,1.9479465987893818,0.006053899563311281,1.9954705238342285,3.109321117401123,800,0.01,0.030144304037094116,0.1
RL,6,1.9479465987893818,0.006053899563311281,0.12022095918655396,8.29836300003612,0.9427209970352095,1,1.6375232935533814,0.03763908191329754,1.6900514364242554,3.0587027072906494,800,0.01,0.01563224196434021,0.12022095918655396
RL,7,1.6375232935533814,0.03763908191329754,0.11734946072101593,7.321321790799123,0.9770412092369973,1,1.9160562152541847,0.00011209600244387746,1.9667589664459229,3.14,769,0.03392311930656433,0.01,0.11734946072101593
RL,8,1.9160562152541847,0.00011209600244387746,0.14271444082260132,6.2765096746094695,1.0448121161896538,1,1.9447981757873187,0.0029866301172876072,2.0,2.902909278869629,800,0.0491257905960083,0.01,0.14271444082260132
RL,9,1.9447981757873187,0.0029866301172876072,0.07817590236663818,5.28639421018213,0.9901154644273396,1,2.0026334143198756,-0.11501898051530382,1.8552086353302002,3.134897232055664,800,0.01,0.01,0.1
RL,10,2.0026334143198756,-0.11501898051530382,0.05105200409889221,4.206377620285287,1.080016589896843,1,2.0018116351049344,0.13080523557571846,2.0,3.14,788,0.032218679785728455,0.01,0.1
RL,0,0.0009546175336888111,-0.0015763002825762065,0.18110431730747223,13.968699837570268,1.0313138222609002,1,1.568550914288486,0.5079796086275777,1.7396200895309448,2.987794876098633,800,0.01,0.01,0.18110431730747223
RL,1,1.568550914288486,0.5079796086275777,0.05461931228637695,12.972442622325923,0.996257215244345,1,1.8813340730884038,-0.23765174527191768,1.9412074089050293,2.846914768218994,789,0.01,0.013507388532161713,0.1
RL,2,1.8813340730884038,-0.23765174527191768,0.11546100676059723,11.859255843283641,1.113186779042282,1,1.8696722471855796,-0.1578850177561948,1.9278240203857422,3.14,755,0.014233812689781189,0.01,0.11546100676059723
RL,3,1.8696722471855796,-0.1578850177561948,0.0015350580215454102,10.708116313964352,1.1511395293192894,1,1.9461670757475413,0.047363690737466595,2.0,2.8507742881774902,773,0.01,0.011812664568424225,0.1
RL,4,1.9461670757475413,0.047363690737466595,0.1049128919839859,9.623448689199039,1.0846676247653129,1,1.9418295745314333,-0.013420467445359617,2.0,3.14,800,0.020409956574440002,0.01,0.1049128919839859
RL,5,1.9418295745314333,-0.013420467445359617,0.08522471785545349,8.537070180680397,1.0863785085186421,1,1.9420517449780104,-0.011030712113893506,2.0,3.14,800,0.01,0.01,0.1
RL,6,1.9420517449780104,-0.011030712113893506,0.03875452280044556,7.4502177992389775,1.0868523814414193,1,1.8686174467660603,-0.01259268491757483,1.9221062660217285,3.138829231262207,793,0.01,0.013423703610897064,0.1
RL,7,1.8686174467660603,-0.01259268491757483,0.11243018507957458,6.369096490338011,1.0811213089009666,1,1.9451462596486808,-0.025254005111123287,2.0,2.9546308517456055,794,0.02973264455795288,0.01,0.11243018507957458
RL,8,1.9451462596486808,-0.025254005111123287,0.07195693254470825,5.189281664587465,1.1798148257505456,1,2.001574663783115,-0.11336578994154584,2.0,3.0700058937072754,800,0.02502976357936859,0.013615690171718597,0.1
RL,9,2.001574663783115,-0.11336578994154584,0.056993305683135986,4.109323723243811,1.079957941343654,1,2.0009548806391075,-0.12592031064428097,1.945963740348816,2.815749168395996,795,0.0471794456243515,0.01,0.1
RL,0,0.0009545729696655793,-0.004502085151883865,0.025890588760375977,14.024835488559736,0.975140067182771,1,1.6077960978430395,0.5840328364484069,1.9454803466796875,3.14,764,0.01,0.01,0.1
RL,1,1.6077960978430395,0.5840328364484069,0.07226064801216125,13.165147658129277,0.8596878304304596,1,1.6214671761441097,-0.25181493618721695,1.6949620246887207,3.14,800,0.022475749254226685,0.017276480793952942,0.1
RL,2,1.6214671761441097,-0.25181493618721695,0.0353584885597229,11.772411624474925,1.3927360336543515,1,1.9311404259012352,-0.3098525626294596,2.0,3.14,788,0.014466702938079834,0.015919961035251617,0.1
RL,3,1.9311404259012352,-0.3098525626294596,0.2356707900762558,10.682507858326444,1.0899037661484812,1,1.8090343781730478,-0.008555717416870376,1.8730072975158691,3.14,421,0.03305111825466156,0.01,0.2356707900762558
RL,4,1.8090343781730478,-0.008555717416870376,0.03877401351928711,9.525821364585042,1.156686493741402,1,1.9448073884218622,0.0319131161689557,2.0,3.14,705,0.01,0.01,0.1
RL,5,1.9448073884218622,0.0319131161689557,0.030660778284072876,8.516032782432639,1.009788582152403,1,1.9497753057389644,0.017602898490796822,2.0,3.14,800,0.01,0.012462586164474487,0.1
RL,6,1.9497753057389644,0.017602898490796822,0.06100583076477051,7.394821517444573,1.121211264988066,1,1.9346192578492991,0.001535678128682402,1.986624002456665,3.14,800,0.025487884879112244,0.018462050706148148,0.1
RL,7,1.9346192578492991,0.001535678128682402,0.12393851578235626,6.380427043560901,1.014394473883672,1,1.663897713650849,-0.004746796782502265,1.7188494205474854,2.9231624603271484,775,0.01,0.032551415264606476,0.12393851578235626
RL,8,1.663897713650849,-0.004746796782502265,0.0796685516834259,5.335884584952754,1.0445424586081469,1,2.0035826975912383,-0.1346518246811496,2.0,3.031604290008545,781,0.03598187863826752,0.010595172643661499,0.1
RL,9,2.0035826975912383,-0.1346518246811496,0.11185702681541443,4.255856172569973,1.0800284123827808,1,2.002869738917746,0.1316070650798211,1.8138364553451538,3.14,785,0.01783601939678192,0.028477974236011505,0.11185702681541443
RL,0,0.3789589069128205,-0.008157674096987838,0.07508096098899841,13.931264897621569,1.0523590291932816,1,1.555775629823647,0.3446869376240084,2.0,3.14,800,0.01,0.01,0.1
RL,1,1.555775629823647,0.3446869376240084,0.17078785598278046,13.031808257526428,0.8994566400951403,1,1.9082352140058219,-0.25532927075676143,2.0,2.7802982330322266,777,0.01,0.01,0.17078785598278046
RL,2,1.9082352140058219,-0.25532927075676143,0.0843801498413086,11.663136929890157,1.368671327636271,1,1.943218676564968,-0.10769800150184619,2.0,3.14,781,0.056920796632766724,0.0176507867872715,0.1
RL,3,1.943218676564968,-0.10769800150184619,0.11028088629245758,10.704782565370824,0.9583543645193338,1,1.845904421795651,0.07532600785432969,1.8944988250732422,3.04111909866333,800,0.01,0.013135917484760284,0.11028088629245758
RL,4,1.845904421795651,0.07532600785432969,0.07995232939720154,9.66042117424933,1.0443613911214946,1,1.8077417837115615,-0.000670079137655173,1.8504829406738281,3.14,743,0.011455371975898743,0.01,0.1
RL,5,1.8077417837115615,-0.000670079137655173,0.13235248625278473,8.582086057349505,1.078335116899824,1,1.9391135420231846,-0.0017099069459204255,2.0,3.14,799,0.01,0.01,0.13235248625278473
RL,6,1.9391135420231846,-0.0017099069459204255,0.10542817413806915,7.4161709160393965,1.1659151413101085,1,1.8049637247681851,-0.013126717781463725,1.8620399236679077,2.8446359634399414,751,0.01,0.017550550401210785,0.10542817413806915
RL,7,1.8049637247681851,-0.013126717781463725,0.11828206479549408,6.377005146645666,1.0391657693937306,1,1.943145720201368,-0.014010513796154717,2.0,3.14,800,0.01,0.01,0.11828206479549408
RL,8,1.943145720201368,-0.014010513796154717,0.13369253277778625,5.3357346972618105,1.0412704493838554,1,2.0031495144103406,-0.1029365922147556,1.796029806137085,3.14,775,0.06254994869232178,0.014623098075389862,0.13369253277778625
RL,9,2.0031495144103406,-0.1029365922147556,0.12754972279071808,4.215777108455768,1.1199575888060425,1,2.002660549900386,-0.08990283333224719,1.8788169622421265,2.70949125289917,754,0.01,0.01,0.12754972279071808
RL,0,1.2728008454716183e-06,0.003751388486732352,0.06389299035072327,14.131352057783808,0.8686678832731225,1,1.638513880055192,0.5803628567897473,1.928675651550293,3.14,800,0.01,0.020055867731571198,0.1
RL,1,1.638513880055192,0.5803628567897473,0.11207571625709534,13.21319090081402,0.9181611569697878,1,1.7796299297062073,-0.22458951188119242,1.8764952421188354,2.780797004699707,789,0.01,0.015447728335857391,0.11207571625709534
RL,2,1.7796299297062073,-0.22458951188119242,0.09670761227607727,12.159209700989674,1.0539811998243458,1,1.9275462211989949,-0.1569928724827319,2.0,3.14,783,0.01,0.03590196743607521,0.1
RL,3,1.9275462211989949,-0.1569928724827319,0.0735907256603241,11.114645066830528,1.044564634159146,1,1.938490450098236,-0.020519629740602112,2.0,2.7926907539367676,503,0.022043079137802124,0.025864198803901672,0.1
RL,4,1.938490450098236,-0.020519629740602112,0.12061887979507446,10.053140635819204,1.0615044310113237,1,1.8959221647003373,0.013530412560827737,1.9529914855957031,3.14,528,0.021779075264930725,0.028012368828058243,0.12061887979507446
RL,5,1.8959221647003373,0.013530412560827737,0.1271088719367981,8.893616613661816,1.1595240221573881,1,1.9502153515380976,-0.0038413816319107265,2.0,3.070071220397949,800,0.01,0.012820065021514893,0.1271088719367981
RL,6,1.9502153515380976,-0.0038413816319107265,0.0911552906036377,7.904449639266294,0.9891669743955225,1,1.666000071845785,-0.014395621077679777,1.7215042114257812,3.03027081489563,800,0.01,0.013680331408977509,0.1
RL,7,1.666000071845785,-0.014395621077679777,0.0610508918762207,6.841068203353144,1.0633814359131497,1,1.9500964153695792,0.0013399284388619353,2.0,3.14,793,0.07092638313770294,0.014333225786685944,0.1
RL,8,1.9500964153695792,0.0013399284388619353,0.08428353071212769,5.853782610895489,0.9872855924576553,1,1.8261192638517327,0.0024768519379962557,1.8651928901672363,3.14,796,0.01,0.02529807761311531,0.1
RL,9,1.8261192638517327,0.0024768519379962557,0.014424294233322144,4.740770057686302,1.1130125532091864,1,2.002610854062252,-0.12763571009556512,1.912819266319275,3.14,791,0.058575958013534546,0.024523098021745682,0.1
RL,0,4.202519876433011e-05,-0.0016868750013050388,0.13914243876934052,14.371128850963968,0.6289347258998994,1,1.5939701263463344,0.12041973453815538,1.9726872444152832,2.982710838317871,744,0.01,0.015636444091796875,0.13914243876934052
RL,1,1.5939701263463344,0.12041973453815538,0.08401641249656677,13.441092371264135,0.930036479699833,1,1.899385258233125,-0.13559220206745864,1.997781753540039,2.8470029830932617,795,0.02673451602458954,0.027022235095500946,0.1
RL,2,1.899385258233125,-0.13559220206745864,0.022568732500076294,12.540513878495162,0.9005784927689735,1,1.6407565714862307,-0.12468799310016315,1.7063040733337402,3.14,773,0.01,0.014888525009155273,0.1
RL,3,1.6407565714862307,-0.12468799310016315,0.1171942800283432,11.57445803897148,0.9660558395236816,1,1.9353788103301928,-0.04842179636787885,2.0,3.14,800,0.01,0.01814332604408264,0.1171942800283432
RL,4,1.9353788103301928,-0.04842179636787885,0.19543416798114777,10.537794281571834,1.036663757399646,1,1.9204637350556193,0.005007494064244397,1.9704005718231201,3.14,725,0.01,0.01,0.19543416798114777
RL,5,1.9204637350556193,0.005007494064244397,0.03920695185661316,9.572322327184287,0.9654719543875476,1,1.8511201533759585,0.002126676153196328,1.9111170768737793,3.14,800,0.03563570976257324,0.017866164445877075,0.1
RL,6,1.8511201533759585,0.002126676153196328,0.18684521317481995,8.528227557113858,1.0440947700704282,1,1.955817488613099,-0.013367122942429753,2.0,3.054847478866577,800,0.01,0.029897749423980713,0.18684521317481995
RL,7,1.955817488613099,-0.013367122942429753,0.10818594694137573,7.51720109181927,1.011026465294588,1,1.9502016882990156,-0.02223912949772677,2.0,2.9832136631011963,800,0.01,0.011326484382152557,0.10818594694137573
RL,8,1.9502016882990156,-0.02223912949772677,0.16362473368644714,6.468762528901187,1.0484385629180837,1,1.941905024398274,-0.007385887028334443,2.0,2.8417153358459473,800,0.04468218982219696,0.010044246912002563,0.16362473368644714
RL,9,1.941905024398274,-0.007385887028334443,0.0508674681186676,5.421218319667793,1.0475442092333935,1,2.0016342137897696,-0.12669571878538322,1.969486951828003,3.072570323944092,787,0.01,0.022748999297618866,0.1
RL,10,2.0016342137897696,-0.12669571878538322,0.005792170763015747,4.341317830154645,1.0799004895131485,1,2.0012660566518434,0.13748607418073786,1.9685745239257812,2.942095994949341,712,0.01,0.01725706458091736,0.1
RL,0,-2.6622561139927013e-06,0.0016787360316063557,0.038250893354415894,14.31199667868052,0.6880469651918268,1,1.6741927877973137,0.09746042331449778,1.9330636262893677,3.058814287185669,748,0.01,0.01,0.1
RL,1,1.6741927877973137,0.09746042331449778,0.16291570663452148,13.459080989207797,0.8529156894727237,1,1.7941541512764232,-0.01598877580192919,1.9313795566558838,3.14,800,0.01615166664123535,0.02169128507375717,0.16291570663452148
RL,2,1.7941541512764232,-0.01598877580192919,0.13676583766937256,12.499808552544282,0.9592724366635146,1,1.785695219916502,-0.2341903358071225,1.8698197603225708,3.14,800,0.01,0.013750843703746796,0.13676583766937256
RL,3,1.785695219916502,-0.2341903358071225,0.11122347414493561,11.533566207280185,0.9662423452640976,1,1.8908593872876507,-0.051135689258648614,1.9592111110687256,3.14,800,0.01,0.012931540608406067,0.11122347414493561
RL,4,1.8908593872876507,-0.051135689258648614,0.1581086814403534,10.496464234471457,1.0371019728087276,1,1.939020606907522,0.007357466831159724,2.0,3.14,453,0.01,0.01809750497341156,0.1581086814403534
RL,5,1.939020606907522,0.007357466831159724,0.08562269806861877,9.466391221473092,1.0300730129983648,1,1.8996267547110663,0.004010547033317891,1.9536795616149902,2.471477508544922,751,0.07070411741733551,0.019839830696582794,0.1
RL,6,1.8996267547110663,0.004010547033317891,0.07856076955795288,8.426321066333797,1.0400701551392952,1,1.9287457707916849,-0.00837393283983033,1.9914591312408447,3.14,800,0.01,0.026438552886247635,0.1
RL,7,1.9287457707916849,-0.00837393283983033,0.10831554234027863,7.378206169145545,1.0481148971882517,1,1.9450019382816435,-0.0047834476340301016,2.0,3.14,800,0.01,0.012309171259403229,0.10831554234027863
RL,8,1.9450019382816435,-0.0047834476340301016,0.14184071123600006,6.347002750700419,1.0312034184451262,1,1.8278341059780707,-0.02209310551117607,1.880699872970581,3.14,800,0.060388192534446716,0.01,0.14184071123600006
RL,9,1.8278341059780707,-0.02209310551117607,0.07741707563400269,5.332732800346775,1.0142699503536443,1,2.002500245941926,-0.11195693722850966,2.0,3.14,751,0.01,0.021919071674346924,0.1
RL,10,2.002500245941926,-0.11195693722850966,0.027380913496017456,4.25276392253162,1.0799688778151548,1,2.0023947830732847,-0.11226073091936509,1.7972424030303955,3.14,795,0.01416844129562378,0.01918899267911911,0.1
RL,0,6.214518341470984e-07,-0.0018863540844236612,0.032246023416519165,14.341930649859126,0.6579347833131077,1,1.6057693512385771,0.19278738916982172,2.0,3.14,800,0.01,0.01,0.1
RL,1,1.6057693512385771,0.19278738916982172,0.06058761477470398,13.463029245476227,0.8789014043828995,1,1.7231030286758888,-0.16589498858231358,1.8754470348358154,3.1075830459594727,778,0.01,0.01,0.1
RL,2,1.7231030286758888,-0.16589498858231358,0.134573832154274,12.447706480686836,1.0153227647893903,1,1.934102911617674,-0.12479531863868312,2.0,3.14,800,0.01,0.01,0.134573832154274
RL,3,1.934102911617674,-0.12479531863868312,0.12511050701141357,11.458743710546921,0.9889627701399153,1,1.8176514405162718,-0.024150353429264616,1.894331693649292,3.038154125213623,784,0.04460936784744263,0.01,0.12511050701141357
RL,4,1.8176514405162718,-0.024150353429264616,0.24005435407161713,10.42729489175037,1.0314488187965516,1,1.940492910041921,-0.01641267809331866,2.0,3.14,401,0.04814651608467102,0.011104501783847809,0.24005435407161713
RL,5,1.940492910041921,-0.01641267809331866,0.09211868047714233,9.37362235127504,1.053672540475329,1,1.7418317608750655,-0.007260140661265212,1.7907228469848633,2.9606380462646484,783,0.01,0.01,0.1
RL,6,1.7418317608750655,-0.007260140661265212,0.14596235752105713,8.340921761664685,1.0327005896103554,1,1.9410674830722199,-0.011947242750629552,2.0,3.14,760,0.0649353414773941,0.01,0.14596235752105713
RL,7,1.9410674830722199,-0.011947242750629552,0.09864062070846558,7.3010318746845195,1.0398898869801654,1,1.9208515901745633,-0.016553527614283324,1.976426124572754,3.134573459625244,776,0.01,0.017235934734344482,0.1
RL,8,1.9208515901745633,-0.016553527614283324,0.17762340605258942,6.279047820252623,1.021984054431896,1,1.8933706345306203,-0.012147388303103638,1.9484716653823853,2.9417221546173096,800,0.01,0.016025595366954803,0.17762340605258942
RL,9,1.8933706345306203,-0.012147388303103638,0.13361600041389465,5.302005775078415,0.9770420451742083,1,2.0032440603216473,-0.1363531427800539,1.6447592973709106,3.14,769,0.02021510899066925,0.024118572473526,0.13361600041389465
RL,10,2.0032440603216473,-0.1363531427800539,0.14233824610710144,4.224155295801922,1.077850479276493,1,2.002385294414633,0.014116574151316891,2.0,3.14,800,0.01,0.01,0.14233824610710144
RL,0,6.583806550055713e-07,0.003936291765607354,0.07815369963645935,14.982337502019883,0.017587552979717813,0,-0.00010006374935360832,0.005489548099544791,2.0,3.14,800,0.01,0.010552719235420227,0.1
RL,1,-0.00010006374935360832,0.005489548099544791,0.13726751506328583,14.982302968514313,3.4533505569811496e-05,0,-6.886011746564562e-05,-0.002109909845240656,2.0,2.791745185852051,798,0.01,0.019434981048107147,0.13726751506328583
RL,2,-6.886011746564562e-05,-0.002109909845240656,0.099739670753479,14.98226632859816,3.663991615354689e-05,0,-3.406633996006253e-05,-0.006446896800747733,2.0,3.0728020668029785,782,0.01,0.01,0.1
RL,0,-9.134167089456112e-05,-0.0015217760666822071,0.04270884394645691,14.981603329893124,4.3179825187422693e-05,0,-5.551799010942777e-05,-0.00424548071431345,2.0,3.14,765,0.0892377495765686,0.01,0.1
RL,1,-5.551799010942777e-05,-0.00424548071431345,0.11524437367916107,14.981561266862876,4.206303024822944e-05,0,-1.9976077210785142e-05,-0.007462778054005935,2.0,3.026233196258545,800,0.01,0.018302887678146362,0.11524437367916107
RL,2,-1.9976077210785142e-05,-0.007462778054005935,0.019355475902557373,14.981517211617192,4.4055245684404554e-05,0,9.384955606200954e-06,0.0048357745390320206,1.951419472694397,3.14,800,0.029283791780471802,0.010509125888347626,0.1
RL,3,9.384955606200954e-06,0.0048357745390320206,0.04563465714454651,14.981467286703138,4.992491405353405e-05,0,3.417496447851509e-05,-0.008955599649486286,2.0,2.9669785499572754,789,0.06221252679824829,0.01,0.1
RL,4,3.417496447851509e-05,-0.008955599649486286,0.01584523916244507,14.981417699402202,4.9587300935627354e-05,0,5.200234145450514e-05,-0.004322452996674235,1.764674186706543,3.1261157989501953,800,0.03180089592933655,0.0172121524810791,0.1
RL,5,5.200234145450514e-05,-0.004322452996674235,0.09272587299346924,14.981365390348047,5.230905415487541e-05,0,6.549966364141426e-05,0.0008105662675934039,1.798849105834961,3.14,793,0.01,0.01,0.1
RL,6,7.520884359849057e-05,-0.010656927512308016,-0.02883782982826233,12.099099422287841,2.8822130761067672,1,1.6863303176338682,0.003793117378340972,1.7844457626342773,2.977125644683838,800,0.01,0.010612733662128448,0.1
RL,7,1.6863303176338682,0.003793117378340972,0.10610431432723999,11.191429931062613,0.9076694912252279,1,1.9510180218870203,-0.010656542738759102,2.0,3.14,790,0.06300811469554901,0.016525521874427795,0.10610431432723999
RL,8,1.9510180218870203,-0.010656542738759102,0.07799488306045532,10.3011569051975,0.8902730258651133,1,1.5576383704167167,-0.0021716238349832363,2.0,3.14,800,0.01,0.031078405678272247,0.1
RL,9,1.5576383704167167,-0.0021716238349832363,0.0944066047668457,9.49789575613635,0.8032611490611501,1,1.745527574902545,0.05239725758567723,1.8421138525009155,3.0779638290405273,800,0.01,0.01,0.1
RL,10,1.745527574902545,0.05239725758567723,0.021741658449172974,8.651167044640582,0.8467287114957678,1,1.7115060456079616,0.11407913410423931,1.7827262878417969,3.14,790,0.01,0.01,0.1
RL,11,1.7115060456079616,0.11407913410423931,0.12418363988399506,8.142666149945043,0.5085008946955387,1,-0.02067008602816386,-0.22564935790784338,2.0,3.14,747,0.01,0.014959797263145447,0.12418363988399506
RL,12,-0.010645290648494975,-1.850619212710431,0.6142033934593201,8.14045856851513,0.0009143606544945726,0,-0.007703358158966264,0.12281461214536402,0.1689932942390442,1.7719227075576782,402,0.026332467794418335,0.1412830352783203,0.6
RL,13,-0.007703358158966264,0.12281461214536402,0.5767529010772705,8.139960277232902,0.000498291282228891,0,-0.0055757740498288515,-0.0043166791902791634,0.34047001600265503,1.0651695728302002,400,0.0782395601272583,0.1478729546070099,0.5767529010772705
RL,14,-0.0055757740498288515,-0.0043166791902791634,0.625201404094696,8.13968863146442,0.0002716457684819318,0,-0.003995436794269239,0.0071801624759526015,0.0,1.1059389114379883,405,0.09347551316022873,0.1316337138414383,0.6
RL,15,-0.003995436794269239,0.0071801624759526015,0.584895133972168,8.139531247566312,0.00015738389810771025,0,-0.0028758494768774106,0.0014426384694159356,0.036108195781707764,1.2600817680358887,427,0.09653566777706146,0.15,0.584895133972168
RL,16,-0.0028758494768774106,0.0014426384694159356,0.5579858422279358,8.139428990134803,0.0001022574315090452,0,-0.002053621157176793,0.0012339463718392528,0.2065790891647339,1.2275527715682983,400,0.05335743725299835,0.15,0.5579858422279358
RL,0,-4.178326164942269e-07,-0.00396238979449403,0.06462615728378296,14.982043895640627,0.01798473343655793,0,-3.195034848164322e-05,0.00945162525106666,2.0,2.9623541831970215,753,0.01,0.02450462058186531,0.1
RL,1,-3.195034848164322e-05,0.00945162525106666,0.18523550033569336,14.98200191972585,4.1975914777836465e-05,0,-8.753130265238348e-06,0.002359826065964654,2.0,2.722073554992676,800,0.010126352310180664,0.015226997435092926,0.18523550033569336
RL,2,-8.753130265238348e-06,0.002359826065964654,0.11485263705253601,14.981953618559174,4.830116667520201e-05,0,1.8723023427596512e-05,-0.009588546361631776,1.9618504047393799,3.14,800,0.01,0.021764211356639862,0.11485263705253601
RL,3,0.00011927150876420152,-0.0026374576182029807,0.08163172006607056,14.980142914315932,6.671340350727917e-05,0,0.00011944995583070415,0.00038037843081774596,1.7448629140853882,3.14,800,0.018286779522895813,0.021734774112701416,0.1
RL,4,0.00012376291570279446,0.008588501556715174,0.11335217952728271,14.978564608101602,6.675469580130766e-05,0,0.0001239643518457308,0.00046669799124809274,2.0,3.14,800,0.023418188095092773,0.01,0.11335217952728271
RL,5,0.00012978100773107924,0.0018206922772494446,0.11521041393280029,14.976914766322126,7.260705138634194e-05,0,0.00013004162473171117,-0.002844981627744151,1.725414514541626,3.110976457595825,758,0.04773521423339844,0.0260343998670578,0.11521041393280029
RL,6,0.00013029336073020427,-0.009022299660454395,0.048295021057128906,14.97677172066025,7.289365371931922e-05,0,0.00013055486538362222,-0.007261896612036156,1.9681284427642822,2.9130051136016846,782,0.04109974205493927,0.01,0.1
RL,0,-1.3305241720224306e-07,-0.006707452779493351,0.12809953093528748,14.999999512225859,1.953821158018343e-05,0,4.141205530177004e-05,-0.0015911404172157828,1.9080735445022583,3.14,800,0.046425580978393555,0.01,0.12809953093528748
RL,1,4.141205530177004e-05,-0.0015911404172157828,0.04269436001777649,14.999978073212803,2.14390130555131e-05,0,4.192902096161879e-05,-0.0018392958098886704,2.0,3.14,785,0.012221425771713257,0.01,0.1
RL,2,4.192902096161879e-05,-0.0018392958098886704,0.09075438976287842,14.999955334221932,2.2738990871573606e-05,0,4.252415382771132e-05,0.002984051619284347,2.0,3.1389410495758057,788,0.02345322072505951,0.012862294912338257,0.1
RL,3,4.5760047575241316e-05,-0.004513113259976256,0.16277161240577698,14.999668092356002,2.5684165960271343e-05,0,4.5987026521048255e-05,0.0036345899434161192,1.8212454319000244,3.14,800,0.011418163776397705,0.01,0.16277161240577698
RL,4,4.694137160411591e-05,-0.007410073583852888,0.06055569648742676,14.99954330081716,2.4490925635944905e-05,0,4.708508235371724e-05,0.004862667580905456,1.9462954998016357,3.14,800,0.01,0.01618141680955887,0.1
RL,5,4.74288037694404e-05,0.006601111624317525,0.12323395907878876,13.41424112742131,1.6458613725430453,1,1.8839222693949622,-0.09889451325355814,2.0,3.1370790004730225,800,0.024051427841186523,0.027354996651411057,0.12323395907878876
RL,6,1.8839222693949622,-0.09889451325355814,0.14105656743049622,12.394749393505577,1.0194917339157321,1,1.6641434315950272,-0.19043557438651892,2.0,3.14,800,0.03473950922489166,0.01,0.14105656743049622
RL,7,1.6641434315950272,-0.19043557438651892,0.18293724954128265,11.987796909211848,0.4069524842937291,1,-0.015484963661567156,-2.3528572909840473,1.962923526763916,3.14,800,0.03764265775680542,0.01,0.18293724954128265
RL,8,-0.007313017248376779,-0.010610270256339772,0.05348372459411621,11.985277282687894,0.0003598452650557249,0,-0.005159775943996524,-0.006569808628995534,2.0,2.898099422454834,800,0.03823120892047882,0.01,0.1
RL,9,-0.005159775943996524,-0.006569808628995534,0.10728038847446442,11.98511920688808,0.00015807579981519382,0,-0.0036272663449818093,-0.0012977803185081239,2.0,3.14,792,0.035029634833335876,0.01,0.10728038847446442
RL,10,-0.0036272663449818093,-0.0012977803185081239,0.0884009301662445,11.985063134726936,5.607216114356106e-05,0,-0.0025374131857195887,-0.00200086556364363,1.903412103652954,3.14,800,0.01,0.017890289425849915,0.1
RL,11,-0.0025374131857195887,-0.00200086556364363,0.1079263985157013,11.985057459662347,5.67506458892808e-06,0,-0.0018248632069552536,7.349205743067494e-05,2.0,2.8972222805023193,793,0.01,0.011453941464424133,0.1079263985157013
RL,12,-0.0018248632069552536,7.349205743067494e-05,0.11599232256412506,11.98507981219628,-2.2352533934011376e-05,0,-0.0012130534182340884,0.0033795073451312976,1.849581241607666,3.0045077800750732,744,0.029009118676185608,0.018582988530397415,0.11599232256412506
RL,13,1.0348442434106444,2.656868183264723,0.6716917157173157,10.498970837146043,0.4016461188861786,1,1.0952912123249365,1.9828105088807368,1.4364267587661743,2.9451332092285156,420,0.010613635182380676,0.14079008996486664,0.6
RL,14,1.0952912123249365,1.9828105088807368,0.119991734623909,10.1905981256143,0.3083727115317423,1,-0.011400081450011583,1.1980382690684475,2.0,2.709932565689087,400,0.01364968717098236,0.12225386500358582,0.119991734623909
RL,15,-0.011400081450011583,1.1980382690684475,0.14803624153137207,10.191044884651722,-0.0004467590374215291,0,-0.00853975488958819,0.0034004186401914594,2.0,3.14,800,0.01,0.02745094895362854,0.14803624153137207
RL,16,-0.00853975488958819,0.0034004186401914594,0.0822153389453888,10.19135081694998,-0.000305932298257261,0,-0.006077040136697555,0.007247902577929705,2.0,3.14,800,0.01,0.020554065704345703,0.1
RL,17,-0.006077040136697555,0.007247902577929705,0.10430136322975159,10.191543256626893,-0.00019243967691373598,0,-0.004452831061665812,0.001937945949141597,1.9773991107940674,3.103189468383789,800,0.01,0.011677674949169159,0.10430136322975159
RL,18,-0.004452831061665812,0.001937945949141597,0.16536320745944977,10.19169610013472,-0.0001528435078270718,0,-0.0032458979836838572,0.0011497272070661562,2.0,3.14,800,0.01,0.010368064045906067,0.16536320745944977
RL,19,-0.00037411382299870914,0.007504121544526929,0.10919047892093658,10.19286076677603,-0.00010033768910133745,0,-0.00034422637310741616,0.010611941222240065,1.942423939704895,3.14,792,0.031884998083114624,0.01,0.10919047892093658
RL,0,5.320067850940908e-07,-0.016510378175211553,0.10004468262195587,14.999908363373368,1.9161267834633122e-05,0,4.055217383044487e-05,-0.012167429829845519,1.9204165935516357,3.021944999694824,796,0.01,0.01,0.10004468262195587
RL,1,4.055217383044487e-05,-0.012167429829845519,0.13597099483013153,14.999886069618316,2.229375505180542e-05,0,4.1266372202658696e-05,-0.009096479349482106,1.9194660186767578,3.14,800,0.01,0.018392469733953476,0.13597099483013153
RL,2,4.1266372202658696e-05,-0.009096479349482106,0.16818594932556152,14.999864245342414,2.1824275902915247e-05,0,4.197818035336335e-05,-0.006759169314479787,2.0,3.14,787,0.01030239462852478,0.01,0.16818594932556152
RL,3,4.480448482693305e-05,-0.007409859999548881,0.2165859192609787,14.999645454684176,2.430757534455097e-05,0,4.518132236705577e-05,-0.0074475352233065555,1.9465227127075195,3.14,793,0.01,0.01,0.2165859192609787
RL,4,4.518132236705577e-05,-0.0074475352233065555,0.06792566180229187,14.999620037864467,2.5416819708468097e-05,0,4.5561677772582334e-05,0.004142925658602577,1.8214915990829468,3.0882816314697266,800,0.01,0.01,0.1
RL,5,4.948796828033184e-05,-0.005054620941295081,0.16255895793437958,14.99917810015211,2.6787899384927982e-05,0,4.971585470783099e-05,0.0008003984256225996,1.8721039295196533,3.0486342906951904,800,0.035808637738227844,0.013686582446098328,0.16255895793437958
RL,6,5.151603522547306e-05,-0.00861228979547838,0.09563800692558289,12.260957429342163,2.737860752878314,1,1.9179820659026428,0.001932463564742339,2.0,3.0553030967712402,760,0.06293599307537079,0.01,0.1
RL,7,1.9179820659026428,0.001932463564742339,0.09627261757850647,11.281401309711216,0.9795561196309475,1,1.8054735857006081,-0.27613118922135327,2.0,2.9809951782226562,790,0.01,0.0137849822640419,0.1
RL,8,1.8054735857006081,-0.27613118922135327,0.12455806136131287,10.792893050908871,0.4885082588023444,1,-0.013624652970838959,-0.013378401032061244,1.766098976135254,3.068125009536743,800,0.01,0.01775827258825302,0.12455806136131287
RL,9,-0.013624652970838959,-0.013378401032061244,0.10709001123905182,10.792885085400655,7.96550821569042e-06,0,-0.01004397976413551,-0.0007314246594058616,1.9961564540863037,3.14,787,0.034861788153648376,0.01,0.10709001123905182
RL,10,-0.01004397976413551,-0.0007314246594058616,0.0908878743648529,10.792882388648197,2.696752458675178e-06,0,-0.007140134233604998,-0.0037595909176943183,1.826402187347412,2.815192937850952,774,0.01,0.015232592821121216,0.1
RL,11,-0.007140134233604998,-0.0037595909176943183,0.10205669701099396,10.792889853789552,-7.4651413548565415e-06,0,-0.005141240849908991,-0.0066817233455508445,1.9935643672943115,3.14,800,0.01,0.01,0.10205669701099396
RL,12,-0.005141240849908991,-0.0066817233455508445,0.11104482412338257,10.792895715970452,-5.8621809007064485e-06,0,-0.0036562983035376907,-0.00680222234877737,2.0,2.843017816543579,800,0.03826560080051422,0.01,0.11104482412338257
RL,13,-0.0026011538345597114,-0.001238087466048499,0.1481928825378418,10.792907429222481,-5.278352929849461e-06,0,-0.0018514222915148335,0.0003197766396319905,1.8717530965805054,3.14,769,0.01,0.016481153666973114,0.1481928825378418
RL,0,1.188627165698177e-06,0.0029315156626557926,0.09899914264678955,14.225190320599488,0.7748367920870454,1,1.7806567753634628,-0.13424931295783246,1.8988442420959473,3.054513454437256,800,0.01,0.01664230227470398,0.1
RL,1,1.7806567753634628,-0.13424931295783246,0.09975743293762207,13.197275500001696,1.0279148205977915,1,1.665381657322284,-0.10038002222933787,1.995071291923523,3.14,800,0.01,0.01,0.1
RL,2,1.665381657322284,-0.10038002222933787,0.03140190243721008,12.447625847564469,0.7496496524372276,1,1.3006283403899683,-0.23229436292994296,2.0,3.14,781,0.05251587927341461,0.01,0.1
RL,3,1.2937104008440898,-0.1977609449675787,0.11122466623783112,11.848204618774131,0.5994212287903373,1,0.9724041508098891,-0.12688635238972742,2.0,3.0402326583862305,795,0.01,0.01,0.11122466623783112
RL,4,0.9724041508098891,-0.12688635238972742,0.11391584575176239,11.399600950864327,0.4486036679098042,1,0.712278277742309,-0.030350557557044668,1.9650137424468994,2.8556573390960693,800,0.028569355607032776,0.010625027120113373,0.11391584575176239
RL,5,0.712278277742309,-0.030350557557044668,0.153197780251503,10.675144499559002,0.7244564513053255,1,1.655558228683065,0.4391477834472356,2.0,3.14,772,0.030882015824317932,0.01,0.153197780251503
RL,6,1.655558228683065,0.4391477834472356,0.10281406342983246,9.836373981172525,0.8387705183864771,1,0.728648407557524,0.42942888479938157,2.0,2.954244375228882,777,0.07359011471271515,0.014992304146289825,0.10281406342983246
RL,7,0.728648407557524,0.42942888479938157,0.04406121373176575,9.376618855225269,0.45975512594725565,1,1.676953094785178,0.0033305218062758503,2.0,3.1088109016418457,800,0.012184053659439087,0.01821894943714142,0.1
RL,8,1.676953094785178,0.0033305218062758503,0.12418913841247559,8.462547427512995,0.9140714277122743,1,1.7042033580828793,0.0003165600082376298,2.0,3.14,789,0.01,0.020291045308113098,0.12418913841247559
RL,9,1.7042033580828793,0.0003165600082376298,0.24058681726455688,7.5907680504407775,0.8717793770722171,1,1.7347249773708946,-0.0012788152079329551,1.8002288341522217,2.8014469146728516,756,0.01,0.010193228721618652,0.24058681726455688
RL,10,1.7347249773708946,-0.0012788152079329551,0.002474159002304077,6.610993673326638,0.9797743771141398,1,1.8281989458692172,0.02640043992719555,1.860478162765503,3.14,771,0.01,0.01,0.1
RL,11,1.8281989458692172,0.02640043992719555,0.07134321331977844,5.5968058676489765,1.0141878056776612,1,1.9711117945239953,0.044152437436021916,2.0,2.935378074645996,800,0.01,0.021326538175344467,0.1
RL,12,1.9711117945239953,0.044152437436021916,0.10646837949752808,4.535739330756667,1.0610665368923096,1,2.000217128980913,0.13235443068464772,2.0,3.14,794,0.03126201033592224,0.02937554195523262,0.10646837949752808
RL,0,2.546450941166439e-07,0.005034742700623729,0.08054083585739136,14.201674432242669,0.798288823149953,1,1.8414476079438618,-0.11244104724279352,2.0,3.0998611450195312,800,0.01,0.01,0.1
RL,1,1.8414476079438618,-0.11244104724279352,0.13751769065856934,13.179483136374992,1.0221912958676764,1,1.6862593133494892,-0.11257890894305095,1.8773540258407593,3.14,792,0.040599122643470764,0.01,0.13751769065856934
RL,2,1.6862593133494892,-0.11257890894305095,0.06318554282188416,12.414633838774332,0.7648492976006604,1,1.2645467063127438,-0.1971554610748385,1.8917429447174072,2.8157854080200195,757,0.030966073274612427,0.0275411419570446,0.1
RL,3,1.2645467063127438,-0.1971554610748385,0.15124572813510895,11.845107957990502,0.5695258807838304,1,0.9506207617346704,-0.12106755345023996,2.0,2.9728469848632812,780,0.01,0.01,0.15124572813510895
RL,4,0.9506207617346704,-0.12106755345023996,0.07925233244895935,11.398969840311215,0.44613811767928624,1,0.9522613543695208,-0.0065472873465712905,1.686955213546753,3.14,773,0.023424312472343445,0.01,0.1
RL,5,0.9522613543695208,-0.0065472873465712905,0.06570973992347717,10.705751010740878,0.6932188295703376,1,1.6947254242898833,0.400612898597119,2.0,2.969332218170166,800,0.01,0.023266814649105072,0.1
RL,6,1.6947254242898833,0.400612898597119,0.07917627692222595,9.874806116039911,0.8309448947009663,1,1.6994168456426175,0.08865229727883438,1.9948210716247559,3.0774950981140137,669,0.01,0.014011025428771973,0.1
RL,7,1.6994168456426175,0.08865229727883438,0.06045815348625183,8.973597178669792,0.9012089373701198,1,1.7102343875447616,0.05469201482313657,2.0,3.14,800,0.01,0.01,0.1
RL,8,1.7102343875447616,0.05469201482313657,0.06784757971763611,8.09009772261588,0.8834994560539116,1,1.7078709065879065,0.028671419076236274,2.0,2.969952344894409,800,0.01,0.01,0.1
RL,9,1.7078709065879065,0.028671419076236274,0.107419952750206,7.207702350588843,0.8823953720270374,1,1.6815155959483423,0.03798737484789524,2.0,2.8097281455993652,800,0.03522747755050659,0.01,0.107419952750206
RL,10,1.6815155959483423,0.03798737484789524,0.1286030411720276,6.299428104068156,0.908274246520687,1,1.6942842625806227,0.0024176277750049963,1.9588111639022827,3.1319503784179688,751,0.015759959816932678,0.01,0.1286030411720276
RL,11,1.6942842625806227,0.0024176277750049963,0.09619635343551636,5.348919100545111,0.9505090035230443,1,1.8514569282748288,0.04187615364030041,1.8862287998199463,2.902747392654419,800,0.03142207860946655,0.01,0.1
RL,12,1.8548093181820946,0.033473250427627194,0.10811802744865417,4.294221131138228,1.0546979694068837,1,1.9201233163048728,0.14226639016838988,1.9168241024017334,3.14,787,0.018022730946540833,0.01,0.10811802744865417
HB,13,1.7030772851848106,0.029934193912737384,0.14191563427448273,13.690525496786496,0.940137933128879,1,1.8696958412134823,-0.2743866327371954,2.0,0.0,854,0.3858743857990243,0.17779987575340792,0.14191563
HB,14,1.8696958412134823,-0.2743866327371954,0.10503756999969482,12.736988453499299,0.9535370432871968,1,1.4015688580673407,-0.17216146587739586,1.965967689562764,0.03937245677306371,814,0.05878005144265828,0.09452916322871784,0.10503756999969482
HB,15,1.4015688580673407,-0.17216146587739586,0.10701657831668854,12.095684024996226,0.6413044285030729,1,1.0875153152317893,-0.06061059697490521,1.8222440078494715,0.19255459364842883,774,0.062282720057169165,0.08602955182687597,0.10563127249479293
HB,16,1.0875153152317893,-0.06061059697490521,0.12003673613071442,11.561635724425857,0.5340483005703689,1,0.7853670137580538,-0.03483832744197877,1.2370888175072556,0.42064141005067857,800,0.041050380871496615,0.011357699959510309,0.10995291158556936
HB,17,0.7853670137580538,-0.03483832744197877,0.12719938158988953,11.030556884996301,0.531078839429556,1,1.1308694646825794,0.36179369131926775,0.864028108299207,0.44210120116244317,809,0.06352429941962061,0.08777763688274987,0.1151268525868654
HB,18,1.1308694646825794,0.36179369131926775,0.12133269011974335,10.624738679468074,0.40581820552822734,1,0.8179728723010178,0.41830569134507206,0.6539922589157504,0.582281691893303,800,0.03352318042540162,0.016650815224802842,0.11698860384672877
HB,19,0.8179728723010178,0.41830569134507206,0.07329720258712769,10.28074911087064,0.3439895685974328,1,0.6120319821454513,0.2038680824159168,0.6696727903438491,0.7627843914671316,800,0.02533188223856186,0.014707327898279207,0.11189202269271013
HB,20,0.6120319821454513,0.2038680824159168,0.07373592257499695,9.952869706243971,0.3278794046266693,1,0.6335247317213246,0.01235809490557181,0.6127146731827176,0.8805391813384622,823,0.02825887693511324,0.021014215955861587,0.1083244158848971
HB,21,0.6335247317213246,0.01235809490557181,0.0787840485572815,9.634288489619623,0.3185812166243487,1,0.5793972480061605,-0.00612653037956961,0.6155418687278121,0.9846185277344592,800,0.04744754398685805,0.04655736969062857,0.10582709111942797
HB,22,0.5793972480061605,-0.00612653037956961,0.09233251214027405,9.319362796190196,0.31492569342942645,1,0.5818641237323198,-0.005190586366140702,0.8549409420425568,1.0564873199211935,800,0.03388008768203075,0.012675067963824204,0.10407896378359957
HB,23,0.5818641237323198,-0.005190586366140702,0.1460166573524475,8.90656655864936,0.41279623754083694,1,0.8227937513152984,-0.014060083942142091,0.9841747669431453,1.010423623418716,800,0.040881788280877046,0.026168855445118586,0.11666027185425396
HB,24,0.8227937513152984,-0.014060083942142091,0.10430280864238739,8.422829877792177,0.4837366808571826,1,0.9523168082107845,0.0012803101113595136,1.9431135307025746,0.9263698131087874,800,0.04255305453587629,0.02817127536426202,0.11295303289069397
HB,25,0.9523168082107845,0.0012803101113595136,0.12167729437351227,7.594375641293119,0.8284542364990575,1,1.680872768416999,0.005212003018008951,2.0,0.6484588691761511,775,0.33365569334907763,0.17613376240192932,0.11557031133553945
HB,26,1.680872768416999,0.005212003018008951,0.11244787275791168,6.712679224589125,0.8816964167039947,1,1.7317342008914705,0.004994614514706852,2.0,0.45392120842330574,805,0.23376663280492124,0.18826814814462262,0.11463357976225111
HB,27,1.7317342008914705,0.004994614514706852,0.07513898611068726,5.801939812343813,0.9107394122453121,1,1.6977084486879377,-0.005675600295517784,2.0,0.317744845896314,784,0.2648583454171115,0.11826184234598734,0.11024350583357577
HB,28,1.6977084486879377,-0.005675600295517784,0.15018005669116974,4.889179418171154,0.9127603941726585,1,1.7246777093915506,0.004546884651467319,2.0,0.2224213921274198,765,0.30480245880270035,0.1445223004088218,0.12222447109085396
RL,29,1.6118651382620446,0.010595328072782175,0.11036226153373718,13.448542898697987,0.9433064285881887,1,1.9152171639428512,-0.2462626554435705,2.0,3.14,800,0.030651390552520752,0.01,0.11036226153373718
RL,30,1.9152171639428512,-0.2462626554435705,0.0815378725528717,12.560158143150803,0.8883847555471842,1,1.4462299597599466,-0.038847120608199504,2.0,3.0558462142944336,789,0.01409180462360382,0.018598053604364395,0.1
RL,31,1.4462299597599466,-0.038847120608199504,0.1300632804632187,11.900953316482427,0.6592048266683754,1,1.1045354948940609,-0.1807101301244407,1.825756549835205,3.14,800,0.01,0.01,0.1300632804632187
RL,32,1.1045354948940609,-0.1807101301244407,0.08435896039009094,11.380202321227575,0.5207509952548524,1,0.806454361313583,-0.005024055582200773,2.0,2.936338424682617,785,0.017957687377929688,0.01,0.1
RL,33,0.806454361313583,-0.005024055582200773,0.13811172544956207,10.836983742408488,0.5432185788190864,1,1.381810775711064,0.3191260695226006,1.5920071601867676,3.0215463638305664,772,0.06230400502681732,0.01,0.13811172544956207
RL,34,1.381810775711064,0.3191260695226006,0.1479998677968979,10.000819765973178,0.8361639764353104,1,1.714544190366843,0.40140845617193355,2.0,2.991380214691162,780,0.01,0.01,0.1479998677968979
RL,35,1.714544190366843,0.40140845617193355,0.04053941369056702,9.135096477495521,0.8657232884776569,1,1.7044752492863409,0.09144720126339707,2.0,3.14,790,0.01,0.011460058391094208,0.1
RL,36,1.7044752492863409,0.09144720126339707,0.08701398968696594,8.232299374974188,0.9027971025213333,1,1.7004022522260513,0.09096757080723343,1.9809160232543945,3.0910792350769043,800,0.03566551208496094,0.01631815731525421,0.1
RL,37,1.7004022522260513,0.09096757080723343,0.14388909935951233,7.4247381240801795,0.8075612508940084,1,1.6199788118575202,0.08153805399934552,1.6902992725372314,2.997687339782715,800,0.04920218884944916,0.013770155608654022,0.14388909935951233
RL,38,1.6199788118575202,0.08153805399934552,0.0965738296508789,6.387660777042753,1.0370773470374264,1,1.9711062938151407,0.06823617351404777,2.0,3.14,795,0.01,0.01,0.1
RL,39,1.9711062938151407,0.06823617351404777,0.12528972327709198,5.330283840136213,1.0573769369065404,1,1.9631266728071783,0.0704226552211222,2.0,3.0623016357421875,800,0.04604436457157135,0.01,0.12528972327709198
RL,40,1.9631266728071783,0.0704226552211222,0.09466925263404846,4.432157351042176,0.8981264890940368,1,1.7106719354655135,0.05081979993138547,1.747109293937683,3.1039042472839355,800,0.025699317455291748,0.01,0.1
HB,41,1.829651695616614,0.01050473615900667,0.060621827840805054,13.591726963893025,0.9885319220650803,1,1.8603817908014988,-0.3448519461447775,2.0,0.10898648214243568,833,0.3951510529326568,0.14916924573806317,0.060621828
HB,42,1.8603817908014988,-0.3448519461447775,0.11753247678279877,12.756627168867256,0.8350997950257693,1,1.4458700570242988,-0.1576841409977734,1.9709302646296945,0.09794251468998542,739,0.061648028512934744,0.0867803095400457,0.15070827678833054
HB,43,1.4458700570242988,-0.1576841409977734,0.07245171070098877,12.098931118424316,0.6576960504429401,1,1.120781327432967,-0.07683725867691539,1.8699224495973032,0.22024722930980298,812,0.13674746522197484,0.07110724973133908,0.13549579375183138
HB,44,1.120781327432967,-0.07683725867691539,0.10190680623054504,11.604899777717204,0.49403134070711197,1,0.8531320156073973,-0.04692812334071857,1.3613220360927683,0.41292025427390316,800,0.033032347772334145,0.027548895214959943,0.12541909749544547
HB,45,0.8531320156073973,-0.04692812334071857,0.12609484791755676,11.019652149549243,0.585247628167961,1,1.3166197618176254,0.33771123552090443,0.7016980635571757,0.36239627326468205,846,0.12061730767514994,0.086990586596989,0.12562182262207885
HB,46,1.3166197618176254,0.33771123552090443,0.10134400427341461,10.712797858222315,0.3068542913269283,1,0.258567769610709,0.5825064271508328,0.5822573820900219,0.7502502834409939,800,0.012010803827701668,0.0457068283972035,0.12430352442572416
HB,47,0.258567769610709,0.5825064271508328,0.08183169364929199,10.442000186842257,0.2707976713800573,1,0.545626024223094,0.25984627762493,0.6391145787595216,0.906924788719458,820,0.04202860605087536,0.04344519890284681,0.1170124670980069
HB,48,0.545626024223094,0.25984627762493,0.07389777898788452,10.131195556641375,0.31080463020088267,1,0.6005295353344141,0.16731499050056597,0.6607010161129873,0.9946355379698549,800,0.014735032152764775,0.03667238389686757,0.11190872696860482
HB,49,0.6005295353344141,0.16731499050056597,0.026707381010055542,9.794165898289076,0.33702965835229826,1,0.6239080857695458,-0.02036477164128518,0.653089350513633,1.04668164227108,800,0.029395606032994327,0.032006188732482344,0.10833610887802336
HB,50,0.6239080857695458,-0.02036477164128518,0.10875163972377777,9.458393855826902,0.3357720424621746,1,0.6179000558862495,-0.0024069725140575954,0.9374658615710488,1.0855171272352562,807,0.041829365136230506,0.03687766242269504,0.10846076813174968
HB,51,0.6179000558862495,-0.0024069725140575954,0.10139921307563782,8.969529591743404,0.4888642640834977,1,0.9052406161621575,0.00013575736876839453,1.1894171621149352,0.9977657425998163,829,0.044020108237595376,0.039292339142391323,0.10634230161491612
HB,52,0.9052406161621575,0.00013575736876839453,0.10761602222919464,8.38868260284202,0.580846988901385,1,1.1564528758567527,0.00542922068618333,2.0,0.8358548694771702,823,0.07669514764157631,0.06924353020827581,0.10672441779919967
HB,53,1.1564528758567527,0.00542922068618333,0.14082081615924835,7.42388078949398,0.9648018133480392,1,1.98406506420197,0.0017283158764760734,2.0,0.5850984086340192,773,0.26645191039852517,0.12398612073291237,0.11695333730721427
HB,54,1.98406506420197,0.0017283158764760734,0.1001688688993454,6.324934430234745,1.0989463592592346,1,1.9740410005290216,-0.00315755435426129,2.0,0.4095688860438134,803,0.3612914087694902,0.18017370544968805,0.1119179967848536
HB,55,1.9740410005290216,-0.00315755435426129,0.1258605718612671,5.303411977430927,1.0215224528038185,1,1.9767433876507425,-0.005214051575852587,2.0,0.2866982202306694,763,0.22763207234001803,0.17520896173521655,0.11610076930777764
HB,56,1.9767433876507425,-0.005214051575852587,0.09468993544578552,4.2324986156447,1.0709133617862268,1,2.006629527389576,0.13820168613877662,2.0,0.20068875416146856,805,0.24008290756271852,0.13327901819023058,0.25
RL,57,2.0002980327468456,0.001821291773445595,0.1375708431005478,13.52555473789277,0.9874601432350723,1,1.9293081809603099,-0.32732481232002664,2.0,2.980109214782715,800,0.01,0.020057514309883118,0.1375708431005478
RL,58,1.9293081809603099,-0.32732481232002664,0.14023686945438385,12.590712697868518,0.9348420400242521,1,1.482266946659582,-0.2304601438539321,2.0,3.14,775,0.01,0.01,0.14023686945438385
RL,59,1.482266946659582,-0.2304601438539321,0.10242827236652374,11.918383775512279,0.6723289223562396,1,1.109024591817897,-0.07345745286736051,1.9494225978851318,3.14,800,0.01,0.010288678109645844,0.10242827236652374
RL,60,1.109024591817897,-0.07345745286736051,0.08461648225784302,11.421919745082871,0.4964640304294079,1,0.8428953751066081,-0.07685785258725612,2.0,3.14,764,0.020076602697372437,0.01,0.1
RL,61,0.8428953751066081,-0.07685785258725612,0.12074455618858337,10.8791527647717,0.5427669803111712,1,1.6310656368960827,0.052589497381106014,2.0,3.0085384845733643,799,0.01,0.01,0.12074455618858337
RL,62,1.6310656368960827,0.052589497381106014,0.05617371201515198,10.090636062404304,0.7885167023673958,1,1.5926270406330603,0.42125264475223545,1.7572312355041504,3.14,800,0.030434146523475647,0.0312836654484272,0.1
RL,63,1.5926270406330603,0.42125264475223545,0.10532058775424957,9.245939678250812,0.844696384153492,1,1.7044029777605185,0.16717961705369766,2.0,3.0500683784484863,800,0.01622670888900757,0.01,0.10532058775424957
RL,64,1.7044029777605185,0.16717961705369766,0.07631188631057739,8.324975860022363,0.920963818228449,1,1.7286198719348458,0.08048524658364667,2.0,2.9688267707824707,797,0.0269717276096344,0.011820569634437561,0.1
RL,65,1.7286198719348458,0.08048524658364667,0.09456875920295715,7.415308317334033,0.9096675426883296,1,1.7455557084116267,0.02808039610419113,1.778501033782959,3.14,800,0.012719929218292236,0.01,0.1
RL,66,1.7455557084116267,0.02808039610419113,0.09739470481872559,6.364483315375061,1.0508250019589722,1,1.966737995373295,0.02426761265012293,2.0,2.8793821334838867,800,0.01,0.010460622608661652,0.1
RL,67,1.966737995373295,0.02426761265012293,0.09561365842819214,5.446992505805316,0.9174908095697454,1,1.7482425880875108,0.044102818923917854,1.7825120687484741,2.9212827682495117,780,0.048286810517311096,0.01871822401881218,0.1
RL,68,1.7482425880875108,0.044102818923917854,0.03260242938995361,4.513946714075765,0.9330457917295503,1,1.80652693228017,0.022585838845029103,1.8388941287994385,3.14,800,0.01,0.01,0.1
RL,0,-2.561537757471073e-07,0.005497919584674477,0.13812337815761566,14.200894177310932,0.7991301101072121,1,1.7722914165155073,-0.0157204687000272,1.946751356124878,3.14,796,0.01,0.01225435733795166,0.13812337815761566
RL,1,1.7722914165155073,-0.0157204687000272,0.14395326375961304,13.221380203408474,0.9795139739024581,1,1.6881548805318352,-0.1586168436994087,1.9508311748504639,3.1005072593688965,736,0.037677645683288574,0.02114947885274887,0.14395326375961304
RL,2,1.6881548805318352,-0.1586168436994087,0.08668208122253418,12.419331456522082,0.8020487468863919,1,1.2858818684162754,-0.16287759247276049,2.0,2.903578281402588,800,0.041524872183799744,0.02094629406929016,0.1
RL,3,1.2858818684162754,-0.16287759247276049,0.14609454572200775,11.870693549880817,0.5486379066412645,1,0.9554452988692265,-0.14186664050649825,2.0,3.037365198135376,763,0.01,0.012234501540660858,0.14609454572200775
RL,4,0.9554452988692265,-0.14186664050649825,0.1378394216299057,11.432096350851701,0.4385971990291164,1,0.7277201492197779,0.01991382600892141,2.0,2.7376351356506348,800,0.01331666111946106,0.021761015057563782,0.1378394216299057
RL,5,0.7277201492197779,0.01991382600892141,0.08970829844474792,10.751892372206441,0.6802039786452596,1,1.6852468782742918,0.16345654784496866,2.0,2.9516592025756836,800,0.01,0.01,0.1
RL,6,1.6852468782742918,0.16345654784496866,0.13998940587043762,9.988260465958527,0.7636319062479142,1,1.429466006407452,0.6375840596946009,1.6303437948226929,3.14,800,0.01,0.01,0.13998940587043762
RL,7,1.429466006407452,0.6375840596946009,0.11028482019901276,9.615569440333944,0.372691025624583,1,1.6290478715473895,0.006279382227796299,2.0,3.14,800,0.01,0.014082282781600952,0.11028482019901276
RL,8,1.6290478715473895,0.006279382227796299,0.11124424636363983,8.69629788830782,0.9192715520261245,1,1.720480856819069,0.05547906577353602,2.0,3.055100917816162,795,0.01,0.01,0.11124424636363983
RL,9,1.720480856819069,0.05547906577353602,0.128043070435524,7.697260956465082,0.9990369318427375,1,1.9662563996910893,0.016178309306935947,2.0,3.14,786,0.03168480098247528,0.01,0.128043070435524
RL,10,1.968459143856413,0.04064354396582958,0.1111564040184021,6.638956001593625,1.0583049548714571,1,1.9664604480604482,0.004429035137646151,2.0,3.14,737,0.06183601915836334,0.01,0.1111564040184021
RL,11,1.9664604480604482,0.004429035137646151,0.11535310745239258,5.57998956777641,1.058966433817215,1,1.969404943356066,0.0488141376717972,2.0,3.129863977432251,800,0.01,0.01,0.11535310745239258
RL,12,1.969404943356066,0.0488141376717972,0.11353789269924164,4.51322277577539,1.0667667920010198,1,1.9230946788771626,0.025600634054132345,1.9348618984222412,3.14,773,0.01,0.01,0.11353789269924164
HB,13,1.7444693291723776,-0.00012509070162279058,0.03107452392578125,13.648752742692642,0.9118583012806116,1,1.9212979083365143,-0.31972764845124974,2.0,0.0,811,0.2006635612138467,0.12968823980403943,0.031074524
HB,14,1.9212979083365143,-0.31972764845124974,0.1001969575881958,12.70763816426621,0.941114578426431,1,1.4222199377485514,-0.2140419720650975,1.966389114935644,0.031112024900579446,837,0.12693635399130426,0.09219365512049245,0.11070978208996103
HB,15,1.4222199377485514,-0.2140419720650975,0.13580496609210968,12.07984817504447,0.6277899892217409,1,1.118345437517979,-0.07793973143468942,1.859163930821457,0.174440242423214,822,0.05749656704415308,0.07089514395598062,0.11823833729060562
HB,16,1.118345437517979,-0.07793973143468942,0.13190264999866486,11.588430413997306,0.4914177610471633,1,0.849046649295187,-0.050384274351569426,1.3485266529818247,0.382489509978175,880,0.01636391366114657,0.02862904290477547,0.1223376311030234
HB,17,0.849046649295187,-0.050384274351569426,0.09374603629112244,10.978942406463679,0.6094880075336278,1,1.3136621655903795,0.4184659242002251,0.7339308941899643,0.3422777907485707,806,0.087712715294334,0.07700793721448157,0.11563634177211637
HB,18,1.3136621655903795,0.4184659242002251,0.11124938726425171,10.723597135454135,0.25534527100954385,1,0.11760488393471165,-0.24956344421065546,0.6383337044192977,0.7925524999501148,800,0.044776769525233025,0.010167538336416504,0.11432025541975697
HB,19,0.11760488393471165,-0.24956344421065546,0.11330947279930115,10.465258626592002,0.25833850886213305,1,0.5992362523158097,0.44361554158119004,0.6265935674463604,0.9150922490387564,800,0.011542539184458635,0.026059476825499445,0.11401702063362022
HB,20,0.5992362523158097,0.44361554158119004,0.1149635761976242,10.145273860897554,0.3199847656944481,1,0.5870741538813604,0.14679158425940692,0.666479318759789,1.0057349127745854,800,0.027674899609638953,0.034646519953349296,0.11430098730282141
HB,21,0.5870741538813604,0.14679158425940692,0.15434177219867706,9.806284823489811,0.33898903740774244,1,0.631862879966303,0.0010818269520633584,0.639965106964716,1.0512692869556886,810,0.011824543909853321,0.03955296147365509,0.12631322277157808
HB,22,0.631862879966303,0.0010818269520633584,0.04959419369697571,9.466734715271812,0.339550108217999,1,0.6001397305242016,0.013147715637403487,0.6692230029325024,1.0958326086593013,800,0.03872604099384021,0.01122927395903635,0.11841925594010465
HB,23,0.6001397305242016,0.013147715637403487,0.11890390515327454,9.138833093286044,0.32790162198576844,1,0.6343782281670551,0.007691964195968638,0.9373478117886538,1.1133315347946888,800,0.02967884689652231,0.0138286897296666,0.11856465070405561
HB,24,0.6343782281670551,0.007691964195968638,0.13425299525260925,8.672755518803676,0.46607757448236775,1,0.8988638320323511,0.01678712345431042,1.204906406062845,1.0197865415433416,800,0.041353842998361645,0.04184388916746724,0.1232711540686217
HB,25,0.8988638320323511,0.01678712345431042,0.12492917478084564,8.070605685510582,0.6021498332930939,1,1.1654843650616102,0.02204149064696997,2.0,0.8476568330556951,785,0.08155973091153292,0.056336553820209946,0.12376856028228887
HB,26,1.1654843650616102,0.02204149064696997,0.032510727643966675,7.108818813082427,0.9617868724281555,1,1.9769562841908122,0.029027191179312,2.0,0.5933597831389865,831,0.23557812700169944,0.11375069186413807,0.11663799219760221
HB,27,1.9769562841908122,0.029027191179312,0.13176295161247253,6.009851790567443,1.0989670225149837,1,1.9730629208462807,0.009061041041349556,2.0,0.41535184819729054,823,0.2568578394332296,0.14403250697956504,0.1211754800220633
HB,28,1.9730629208462807,0.009061041041349556,0.16953206062316895,4.989017395610875,1.0208343949565677,1,1.969820573242972,0.005816163210584544,2.0,0.29074629373810335,780,0.29142458953877737,0.12589870289741661,0.13568245420239497
RL,29,1.9993673004163532,0.11512674364226258,0.18401311337947845,13.736778062436613,0.8623689305963644,1,1.593140918092928,-0.10150940624907884,1.732388973236084,3.14,777,0.01,0.014983020722866058,0.18401311337947845
RL,30,1.593140918092928,-0.10150940624907884,0.03783878684043884,12.774992757211965,0.9617853052246481,1,1.55580457411791,-0.331285315428681,2.0,2.8027048110961914,778,0.03339734673500061,0.01,0.1
RL,31,1.55580457411791,-0.331285315428681,0.11759400367736816,12.072852056524484,0.7021407006874814,1,1.2124473652805183,-0.20678375184198214,1.8273873329162598,3.129031181335449,800,0.01,0.01,0.11759400367736816
RL,32,1.2124473652805183,-0.20678375184198214,0.10845090448856354,11.524265726846556,0.5485863296779279,1,0.9034335698876739,-0.22872344211842502,1.9730747938156128,3.14,800,0.01,0.013955242931842804,0.10845090448856354
RL,33,0.9034335698876739,-0.22872344211842502,0.08994123339653015,11.035781883947836,0.48848384289872016,1,1.558923121158565,0.016295883286084282,1.777522087097168,3.0721988677978516,800,0.01,0.03234825283288956,0.1
RL,34,1.558923121158565,0.016295883286084282,0.0783022940158844,10.186058726948403,0.849723156999433,1,1.5905787871720871,0.5265951850121152,2.0,3.0513205528259277,772,0.01,0.01,0.1
RL,35,1.5905787871720871,0.5265951850121152,0.034609973430633545,9.845410106513155,0.3406486204352479,1,-0.020266003169208468,-1.3873083181203247,1.9493334293365479,3.0862197875976562,800,0.044704169034957886,0.024496298283338547,0.1
RL,36,-0.020266003169208468,-1.3873083181203247,0.1381468027830124,9.248181331222481,0.5972287752906738,1,1.7025104298765084,0.05580376402087428,2.0,3.0123019218444824,791,0.01,0.01,0.1381468027830124
RL,37,1.7025104298765084,0.05580376402087428,0.12214528024196625,8.355261444147265,0.892919887075216,1,1.6578601014673553,0.10240754822159095,1.938385009765625,3.14,800,0.01,0.01,0.12214528024196625
RL,38,1.6578601014673553,0.10240754822159095,0.050640374422073364,7.448013229555591,0.9072482145916743,1,1.7110873999258895,0.0640524922307898,1.9605519771575928,3.14,800,0.01,0.017544157803058624,0.1
RL,39,1.7110873999258895,0.0640524922307898,0.11395740509033203,6.550871748921807,0.8971414806337838,1,1.7891437049516716,0.06199731967864768,1.8197240829467773,2.6713414192199707,753,0.03205876052379608,0.01,0.11395740509033203
RL,40,1.7891437049516716,0.06199731967864768,0.02580106258392334,5.58299924250129,0.9678725064205169,1,1.724197920859509,0.04469146184122508,1.7606481313705444,2.8933348655700684,800,0.01,0.01,0.1
RL,41,1.724197920859509,0.04469146184122508,0.07921367883682251,4.5714669704147015,1.0115322720865887,1,1.964155698911335,0.0406728839933148,2.0,2.921133518218994,797,0.01,0.012774452567100525,0.1
HB,42,1.9999566205192074,0.028332823733634358,0.1575799286365509,13.612834231635011,0.9419717721525789,1,1.8999401187621703,-0.3301264923133243,2.0,0.14246568393167064,811,0.3768790798245049,0.19385356931024555,0.15757993
HB,43,1.8999401187621703,-0.3301264923133243,0.13340242207050323,12.754217844800813,0.858616386834198,1,1.455112741035014,-0.22608205752034294,2.0,0.11768088233816384,783,0.12242338786601922,0.06267025664224257,0.14910252171863286
HB,44,1.455112741035014,-0.22608205752034294,0.09764614701271057,12.09914547243377,0.6550723723670426,1,1.1643117706620763,-0.0875870943702714,1.8896848618966302,0.21665190937188422,769,0.13472681718352125,0.059214248124691206,0.134371765203043
HB,45,1.1643117706620763,-0.0875870943702714,0.1446162611246109,11.565723422153896,0.5334220502798743,1,0.872216001378589,-0.0481586483653555,1.423394329739073,0.40276993600888333,827,0.019583145958145014,0.01796619586346857,0.13744511397951337
HB,46,0.872216001378589,-0.0481586483653555,0.07820230722427368,10.881840835482166,0.6838825866717304,1,1.3866168885133758,0.38404236049826995,0.7761700691909782,0.327292199800868,804,0.12338147031984256,0.07084041285310189,0.12621157978565933
HB,47,1.3866168885133758,0.38404236049826995,0.05600392818450928,10.695707449622487,0.1861333858596783,1,0.03773602639577012,-0.20443222616596549,0.623672377632001,0.8140101293022994,800,0.015505068528641992,0.017930426645366995,0.11834810584996153
HB,48,0.03773602639577012,-0.20443222616596549,0.15968210995197296,10.446489008593252,0.2492184410292353,1,0.5768379695931645,0.4027232226287492,0.6161786705455012,0.9390719026743439,800,0.02097504097630063,0.04206683421341094,0.13074830708056495
HB,49,0.5768379695931645,0.4027232226287492,0.10270035266876221,10.135746391900772,0.3107426166924796,1,0.5668223336747814,0.10887104340729047,0.6528990666987505,1.0306213984021282,800,0.02095406058480432,0.022324795794468527,0.12233392075702412
HB,50,0.5668223336747814,0.10887104340729047,0.11250488460063934,9.807086572258159,0.32865981964261337,1,0.6144914863599633,0.0191030470970666,0.640129258032333,1.0756383843375044,800,0.030529627971646434,0.015041896892596475,0.11938520991010869
HB,51,0.6144914863599633,0.0191030470970666,0.047742366790771484,9.490151246018119,0.3169353262400403,1,0.6091160114207592,0.02887804507424025,0.6515420580667497,1.1093004644679494,820,0.013184408750861479,0.014705476810139052,0.11356964693707608
HB,52,0.6091160114207592,0.02887804507424025,0.13389627635478973,9.157811525449471,0.3323397205686476,1,0.6176717110728309,0.039144769847280124,0.9247372904714192,1.1294416406984322,801,0.03340644595522474,0.03709704130114423,0.11966763576239017
HB,53,0.6176717110728309,0.039144769847280124,0.07555285096168518,8.714610818317071,0.4432007071323998,1,0.8922439932329991,0.01798046423791627,1.123888785948327,1.033711551195703,818,0.034047988982104156,0.01688258582779241,0.11376734503367311
HB,54,0.8922439932329991,0.01798046423791627,0.1152120977640152,8.149983104560127,0.5646277137569449,1,1.0892055877804343,0.0045202218511421555,2.0,0.8879158507248183,769,0.14966140886860363,0.09327151906387045,0.11420077085277572
HB,55,1.0892055877804343,0.0045202218511421555,0.09011965990066528,7.279938534532611,0.8700445700275159,1,1.7001677298392566,0.018621404435649948,2.0,0.6215410955073728,827,0.23932138919159401,0.13139843292226222,0.109940539596943
HB,56,1.7001677298392566,0.018621404435649948,0.08051192760467529,6.399093467131194,0.8808450674014168,1,1.7118304911419815,0.014532773816024119,2.0,0.43507876685516095,789,0.28271445266936357,0.10475883720549482,0.1069583777178601
HB,57,1.7118304911419815,0.014532773816024119,0.11290760338306427,5.487456042634719,0.9116374244964751,1,1.646942595253304,0.011398218636540532,2.0,0.3045551367986126,808,0.39329118096131277,0.15137054515866177,0.10874314541742135
HB,58,1.646942595253304,0.011398218636540532,0.1387520283460617,4.564208976714095,0.9232470659206236,1,1.8830200825083256,0.017711668760778728,2.0,0.21318859575902882,789,0.2017289542836095,0.13882236636285855,0.25
RL,59,1.9999523330793176,0.14865705276197655,0.018083691596984863,13.635414962373453,0.9220819377108853,1,1.819935181109951,-0.06167519124603479,1.8841965198516846,3.0337085723876953,800,0.01,0.012481868267059326,0.1
RL,60,1.819935181109951,-0.06167519124603479,0.17641393840312958,12.717473491014054,0.9179414713593985,1,1.529733834385288,-0.10448492905696931,2.0,3.0183897018432617,800,0.05381764471530914,0.01,0.17641393840312958
RL,61,1.529733834385288,-0.10448492905696931,0.13001097738742828,12.019982270607718,0.6974912204063362,1,1.1533009126900973,-0.018621451009031214,2.0,2.8772389888763428,800,0.01,0.014332078397274017,0.13001097738742828
RL,62,1.1533009126900973,-0.018621451009031214,0.07663542032241821,11.507205519847874,0.5127767507598442,1,0.8688523194942658,-0.06356792982981134,1.9493796825408936,3.0903124809265137,800,0.01,0.019594717770814896,0.1
RL,63,0.8688523194942658,-0.06356792982981134,0.06459391117095947,10.908608599079033,0.5985969207688413,1,1.5592976513394827,0.4009607500229136,1.7552502155303955,3.1285228729248047,800,0.057821497321128845,0.023043043911457062,0.1
RL,64,1.5592976513394827,0.4009607500229136,0.18139919638633728,10.073624909251922,0.8349836898271104,1,1.681051346159873,0.25331419318728415,2.0,2.9802112579345703,783,0.01,0.0107048898935318,0.18139919638633728
RL,65,1.681051346159873,0.25331419318728415,0.11728593707084656,9.161775633004147,0.911849276247775,1,1.7320974370773785,0.0950671678881259,2.0,3.031454086303711,763,0.01,0.012119390070438385,0.11728593707084656
RL,66,1.7320974370773785,0.0950671678881259,0.10679171979427338,8.247555714291746,0.9142199187124014,1,1.70872796493059,0.06912806542996633,2.0,2.7047319412231445,800,0.03477071225643158,0.021592557430267334,0.10679171979427338
RL,67,1.70872796493059,0.06912806542996633,0.18194891512393951,7.403945681550125,0.8436100327416209,1,1.627993945394496,0.007555762120605887,1.6998050212860107,3.14,781,0.01,0.01482422649860382,0.18194891512393951
RL,68,1.627993945394496,0.007555762120605887,0.11060439050197601,6.519111779377276,0.8848339021728489,1,1.7109640995208704,0.0575188368332174,1.7516372203826904,3.14,800,0.01,0.01,0.11060439050197601
RL,69,1.7109640995208704,0.0575188368332174,0.0796399712562561,5.543264957447789,0.9758468219294869,1,1.8163823599579203,0.06546124495988798,1.8537206649780273,3.14,800,0.01,0.020999833941459656,0.1
RL,70,1.8163823599579203,0.06546124495988798,0.1296219676733017,4.492242001471265,1.0510229559765243,1,1.96186212927954,0.06168296133296636,2.0,2.9583539962768555,767,0.01102253794670105,0.01,0.1296219676733017
RL,0,1.3261369099953394e-07,-0.00404114858115307,0.1372172236442566,14.237099665557732,0.7629079659504061,1,1.7275462495729315,-0.07021691076305792,1.8131680488586426,3.14,800,0.01,0.015879303216934204,0.1372172236442566
RL,1,1.7275462495729315,-0.07021691076305792,0.12635740637779236,13.13262953463043,1.104470130927302,1,1.6415960413200532,-0.3338133337203354,2.0,3.0134754180908203,800,0.03886176645755768,0.013616904616355896,0.12635740637779236
RL,2,1.6415960413200532,-0.3338133337203354,0.09546267986297607,12.349456657923875,0.7831728767065549,1,1.2249066117542111,-0.15753841090788379,2.0,3.14,766,0.01,0.01,0.1
RL,3,1.2249066117542111,-0.15753841090788379,0.03042125701904297,11.825428157629707,0.5240285002941683,1,0.942754002359908,-0.1088644944425752,1.9754273891448975,3.14,799,0.019334495067596436,0.01,0.1
RL,4,0.942754002359908,-0.1088644944425752,0.11781376600265503,11.40818518842352,0.4172429692061872,1,0.9732820375622545,-0.11433623177119401,1.6947174072265625,2.6389057636260986,800,0.013971254229545593,0.01,0.11781376600265503
RL,5,0.9732820375622545,-0.11433623177119401,0.13437630236148834,10.653566053781413,0.7546191346421072,1,1.6214845640355324,0.47874310376779033,1.9182558059692383,3.14,799,0.01,0.01,0.13437630236148834
RL,6,1.6214845640355324,0.47874310376779033,0.05085638165473938,9.843789295467737,0.8097767583136761,1,0.18887297010065962,-0.0009716783550400474,1.9515976905822754,3.14,681,0.01,0.01092270016670227,0.1
RL,7,0.18887297010065962,-0.0009716783550400474,0.11282050609588623,9.114892183198696,0.7288971122690402,1,1.6983343839209004,0.15093736749026676,2.0,3.14,800,0.042394980788230896,0.01,0.11282050609588623
RL,8,1.6983343839209004,0.15093736749026676,0.07528045773506165,8.236247556324148,0.8786446268745483,1,1.6776079844336773,0.06078221913255517,1.9593026638031006,3.14,800,0.021673619747161865,0.01,0.1
RL,9,1.6776079844336773,0.06078221913255517,0.10259021818637848,7.214080012005378,1.02216754431877,1,1.9470567204960092,0.0403847662586145,1.976240634918213,3.14,800,0.01,0.01,0.10259021818637848
RL,10,1.9470567204960092,0.0403847662586145,0.09995704889297485,5.962348939714259,1.2517310722911192,1,1.962798421900662,0.04043793657683805,2.0,3.091681957244873,785,0.01,0.0263240784406662,0.1
RL,11,1.962798421900662,0.04043793657683805,0.12416276335716248,4.902708724270121,1.059640215444138,1,1.9672209485594754,0.03352001220969184,2.0,3.14,800,0.026037290692329407,0.022425472736358643,0.12416276335716248
HB,12,1.8296040011768284,0.0031922712875211367,0.09406372904777527,13.63827127010892,0.9906423726566516,1,1.8974785165832497,-0.2576246904489477,2.0,0.0,796,0.26058535415448153,0.10162542595378181,0.09406373
HB,13,1.8974785165832497,-0.2576246904489477,0.1635187268257141,12.746891998848074,0.8913792712608455,1,1.4528827722170647,-0.18715962870747627,2.0,0.01884689111317408,836,0.1239632152489671,0.06263091904444025,0.18951649240648302
HB,14,1.4528827722170647,-0.18715962870747627,0.1367376148700714,12.097692161642279,0.6491998372057957,1,1.1480874976773041,-0.10786725965655544,1.8733466142190578,0.15395782470830016,772,0.12640623616724161,0.09564816202825828,0.17368282914555955
