Method,img_label,linear_vel,angular_vel,pre_inflation_APPLR,goal_dist,delta_goal_dist,moved_toward_goal,max_vel_x,max_vel_theta,vx_samples,vtheta_samples,path_distance_bias,goal_distance_bias,final_inflation
RL,0,-1.8101041918033834e-08,0.007007022898029124,0.3,10.000003173661815,0.0,0,0.5,1.57,6,20,0.75,1.0,0.3
RL,1,0.50230701130835,0.2674594022127419,0.5877934694290161,9.709750387405858,0.29025278625595696,1,1.6293920278549194,2.674612522125244,5,23,-0.05510205030441284,2.062478542327881,0.5877934694290161
RL,2,1.4595122390122792,0.06268533749207555,0.4526618719100952,8.932381925461652,0.7773684619442065,1,1.6224994659423828,2.850435256958008,5,24,0.24149620532989502,1.3876842260360718,0.4526618719100952
RL,3,0.4069656309838735,0.011532836304942652,0.47209668159484863,8.480258355826349,0.45212356963530276,1,1.4215366840362549,2.8736157417297363,6,21,0.3517000377178192,2.015184164047241,0.47209668159484863
RL,4,0.9222361398358531,0.14826548298644607,0.6602657437324524,8.076675483419367,0.4035828724069823,1,1.9828839302062988,3.2585549354553223,5,19,0.08175569772720337,2.1042566299438477,0.6602657437324524
RL,5,0.6309932766818355,0.006760755790990999,0.5420181751251221,7.616883124431089,0.4597923589882775,1,1.8890795707702637,3.151421070098877,3,4,0.04206645488739014,1.9701346158981323,0.5420181751251221
RL,6,0.39698707176858716,0.3334128889395777,0.6123929023742676,7.3529442548627735,0.2639388695683156,1,2.2601096630096436,2.485651969909668,5,14,0.13947027921676636,1.976067066192627,0.6123929023742676
RL,7,0.39101060167239604,0.04216513911890617,0.5906288623809814,7.162366038995375,0.1905782158673981,1,2.0986740589141846,1.9882352352142334,4,16,-0.013165056705474854,2.2298192977905273,0.5906288623809814
RL,8,0.949295695224297,-0.7723368770065044,0.6231794953346252,6.751482749268528,0.41088328972684707,1,2.045508861541748,3.2865726947784424,4,32,0.02749401330947876,2.09297776222229,0.6231794953346252
RL,9,1.1609988955769848,0.003421030516075438,0.59780353307724,6.278538508274733,0.4729442409937956,1,2.197507381439209,3.1163673400878906,2,42,0.0858801007270813,1.8035807609558105,0.59780353307724
RL,10,-0.26162285564820464,0.006225404311468676,0.5706186890602112,6.324034105404481,-0.045495597129748155,-1,1.9741475582122803,1.2129764556884766,7,22,1.5227861404418945,1.5941858291625977,0.5706186890602112
RL,11,-0.0555418047598619,0.0068521623349851145,0.6570850610733032,6.418984124975537,-0.09495001957105575,-1,2.0343637466430664,2.0678811073303223,11,37,1.4045840501785278,2.070007085800171,0.6570850610733032
RL,12,0.8226334011586325,0.020641803275382852,0.5313671827316284,6.2904089049063545,0.1285752200691821,1,1.8768419027328491,0.7042696475982666,11,29,1.2762383222579956,2.1515321731567383,0.5313671827316284
RL,13,1.2748290782368592,-0.004146580573566722,0.5055879354476929,6.115849583998347,0.1745593209080072,1,1.9414854049682617,1.6337409019470215,11,33,1.738889455795288,1.8434442281723022,0.5055879354476929
RL,14,0.2782853838808451,0.13894488436074248,0.5462480783462524,5.87199553264521,0.24385405135313754,1,2.1278765201568604,3.360714912414551,12,29,1.617602825164795,2.1004137992858887,0.5462480783462524
RL,15,-0.0043558414423010535,-0.12975937314599034,0.6157842874526978,5.762461444124182,0.10953408852102786,1,2.015474319458008,2.242079734802246,11,19,1.39140784740448,1.8657017946243286,0.6157842874526978
RL,16,0.8762644410558988,-0.4257355316669167,0.7209527492523193,5.578307552175249,0.18415389194893272,1,2.0791993141174316,2.788499355316162,11,19,1.323817253112793,1.9102249145507812,0.7209527492523193
RL,17,0.6820642302285975,-0.7620373515328485,0.6558186411857605,5.143634940086612,0.4346726120886375,1,1.792196273803711,2.7739675045013428,12,20,1.5520399808883667,1.9215569496154785,0.6558186411857605
RL,18,0.5250964483509866,-0.21475910436752027,0.5665792226791382,4.8407670021381755,0.30286793794843625,1,1.868520975112915,2.252614736557007,11,19,1.474846601486206,2.1099164485931396,0.5665792226791382
RL,19,0.3635413815910158,-0.17981066301302,0.5913716554641724,4.661194103340524,0.1795728987976517,1,2.1838526725769043,3.093562126159668,6,35,0.7187589406967163,1.8375331163406372,0.5913716554641724
RL,20,-0.0056635813410118255,0.003977384286679184,0.6105760335922241,4.590990090668022,0.07020401267250165,1,1.9181567430496216,2.432288646697998,5,3,1.3270606994628906,2.109687566757202,0.6105760335922241
RL,21,0.136965840854351,0.003172276343745676,0.5680192708969116,4.629676824592288,-0.03868673392426558,-1,1.9230141639709473,3.035069465637207,5,38,1.4448515176773071,2.003469944000244,0.5680192708969116
RL,22,0.4539841928568762,0.0002643832703530975,0.6983184814453125,4.656451226052173,-0.02677440145988541,-1,1.7171757221221924,3.364933490753174,5,44,1.4678270816802979,2.016977310180664,0.6983184814453125
RL,23,1.238269658857671,0.823022245793265,0.6480092406272888,4.396968693945554,0.2594825321066194,1,1.9538367986679077,3.2148900032043457,5,39,1.566307783126831,1.9855921268463135,0.6480092406272888
RL,24,1.5614250511346424,0.17100954981413707,0.6917823553085327,3.8965726684988193,0.5003960254467343,1,1.6405446529388428,3.0861916542053223,2,36,-0.07746213674545288,2.045417308807373,0.6917823553085327
RL,25,1.6476929194667245,0.02763076917251904,0.5851069092750549,3.444378030847602,0.45219463765121715,1,1.9249686002731323,3.2083001136779785,5,25,0.013233661651611328,1.9114844799041748,0.5851069092750549
RL,26,1.3670231661199517,0.5515397369062186,0.6149207949638367,2.633386511776903,0.8109915190706993,1,1.800384521484375,3.203176498413086,4,34,-0.11589694023132324,1.7969763278961182,0.6149207949638367
RL,27,1.0189238814141461,0.2387022870907035,0.479378342628479,1.9692368879486446,0.6641496238282583,1,1.4085378646850586,2.028888702392578,8,20,1.072847843170166,0.7854920029640198,0.479378342628479
RL,28,0.7506753117849742,0.20059686417417072,0.48632001876831055,1.4608762914747335,0.5083605964739111,1,0.5583110451698303,2.1841042041778564,7,19,1.009272813796997,1.1015886068344116,0.48632001876831055
RL,29,0.5535361858867943,0.22834217161788342,0.3411029279232025,1.1165723770698384,0.34430391440489516,1,0.7693102359771729,2.516569137573242,9,20,1.0859051942825317,0.7090555429458618,0.3411029279232025
RL,30,0.41681126616475445,0.0390612782162291,0.4511090815067291,0.8219773331985365,0.29459504387130186,1,1.1291240453720093,2.558734655380249,9,23,0.9981660842895508,1.6738407611846924,0.4511090815067291
HB,31,0.7680361676968821,0.007153675246352964,0.3,9.863267136933409,0.0,0,2.0,0.9759517764041572,12,41,0.75,1.0,0.3
HB,32,0.9459654589464197,0.08164452499099403,0.5106845498085022,9.241259901868412,0.6220072350649968,1,2.0,0.9047800599043421,10,45,0.17269080877304077,1.841635823249817,0.5106845498085022
HB,33,1.1205985296713346,0.1517171509573323,0.6066652536392212,8.534099307450441,0.7071605944179709,1,1.9564128887841128,0.7851066300645057,10,50,0.3750365078449249,2.286224842071533,0.39999999999999997
HB,34,0.3565287836215832,0.46041722109518457,0.5832284688949585,8.15145960298276,0.3826397044676817,1,1.7245201640501857,1.0069631275965207,10,46,0.021238207817077637,2.089658260345459,0.39999999999999997
HB,35,0.28613761812121147,0.2259651178472571,0.4992212951183319,7.979066601162194,0.1723930018205655,1,1.5027649134158456,1.19041914206908,13,37,-0.00652843713760376,2.2628328800201416,0.39999999999999997
HB,36,0.19462611151418843,0.5296504343430718,0.5992110967636108,7.855111329091778,0.12395527207041646,1,0.8923646429869693,1.3554429548426805,17,29,0.24621331691741943,2.123204231262207,0.39999999999999997
HB,37,0.14668047369266612,-0.399875537361865,0.5831285119056702,7.776960273148984,0.07815105594279359,1,1.1689179548862194,1.49013787891281,14,39,0.12990832328796387,2.12601375579834,0.39999999999999997
HB,38,1.1797932999966783,-0.18941510857534402,0.5987437963485718,7.548702438204205,0.22825783494477925,1,1.4141667013948755,1.1711791952402955,17,33,0.18137693405151367,1.9618160724639893,0.39999999999999997
HB,39,1.424763169635181,-0.872260491021708,0.5697206854820251,6.90148864516909,0.6472137930351147,1,0.6425663752490908,0.8499201688141343,21,27,0.43626806139945984,2.1795876026153564,0.39999999999999997
HB,40,0.6412223675597666,-0.48528923208111063,0.6637374758720398,6.460667036947313,0.4408216082217775,1,0.8953227877159716,0.9384551711459873,7,50,0.31680989265441895,2.147289514541626,0.39999999999999997
HB,41,0.897593986043271,-0.4412684826481808,0.5699731707572937,5.923756645105164,0.5369103918421487,1,1.0184986624721568,0.8978810253848828,7,50,1.2667090892791748,1.8680496215820312,0.39999999999999997
HB,42,1.020905829419635,-0.07484991859865263,0.5866332054138184,5.283311060123906,0.6404455849812578,1,1.6563051565811748,0.8201543860015639,6,50,0.19851213693618774,1.9866893291473389,0.39999999999999997
HB,43,0.8783949624697457,-0.18418021145854152,0.6165741682052612,4.556925226801635,0.7263858333222712,1,0.7607818048153221,0.8227500852131964,7,50,-0.007317006587982178,1.6571574211120605,0.39999999999999997
HB,44,0.49035975657060626,-0.02299686116601142,0.5884339809417725,4.2377981820000175,0.31912704480161747,1,0.704197882762054,0.9797811570209949,8,50,0.14565294981002808,1.9402190446853638,0.39999999999999997
HB,45,-0.009491484686058076,-0.0799514885502067,0.5737801790237427,4.200486857928422,0.03731132407159521,1,0.6755912702169016,1.2820502160402731,14,37,0.14139145612716675,1.7906326055526733,0.32
HB,46,0.6621667799369251,0.2646668591031036,0.6004225611686707,4.162474036933492,0.038012820994929974,1,0.6610417140646746,1.2325684392534213,15,34,1.0930207967758179,1.8504036664962769,0.30000000000000004
HB,47,-0.25931711877028696,-0.0010516883327932624,0.5014482140541077,4.030434573563534,0.1320394633699582,1,0.6823009585662979,1.35907105996928,6,50,1.1743570566177368,2.033749580383301,0.30000000000000004
HB,48,0.6870812140814282,0.5161870499965244,0.5037148594856262,3.7881078939398045,0.24232667962372956,1,0.6147209137256874,1.2765172563459246,7,50,0.25098490715026855,2.202923536300659,0.30000000000000004
HB,49,0.6172782968322249,0.2508431087940728,0.5399303436279297,3.4225703287252958,0.36553756521450875,1,1.2874452634449485,1.2466507607092572,8,50,-0.24911397695541382,2.3490848541259766,0.30000000000000004
HB,50,1.296726685351986,0.1957935754570959,0.6502437591552734,2.7176666599368646,0.7049036687884311,1,2.0,0.9539648583556856,10,43,0.16419976949691772,1.9043962955474854,0.30000000000000004
HB,51,1.0370739602711925,0.06711865017948523,0.5128588676452637,1.9920537566270287,0.725612903309836,1,2.0,0.8529458167405028,14,28,0.6295533776283264,1.2421884536743164,0.30000000000000004
HB,52,0.7574340010686236,0.11463532666841493,0.4437844455242157,1.4551749692318499,0.5368787873951788,1,2.0,0.8940884712909025,16,33,1.124585509300232,0.8525825142860413,0.30000000000000004
HB,53,0.5565209065978725,0.08940544743185909,0.4441796541213989,1.0726986303515218,0.38247633888032806,1,2.0,1.0032535672644827,11,38,1.2578229904174805,1.1901496648788452,0.30000000000000004
HB,54,0.38308935074228173,0.05164133509389957,0.2646828889846802,0.7972591186831566,0.2754395116683652,1,2.0,1.1490417567882252,17,33,1.1958048343658447,1.3043067455291748,0.2911516169081135
RL,55,-0.0009742081968203258,0.19512134419519803,0.3,10.00124504549017,0.0,0,0.5,1.57,6,20,0.75,1.0,0.3
RL,56,0.5017601657595256,0.0436099893598894,0.536440372467041,9.855654046980712,0.14559099850945856,1,1.9287664890289307,2.8454551696777344,5,19,0.20572876930236816,1.8523223400115967,0.536440372467041
RL,57,1.4490188864646385,0.12712078498575863,0.5374773740768433,9.134473321432166,0.7211807255485461,1,1.6690593957901,2.962775945663452,4,29,0.3483409285545349,1.6891534328460693,0.5374773740768433
RL,58,0.40705568180157503,0.818842592607195,0.5953013896942139,8.488127745212013,0.6463455762201527,1,1.6198723316192627,2.7390198707580566,5,26,0.8208999633789062,1.675719976425171,0.5953013896942139
RL,59,0.3050044247778765,0.0027913925341656173,0.6310967206954956,8.295176248540557,0.19295149667145672,1,1.8058559894561768,3.136150360107422,4,13,0.39452725648880005,2.129000186920166,0.6310967206954956
RL,60,0.4750988213033829,0.3407672666986922,0.6221539974212646,7.9491639861012215,0.34601226243933514,1,2.2580509185791016,4.052324295043945,3,11,-0.09337717294692993,1.6049132347106934,0.6221539974212646
RL,61,0.8253474419418448,-0.0006344392694216799,0.6449988484382629,7.557142842588405,0.3920211435128165,1,2.3249025344848633,3.0902881622314453,4,9,-0.09254062175750732,2.1097593307495117,0.6449988484382629
RL,62,1.99727758975339,0.0843748881039285,0.6132639646530151,6.974983994063098,0.5821588485253066,1,1.6844308376312256,2.3891654014587402,4,14,0.3834822177886963,2.273709774017334,0.6132639646530151
RL,63,1.28117056142242,-0.4264944708882108,0.6322683691978455,6.086006570359895,0.8889774237032038,1,2.2519869804382324,3.452104091644287,2,45,0.03773772716522217,1.5777214765548706,0.6322683691978455
RL,64,0.9336425424920365,-0.48235669108509827,0.5705219507217407,5.339118583412949,0.7468879869469456,1,2.0427143573760986,3.0853490829467773,10,32,1.642284631729126,2.1323461532592773,0.5705219507217407
RL,65,0.7905132521194166,-0.14775524538704335,0.4813363552093506,4.801334542977776,0.5377840404351728,1,1.8750828504562378,2.527000904083252,10,17,1.284180998802185,2.3239011764526367,0.4813363552093506
RL,66,0.49144780965788853,-0.2911719247532284,0.6259416937828064,4.4454490992067,0.35588544377107656,1,1.9249703884124756,3.0058155059814453,4,32,0.10537946224212646,2.161830186843872,0.6259416937828064
RL,67,0.582114605019733,0.009394376919293693,0.5817552804946899,4.280423579506893,0.16502551969980672,1,2.3401145935058594,3.4962310791015625,3,39,0.04845762252807617,1.8870320320129395,0.5817552804946899
RL,68,-0.007502350004894614,-0.4523698870588095,0.5573549270629883,4.234405984496988,0.04601759500990532,1,2.310127019882202,2.9923830032348633,4,20,0.6360682845115662,1.6705632209777832,0.5573549270629883
RL,69,1.0613995644705427,0.004390576440603833,0.6074321269989014,3.985561410508804,0.24884457398818371,1,1.880696177482605,3.1765830516815186,4,42,0.8859238624572754,1.7597932815551758,0.6074321269989014
RL,70,1.7825223211294734,1.539807842778081,0.6610754728317261,3.470650785940754,0.5149106245680501,1,2.0809154510498047,2.9012255668640137,3,32,-0.1267746090888977,2.049440383911133,0.6610754728317261
RL,71,1.415759694862066,0.6340061955020493,0.593254566192627,2.7293167555396196,0.7413340304011342,1,1.9973673820495605,3.400341033935547,4,11,-0.12624287605285645,2.009941577911377,0.593254566192627
RL,72,1.049639720426689,0.3871800850766347,0.4220038652420044,2.0349473956618405,0.6943693598777791,1,1.488065242767334,2.3095922470092773,6,14,0.5571144223213196,1.3248142004013062,0.4220038652420044
RL,73,0.7888426776788576,0.30338251794249843,0.37223178148269653,1.5273296206759233,0.5076177749859172,1,1.2881077527999878,2.1875247955322266,7,25,1.0182803869247437,1.0837184190750122,0.37223178148269653
RL,74,0.5811068020855289,0.01096868630909724,0.4041886031627655,1.1302600993268106,0.39706952134911266,1,1.1004765033721924,2.3449997901916504,8,22,1.1613390445709229,1.257706880569458,0.4041886031627655
RL,75,0.4023275014427766,0.03920089377737906,0.42075198888778687,0.8303923891373901,0.2998677101894205,1,1.1055219173431396,2.168027400970459,7,21,0.9110907316207886,1.1423975229263306,0.42075198888778687
HB,76,1.0469939262815058,-0.0065577520399577385,0.3,9.87982203803899,0.0,0,2.0,0.9855316592391552,12,41,0.75,1.0,0.3
HB,77,0.9771040301474953,0.2760465445023043,0.5399187207221985,9.194404049898864,0.6854179881401254,1,2.0,0.8990305494084105,10,49,0.2522408366203308,1.925440788269043,0.5399187207221985
HB,78,1.1670093557344496,0.12550297237597624,0.576169490814209,8.477601259300467,0.7168027905983969,1,1.9581222884152805,0.7625176422921075,10,50,0.24017268419265747,1.4797046184539795,0.39999999999999997
HB,79,0.3419804604043552,0.08973841039814072,0.6041924953460693,7.997477602971798,0.4801236563286695,1,1.6844165164220763,0.9969701654427332,10,50,0.11781340837478638,1.911426067352295,0.39999999999999997
HB,80,0.23743525740762514,0.328646983593083,0.5521844625473022,7.834250972946484,0.16322663002531357,1,1.4659203323729217,1.202905012846863,15,36,0.10565263032913208,1.8434441089630127,0.39999999999999997
HB,81,0.19461811644753851,0.0940877975798739,0.6425939798355103,7.72587375451882,0.10837721842766435,1,1.295879067201786,1.3641862624137886,11,45,0.2968502640724182,1.9782885313034058,0.39999999999999997
HB,82,0.14559127362744698,0.15841320675818196,0.6022237539291382,7.648924514980175,0.07694923953864485,1,1.1570344206077983,1.496693874238673,15,36,0.2760508060455322,2.0521609783172607,0.39999999999999997
HB,83,1.1657959780910152,-0.44077327374717307,0.5948126316070557,7.227583809021498,0.4213407059586771,1,1.0966904134663549,1.181367320730665,12,42,0.10123467445373535,2.3001060485839844,0.39999999999999997
HB,84,1.0499559576278659,-0.0018680566149221719,0.5948536992073059,6.790642601349067,0.4369412076724313,1,0.7678737523986939,1.0069747414603192,15,29,0.2527102828025818,1.9399073123931885,0.39999999999999997
HB,85,0.769125192547696,-0.7107180640148892,0.6655022501945496,6.338889872946052,0.4517527284030143,1,0.6566399215340141,0.997232242003145,7,50,0.01843017339706421,2.157137155532837,0.39999999999999997
HB,86,0.6557156044007859,-0.3154170831663072,0.5022486448287964,5.9284724244481355,0.41041744849791684,1,1.1222962048238565,1.0357763276418872,6,50,1.1591055393218994,1.855696678161621,0.39999999999999997
HB,87,1.126576412626026,-0.016626846292749825,0.5322442650794983,5.27453268193596,0.6539397425121756,1,1.7620325284846496,0.8744128642989106,6,50,0.3757791519165039,2.2797625064849854,0.39999999999999997
HB,88,1.727483169766264,-0.08413510956272802,0.5796180963516235,4.350442645753001,0.9240900361829585,1,0.9160558846644091,0.6120890050092374,8,50,0.26670408248901367,2.1582565307617188,0.39999999999999997
HB,89,0.7768182395741186,0.04789570537964213,0.5742599964141846,3.7414604556591056,0.6089821900938959,1,0.7752477125868553,0.7177350076768187,6,50,0.28023022413253784,1.885977029800415,0.39999999999999997
HB,90,0.774051295915779,0.08552117068837316,0.5544501543045044,3.508987883356014,0.2324725723030916,1,0.9508074685909449,0.7927939870074614,7,50,0.32975640892982483,2.1529932022094727,0.39999999999999997
HB,91,0.9522898789080746,0.3109319901626677,0.5354709029197693,2.9787983359020154,0.5301895474539986,1,1.9171212503017996,0.774039839341993,9,44,0.1587587594985962,1.9037466049194336,0.39999999999999997
HB,92,1.15841661033941,0.2730281024301254,0.4896848201751709,2.2305507897791834,0.748247546122832,1,2.0,0.6784612434036311,13,43,-0.15054398775100708,1.9488918781280518,0.39999999999999997
HB,93,0.8437358667805603,0.18161517651651166,0.3760240375995636,1.6289148882617466,0.6016359015174368,1,2.0,0.7374285236703175,16,35,1.0436666011810303,1.068420648574829,0.39280721127986906
HB,94,0.6201805129123363,0.12580424268745016,0.381069540977478,1.2018924329641187,0.42702245529762783,1,2.0,0.8681277614042877,18,31,1.1101033687591553,1.26908278465271,0.3892859101891517
HB,95,0.42965990956244005,0.14930252065408497,0.4563843309879303,0.8886357715519277,0.313256661412191,1,2.0,1.0358254691580253,18,28,0.9676507115364075,1.1024284362792969,0.39250013713240617
RL,96,-0.0016592088992272932,-0.6397781181733949,0.3,9.99146366898878,0.0,0,0.5,1.57,6,20,0.75,1.0,0.3
RL,97,0.5017788624248379,0.5449945404246785,0.5524213314056396,9.77330237748525,0.21816129150353092,1,1.6615408658981323,3.299102783203125,4,18,0.19219541549682617,1.792428731918335,0.5524213314056396
RL,98,0.8156827339077269,-0.12583873128477155,0.6233677268028259,9.154265830659087,0.6190365468261625,1,1.7903900146484375,3.0208544731140137,4,19,0.11129122972488403,2.1898674964904785,0.6233677268028259
RL,99,0.6992060195261504,0.19945050922069768,0.6423823833465576,8.591822155722838,0.5624436749362491,1,1.9904534816741943,3.3756420612335205,3,21,0.11123448610305786,1.9566888809204102,0.6423823833465576
RL,100,0.6996887059854895,0.05554304333127034,0.5919580459594727,8.149734772738391,0.4420873829844467,1,2.6799468994140625,2.5197067260742188,3,14,0.08300340175628662,2.103740692138672,0.5919580459594727
RL,101,0.49720181426097865,0.39398590608730216,0.6856409311294556,7.7898111512233355,0.35992362151505564,1,1.978917121887207,2.4581949710845947,3,12,0.11175692081451416,1.986871361732483,0.6856409311294556
RL,102,0.3209016202207537,0.06327791069765694,0.5837864875793457,7.6176823805092,0.17212877071413502,1,2.248326301574707,3.1301631927490234,5,8,0.15657109022140503,2.001852035522461,0.5837864875793457
RL,103,0.31835204062698075,0.4787643353734424,0.6543053388595581,7.418398437354615,0.19928394315458586,1,2.0603740215301514,2.7250497341156006,4,10,0.13123732805252075,1.8767006397247314,0.6543053388595581
RL,104,0.14539334174802968,0.024120655844708336,0.5525297522544861,7.33006112643396,0.08833731092065467,1,1.8531931638717651,2.8223161697387695,4,3,-0.23216575384140015,1.8504782915115356,0.5525297522544861
RL,105,-0.0037486449127181777,0.42032658172969434,0.6137466430664062,7.318078145490886,0.01198298094307404,0,1.88197660446167,3.129108428955078,5,4,0.013123512268066406,2.4708356857299805,0.6137466430664062
RL,106,0.9270136364318927,0.0020548371564284,0.6601074934005737,7.221200589533141,0.09687755595774483,1,2.103325366973877,3.5634164810180664,4,24,0.27484971284866333,1.9157389402389526,0.6601074934005737
RL,107,-0.006689655598202115,-0.3640831248723966,0.6213518381118774,7.133458704272382,0.08774188526075921,1,2.404461145401001,3.1423606872558594,4,31,0.31608572602272034,2.169752597808838,0.6213518381118774
RL,108,0.1538952711605868,0.13874044940302172,0.563785195350647,7.18148566467685,-0.04802696040446808,-1,1.9887346029281616,2.8674416542053223,5,17,-0.01158052682876587,1.888442039489746,0.563785195350647
RL,109,1.0218147328897573,-1.7479921467558508,0.6617690324783325,6.779580055181266,0.40190560949558396,1,2.2161571979522705,3.346184730529785,3,34,0.3010786771774292,2.1462597846984863,0.6617690324783325
RL,110,1.1848588600462702,-0.2678203849587091,0.5979247093200684,6.082692097153029,0.6968879580282366,1,2.020057201385498,3.347261428833008,8,34,1.5978279113769531,1.7255427837371826,0.5979247093200684
RL,111,0.9261971549023315,-0.48066670207701484,0.664448082447052,5.432707848702542,0.6499842484504876,1,1.9459694623947144,3.161754846572876,12,36,1.356610655784607,2.235133409500122,0.664448082447052
RL,112,0.8634475186975057,-0.06312570391210545,0.5490668416023254,4.917044501586489,0.5156633471160523,1,2.01106595993042,3.2028908729553223,5,30,0.5748289227485657,2.0760908126831055,0.5490668416023254
RL,113,0.6281679155036305,0.005301690152047719,0.5857514142990112,4.277491917383266,0.6395525842032237,1,2.1993184089660645,2.9310383796691895,4,34,0.27950358390808105,1.8305320739746094,0.5857514142990112
RL,114,1.7669838445566683,0.720262260104344,0.5582592487335205,3.387151524636543,0.8903403927467228,1,2.2275359630584717,3.155000686645508,4,15,-0.04724949598312378,2.129840850830078,0.5582592487335205
RL,115,1.298939769233039,0.22187478650420597,0.49697422981262207,2.5077694824066827,0.8793820422298602,1,1.7525064945220947,2.7757415771484375,3,20,0.27821749448776245,2.054546594619751,0.49697422981262207
RL,116,0.956905197485567,0.03333742291980207,0.5532117486000061,1.8565250310239405,0.6512444513827422,1,1.8435943126678467,2.219653844833374,8,13,0.7528906464576721,1.1332951784133911,0.5532117486000061
RL,117,0.6999258448730107,0.19650342860906742,0.4325641393661499,1.3584103317315652,0.4981146992923753,1,0.9207077026367188,2.276012420654297,8,19,1.1281427145004272,1.2363181114196777,0.4325641393661499
RL,118,0.5146289433764456,0.17776690287743194,0.39059746265411377,1.0034966440690953,0.3549136876624699,1,0.7416397333145142,1.7440223693847656,8,24,0.9374810457229614,1.292255163192749,0.39059746265411377
RL,119,0.3403652056202538,0.10363647398775304,0.3853890299797058,0.7283561742945585,0.2751404697745369,1,1.0743309259414673,2.1085357666015625,8,24,1.083606481552124,0.9459527134895325,0.3853890299797058
HB,120,-0.0038371734814781075,0.2899643141499084,0.3,9.994536469546137,0.0,0,2.0,1.3235429590180263,13,44,0.75,1.0,0.3
HB,121,1.1979112933158544,0.11290598443582538,0.5762707591056824,9.679104382396964,0.3154320871491727,1,2.0,1.0473155539862766,10,50,0.1432502269744873,1.547674298286438,0.5762707591056824
HB,122,0.7368203548102449,0.08011247682692706,0.5258793830871582,9.096889778996468,0.5822146034004962,1,1.9728601629771048,1.0383927458662958,9,50,0.3777907192707062,1.998816967010498,0.31999999999999995
HB,123,0.5356522384212091,0.10526103630356787,0.5414556264877319,8.660870258668101,0.436019520328367,1,1.9640391874207785,1.1126140267379234,11,48,0.7225818037986755,1.9781445264816284,0.30000000000000004
HB,124,0.4731676666078157,0.10373984669731895,0.5895677804946899,8.341572477892468,0.3192977807756332,1,1.8716281590023442,1.18956275207342,8,50,-0.020728349685668945,2.3440752029418945,0.30000000000000004
HB,125,0.3460162655481593,-0.00278445840455779,0.5804488658905029,8.11392326260703,0.2276492152854388,1,1.7033477630584533,1.2942874202321302,11,43,-0.02398836612701416,1.824298620223999,0.30000000000000004
HB,126,0.27196496811668314,-0.03651835427431506,0.5514183044433594,7.945948803052441,0.16797445955458823,1,1.5018759794946814,1.3972152069158177,14,28,-0.02123570442199707,2.258000373840332,0.30000000000000004
HB,127,0.198976089131338,-0.2048755798946488,0.6481339335441589,7.821993986808413,0.12395481624402827,1,1.3321368819997934,1.498460209188537,12,40,0.05210822820663452,2.054617166519165,0.30000000000000004
HB,128,0.14743267529560544,-0.38621263734950384,0.6355979442596436,7.7284066488873835,0.09358733792102925,1,1.188780533754671,1.5899490763137336,17,32,-0.09121763706207275,2.0619921684265137,0.30000000000000004
HB,129,0.1486958774343094,-1.0462853384218818,0.5798516869544983,7.639579176985327,0.08882747190205631,1,1.0414080965748824,1.6534860024458897,15,32,0.3165724277496338,2.2420148849487305,0.30000000000000004
HB,130,-0.002034467043439743,-0.4185258637445531,0.6009644269943237,7.620523957733381,0.019055219251946198,0,1.0795363182705588,1.7566264148947468,12,39,0.04827672243118286,2.094358444213867,0.27481310402835
HB,131,-0.0013722816778777571,-0.3772112009508709,0.5807511210441589,7.563751786607007,0.056772171126374005,1,0.9562334119004903,1.8290895777551714,16,36,0.9802706837654114,1.9885865449905396,0.25000000000000006
HB,132,-0.0007939057012786041,0.0014306800721799434,0.5961927771568298,7.563514852938012,0.0002369336689946877,0,1.0129002352488468,1.8800451421481084,14,33,0.8813010454177856,1.9897549152374268,0.20000000000000007
HB,133,0.15113463324495263,0.28153000104908976,0.5819000005722046,7.542621031013182,0.02089382192483047,1,1.0364541732946548,1.8555777462056948,13,30,0.9061827063560486,1.931204080581665,0.20000000000000007
HB,134,0.010233611592654849,0.7396902792800644,0.6344324350357056,7.4643646708307045,0.07825636018247728,1,0.8249607111774673,1.8948109777069244,15,32,1.019672155380249,2.1569321155548096,0.20000000000000007
HB,135,-0.0010397445055372885,0.0015638054616360659,0.5256258249282837,7.46420302063909,0.00016165019161462624,0,1.002489604152273,1.9259517865926323,13,30,0.36515483260154724,1.791804552078247,0.19728985394541126
HB,136,0.22745854186577957,1.0144770168772033,0.5470795035362244,7.365012597757794,0.09919042288129631,1,0.8200785099064414,1.8571828338685308,12,38,0.20795679092407227,2.167360782623291,0.1981028977617879
HB,137,0.15156836769322474,0.34344360600759655,0.5622481107711792,7.270419931716615,0.09459266604117822,1,1.2243446929524149,1.8394006366306817,13,41,0.25072717666625977,2.071465015411377,0.19867202843325155
HB,138,0.036650677110853395,0.6216501476453816,0.6392931938171387,7.217833197668122,0.05258673404849379,1,0.728741590824254,1.8729201747971356,17,26,0.1452764868736267,2.033724546432495,0.15000000000000002
HB,139,0.7362462212169425,-0.9030607181491404,0.5237236022949219,7.063048602106897,0.1547845955612246,1,0.6494248290794378,1.6165456338712176,8,50,-0.14775437116622925,2.06306529045105,0.15000000000000002
HB,140,0.6538955079299247,-1.0697921349384452,0.6073753833770752,6.75636182474076,0.3066867773661368,1,0.6304869208840409,1.4700237405378824,11,48,0.09653425216674805,1.7422236204147339,0.17569450575260528
HB,141,0.6328326636187224,-0.281318141363404,0.6413501501083374,6.374605569533211,0.3817562552075495,1,0.8567354054540666,1.3758835529290288,7,50,0.393942654132843,1.9436920881271362,0.1859861540268237
HB,142,0.8602484522976688,-0.05360904289754474,0.5900169610977173,5.858578252213076,0.5160273173201348,1,1.0556704761838451,1.2190191061312525,6,50,0.2001834511756897,2.253232479095459,0.2021903078187766
HB,143,1.0601603226707497,-0.19134759159361406,0.5593456029891968,5.194747469666914,0.663830782546162,1,1.777097513510723,1.0292492452235769,7,50,0.3888625204563141,2.1586837768554688,0.2165332154731436
HB,144,0.6852487256679255,-0.0006463787387462477,0.6873900890350342,4.41558120881989,0.779166260847024,1,1.2909991669159329,1.0463749813893335,7,50,0.1119985580444336,2.0525031089782715,0.2355732508312005
HB,145,1.2950483309534422,0.1926600448036891,0.6279345154762268,3.6720505416274873,0.7435306671924025,1,0.8323808969637961,0.8144431545911565,6,50,0.04465043544769287,2.1237945556640625,0.25790127558184034
HB,146,0.8303651746092623,0.1051911553614161,0.6209076046943665,3.1557596663471736,0.5162908752803137,1,1.1817522449008897,0.8379641383701046,8,50,1.067188024520874,1.8395997285842896,0.2825308929072882
HB,147,1.1841069216725695,0.12229047993379234,0.5588064193725586,2.4754996040886614,0.6802600622585122,1,2.0,0.7129321281900454,9,50,0.0865660309791565,1.9683805704116821,0.30877162503510175
HB,148,0.9353364386852646,0.04344947183267073,0.6252342462539673,1.8066681026640885,0.6688315014245729,1,2.0,0.7249179142589259,15,34,0.678094744682312,1.4462041854858398,0.33614013752457117
HB,149,0.6799342921296281,0.03331286829293416,0.4241703450679779,1.316141216195598,0.4905268864684904,1,2.0,0.835468823129397,14,40,0.5697683691978455,1.253524661064148,0.35529809626719977
HB,150,0.4911683194119435,0.017150148706146735,0.3285300135612488,0.9591361197403959,0.3570050964552022,1,2.0,0.9883608484258004,13,30,1.1942434310913086,1.2453300952911377,0.34726767145541443
RL,151,-0.0004442853539567625,0.004669556622867645,0.3,9.995714958781061,0.0,0,0.5,1.57,6,20,0.75,1.0,0.3
RL,152,4.404460995120149e-05,-0.2947659925518701,0.5202500820159912,9.995671006733614,4.3952047446893516e-05,0,1.8832216262817383,3.351715087890625,4,20,0.10266774892807007,1.959673285484314,0.5202500820159912
RL,153,1.1462779090257746,0.14286938636380278,0.5893901586532593,9.69488214287893,0.3007888638546845,1,1.9169645309448242,3.1382861137390137,4,24,0.027485370635986328,2.1777572631835938,0.5893901586532593
RL,154,1.2408885040664495,0.701734770775891,0.5878422856330872,8.881184643530355,0.8136974993485744,1,1.8179173469543457,3.11739182472229,4,34,0.23640912771224976,2.1158037185668945,0.5878422856330872
RL,155,1.149763581721103,0.611147060205874,0.5761762857437134,8.204409063729045,0.6767755798013102,1,1.8608312606811523,3.1685304641723633,4,18,0.20406752824783325,1.9633958339691162,0.5761762857437134
RL,156,0.807714274035855,0.5423577672401633,0.6047577857971191,7.679708586402817,0.5247004773262285,1,2.106790065765381,3.1771702766418457,3,13,0.08537375926971436,2.220151662826538,0.6047577857971191
RL,157,0.5328786399296541,0.18575080170746686,0.6268314719200134,7.381481459095117,0.2982271273076993,1,1.7518243789672852,3.373464584350586,4,13,-0.050946712493896484,2.0146021842956543,0.6268314719200134
RL,158,0.3954059746545309,0.30554913076017826,0.5880087018013,7.193851149698629,0.1876303093964884,1,1.8701364994049072,3.137336015701294,3,10,0.10098427534103394,2.1443538665771484,0.5880087018013
RL,159,0.39632723889374694,0.20412867694211148,0.6175816059112549,7.057940921236519,0.13591022846210965,1,1.9884428977966309,2.96830415725708,3,12,-0.05081534385681152,1.9485087394714355,0.6175816059112549
RL,160,1.1688773644188404,-0.028523163094648904,0.4872584939002991,6.897571066218483,0.16036985501803613,1,1.73140549659729,2.760687828063965,3,8,0.33023110032081604,2.1113688945770264,0.4872584939002991
RL,161,-0.26152096802630337,0.7358001173137928,0.6389015316963196,6.781503904972515,0.11606716124596783,1,1.825063705444336,3.0056169033050537,2,32,0.3477642834186554,1.8796751499176025,0.6389015316963196
RL,162,0.7531423640190922,-0.40695830512320696,0.5812515616416931,6.712656117613808,0.068847787358707,1,1.7401955127716064,2.121032238006592,10,13,1.0203953981399536,2.130364179611206,0.5812515616416931
RL,163,-0.1556870656648584,-0.004319829747631332,0.5190327167510986,6.567051687406103,0.14560443020770553,1,2.226459264755249,2.2419021129608154,12,12,1.4842411279678345,1.907637119293213,0.5190327167510986
RL,164,-0.034007249805375096,-0.2570915419307262,0.5756914615631104,6.633481510162655,-0.06642982275655207,-1,2.303851842880249,1.17775559425354,10,34,1.7329411506652832,1.7502920627593994,0.5756914615631104
RL,165,-0.025612558746245805,-0.24582136710575747,0.662929892539978,6.545683960518685,0.08779754964396957,1,1.681650161743164,1.986568808555603,12,35,1.7650885581970215,1.6666702032089233,0.662929892539978
RL,166,-0.254628195314262,0.005639337775478365,0.7020630836486816,6.523369954081891,0.02231400643679482,1,1.8881391286849976,1.2199195623397827,6,41,1.3896584510803223,1.868666172027588,0.7020630836486816
RL,167,0.7976637133963683,0.007400642849234296,0.5190568566322327,6.4658855522655765,0.05748440181631409,1,2.016371488571167,1.5388054847717285,3,39,1.341944694519043,1.9377481937408447,0.5190568566322327
RL,168,-0.2548048133584043,0.010466639097687963,0.5226258039474487,6.493252435143364,-0.027366882877787546,-1,1.9354785680770874,3.0641379356384277,5,37,1.5917809009552002,2.2295377254486084,0.5226258039474487
RL,169,-0.2522789050096306,0.012749006070326724,0.5765013694763184,6.604904184398001,-0.11165174925463717,-1,1.7961528301239014,2.910651445388794,6,38,1.8009915351867676,2.2129316329956055,0.5765013694763184
RL,170,-0.010494623302613207,-0.1302812432682582,0.6308645606040955,6.61672464984009,-0.01182046544208859,0,1.9243168830871582,2.9622011184692383,3,31,1.605414628982544,1.7904984951019287,0.6308645606040955
RL,171,-0.2531148169854058,-0.0011151719072183281,0.6292510032653809,6.69033926963053,-0.07361461979044037,-1,2.308810234069824,2.406313896179199,5,40,1.3256723880767822,2.1632466316223145,0.6292510032653809
RL,172,-0.12040931944284157,-0.0029979689435947667,0.6823805570602417,6.788954268186055,-0.09861499855552491,-1,2.2471084594726562,2.6700282096862793,4,38,1.541588306427002,1.7595491409301758,0.6823805570602417
RL,173,-0.23564187544259935,0.07826336812904532,0.5452359318733215,6.819966786292844,-0.031012518106789067,-1,2.122474193572998,2.523892879486084,4,36,1.6041508913040161,2.0929880142211914,0.5452359318733215
RL,174,-0.05975153348773904,0.07791521256111261,0.6261981725692749,6.784108462296548,0.03585832399629574,1,1.961275339126587,2.1476693153381348,5,29,1.43202543258667,2.195005416870117,0.6261981725692749
RL,175,-0.00043073969858938574,-0.06189833103939834,0.551795482635498,6.784774065397043,-0.0006656031004945717,0,2.2694764137268066,2.8342161178588867,4,45,1.48017418384552,2.1001358032226562,0.551795482635498
RL,176,1.1875886442373147,0.008051305231293448,0.641028642654419,6.596784046135762,0.18799001926128067,1,1.819892168045044,2.265887975692749,5,33,1.7423640489578247,2.227297782897949,0.641028642654419
RL,177,-0.25415833620064127,6.648164341118909e-05,0.6162441372871399,6.674265349809043,-0.07748130367328088,-1,1.7019636631011963,3.0551719665527344,10,35,1.6037979125976562,1.9213606119155884,0.6162441372871399
RL,178,-0.12731280290297448,0.0037999080170578086,0.6873586177825928,6.612374648289442,0.06189070151960152,1,1.9533860683441162,2.7853612899780273,7,40,1.3245958089828491,2.0204362869262695,0.6873586177825928
RL,179,1.0123443509563286,-0.0013232998076578705,0.559840977191925,6.6067665501929875,0.005608098096454128,0,1.8128788471221924,2.9919776916503906,7,37,1.2539118528366089,1.9474782943725586,0.559840977191925
RL,180,-0.00025200016508824575,-0.17006798227141057,0.5807538628578186,6.64705244341452,-0.0402858932215322,-1,2.1837661266326904,2.0681052207946777,10,36,1.5792949199676514,2.165134906768799,0.5807538628578186
RL,181,-0.142743549896473,0.42177797441560744,0.5484592318534851,6.633446786553734,0.013605656860785409,0,2.065861463546753,1.9977777004241943,8,34,1.5992648601531982,2.048267126083374,0.5484592318534851
RL,182,-0.25264735346738754,-0.00021221171077773996,0.6085590720176697,6.696328839601083,-0.06288205304734884,-1,1.983762502670288,1.5425325632095337,7,22,1.5909433364868164,1.8146181106567383,0.6085590720176697
RL,183,0.0012349585087259789,-0.10053146558051876,0.44559159874916077,6.730727028185118,-0.03439818858403498,-1,2.1120522022247314,1.9192684888839722,8,21,1.5406488180160522,2.0885331630706787,0.44559159874916077
RL,184,0.849527922233872,-0.23282244988054063,0.5841736197471619,6.658769205118961,0.07195782306615683,1,1.9095042943954468,2.0672965049743652,9,19,1.2410223484039307,2.098026752471924,0.5841736197471619
RL,185,1.153757015216701,0.6771238086719491,0.6204933524131775,6.079972894178121,0.5787963109408407,1,2.0505106449127197,1.463115930557251,11,12,1.511250615119934,2.145134925842285,0.6204933524131775
RL,186,0.7942695629967685,0.4149478194866425,0.5396133661270142,5.551728538261684,0.5282443559164367,1,2.1198525428771973,3.065485954284668,3,41,0.312853068113327,2.151622772216797,0.5396133661270142
RL,187,0.5120751311317762,0.07028984339577617,0.6211138963699341,5.191560300391951,0.3601682378697326,1,2.085102081298828,3.2076454162597656,3,41,0.18178921937942505,1.9528098106384277,0.6211138963699341
RL,188,1.3741531340645292,-0.014091635109357452,0.5919245481491089,4.54401455585229,0.6475457445396611,1,2.0869908332824707,3.6699395179748535,3,17,0.08033692836761475,1.9685355424880981,0.5919245481491089
RL,189,0.3961620427690081,-0.37354713226196035,0.6099643707275391,4.167238712570292,0.3767758432819983,1,2.027280569076538,2.754509925842285,5,40,0.17156755924224854,1.9466559886932373,0.6099643707275391
RL,190,0.300239908852253,-0.09633853766448994,0.5764948129653931,3.993797931625932,0.17344078094435966,1,1.9472596645355225,3.243068218231201,4,39,-0.2778690457344055,1.6825709342956543,0.5764948129653931
RL,191,-0.007029904248692784,-0.5022297311070817,0.5846397280693054,3.8918639395190024,0.10193399210692977,1,1.7765710353851318,3.5117290019989014,3,11,0.13195151090621948,1.9336864948272705,0.5846397280693054
RL,192,1.787640350384912,-0.04181245618198054,0.5931244492530823,3.5705272565928685,0.32133668292613393,1,2.2784976959228516,3.107290744781494,3,20,0.0647735595703125,1.9254395961761475,0.5931244492530823
RL,193,1.5248203803203169,0.46423223461742447,0.5930554270744324,2.945120539575498,0.6254067170173707,1,1.8711363077163696,3.268188238143921,5,35,0.11309480667114258,2.019383192062378,0.5930554270744324
RL,194,1.1571573615056805,0.594131279636011,0.6397029161453247,2.2362753336773737,0.708845205898124,1,2.0309348106384277,3.0475945472717285,3,26,-0.0437319278717041,1.989141583442688,0.6397029161453247
RL,195,0.8637658203763903,0.36386449672565296,0.4955025911331177,1.6733329501316965,0.5629423835456773,1,1.6046372652053833,1.7832783460617065,7,15,0.9172415733337402,0.9503026008605957,0.4955025911331177
RL,196,0.637317947759539,0.2071180491008411,0.34771978855133057,1.2407887670013,0.43254418313039644,1,0.9507777690887451,1.9773650169372559,8,19,1.2090224027633667,0.7011616230010986,0.34771978855133057
RL,197,0.47010759554579484,0.19768903569104784,0.41549617052078247,0.9182289738399108,0.3225597931613893,1,1.2997843027114868,1.906327724456787,8,24,1.0831434726715088,1.1674500703811646,0.41549617052078247
HB,198,-0.0007241391260916492,-0.45795599731091347,0.3,9.995369375149776,0.0,0,2.0,1.2915629382476235,11,39,0.75,1.0,0.3
HB,199,-0.001044136657251419,0.00908437385251472,0.638129711151123,9.995703380849696,-0.00033400569991925977,0,2.0,1.5036764021104356,11,39,0.41770443320274353,1.8385612964630127,0.638129711151123
HB,200,0.6852409923643566,0.010669941206627717,0.5609403848648071,9.950369594513313,0.045333786336382076,1,2.0,1.3784770845315621,11,45,0.42510199546813965,1.8830997943878174,0.31999999999999995
HB,201,0.9682561784993651,0.16579943152491916,0.5798518061637878,9.309434195430482,0.6409353990828315,1,1.9100888691454931,1.1776314877723475,8,45,0.01927053928375244,1.804136037826538,0.25000000000000006
HB,202,0.6928486397800466,0.4182037408702586,0.6005386114120483,8.764198104356712,0.5452360910737699,1,2.0,1.1472025855286245,9,46,-0.015319287776947021,1.8640975952148438,0.25000000000000006
HB,203,0.4664545627132744,0.1982364256845889,0.5094168186187744,8.417070131074738,0.34712797328197453,1,1.801235053685604,1.2164599847847273,9,48,0.042797088623046875,1.982328176498413,0.25000000000000006
HB,204,0.41809594537761274,-0.12550495166037134,0.5654590129852295,8.169761448045252,0.24730868302948572,1,1.5640026375583762,1.2842836111982638,11,40,-0.00241011381149292,1.9240145683288574,0.25000000000000006
HB,205,0.2739146970328122,0.01769648708067373,0.6020196080207825,7.992162172425803,0.17759927561944888,1,1.4729341757688896,1.3894326490256597,14,37,0.04527539014816284,2.1108877658843994,0.25000000000000006
HB,206,0.19930957915907077,0.1389175694008177,0.6358385682106018,7.861346479411774,0.1308156930140294,1,1.275056611659624,1.4928790226543334,14,41,0.07585859298706055,2.067288875579834,0.25000000000000006
HB,207,0.14950196362153453,0.0049967347330361804,0.5697063207626343,7.761011804301089,0.10033467511068483,1,1.1326554373434095,1.5852145304094196,16,31,0.12229400873184204,2.252816677093506,0.25000000000000006
HB,208,0.14798541628711967,-0.2571777673701005,0.6409878730773926,7.686869837939606,0.0741419663614824,1,1.0193786443610513,1.6504560047717458,21,27,0.12325119972229004,1.9922716617584229,0.2630353607
HB,209,0.9615457010120871,-0.021357780954839412,0.6153892278671265,7.4946801150609765,0.1921897228786298,1,0.9083829854579035,1.370700922935387,10,42,0.15732687711715698,1.9885814189910889,0.27712475249
HB,210,0.35687913360432755,0.026270817094794834,0.630037248134613,7.1838641550385,0.31081596002247647,1,0.8440436072408399,1.4167389926130398,18,30,0.007243335247039795,2.0601444244384766,0.29598732674300005
HB,211,0.004190128970589393,0.4299442816005296,0.6770172119140625,7.011790943311564,0.17207321172693568,1,0.7682188021076135,1.5900412432408921,7,50,-0.21975141763687134,1.9169412851333618,0.3181911287201
HB,212,0.7743796269183227,-0.3853439857945466,0.6770937442779541,6.80127228603082,0.21051865728074404,1,0.7575868765182365,1.4032770195012954,6,50,0.17787951231002808,1.8222088813781738,0.34273379010407
HB,213,0.7614039334080657,-0.7274501024237385,0.6448841094970703,6.385456503420481,0.41581578261033947,1,0.6634023116249388,1.2777323402876803,6,50,0.058377742767333984,1.9994375705718994,0.35991365307284895
HB,214,0.6651801508654319,-0.22088923359398033,0.5549619793891907,5.9850398012364,0.40041670218408054,1,1.0576244681342781,1.2283405778552035,8,50,1.4362058639526367,1.7446801662445068,0.37193955715099425
HB,215,1.0633098696705408,-0.1094144686479873,0.5658785700798035,5.37424939658487,0.6107904046515307,1,1.816260040361949,1.034514456630426,6,50,0.4339909255504608,1.7766783237457275,0.38035769000569597
HB,216,1.8284116399841055,0.12668432837979737,0.6466264724731445,4.321290288027682,1.0529591085571877,1,0.9064562397249908,0.7241601196412982,8,50,0.5566097497940063,1.8075761795043945,0.3862503830039872
HB,217,-0.22721529752154865,-1.6421392476222652,0.5560084581375122,3.9773201792179718,0.34397010880971024,1,0.6014987867667823,1.0160259647402894,8,50,0.0622287392616272,1.9374423027038574,0.32
HB,218,0.6008055839322157,0.14738446184487308,0.5639870762825012,3.945199787247843,0.032120391970128725,1,0.5901479991874932,1.070895941745316,7,50,0.42990368604660034,1.6881146430969238,0.30000000000000004
HB,219,0.5910438172001572,0.19846233660546517,0.6475750803947449,3.7452303329575867,0.19996945429025637,1,0.8370071478986181,1.1132096323416583,8,50,0.1947416067123413,2.1137847900390625,0.30000000000000004
HB,220,0.8402356257962897,0.3630890993222646,0.664469838142395,3.2822138228115283,0.4630165101460584,1,1.7115585439014942,1.0431524923206448,10,40,0.1147957444190979,1.7097618579864502,0.30000000000000004
HB,221,1.2857682571393236,0.337511626097674,0.6324014663696289,2.463643127646996,0.8185706951645324,1,2.0,0.8158994417687219,10,50,0.26985782384872437,1.9617818593978882,0.30000000000000004
HB,222,0.9407377579603093,0.20014293375258535,0.5275143384933472,1.8046978304346009,0.658945297212395,1,2.0,0.7948345060539815,14,31,0.683853268623352,1.115429401397705,0.30000000000000004
HB,223,0.6913172100852336,0.1834525889721278,0.4360692501068115,1.3328808566255137,0.47181697380908716,1,2.0,0.8798572702036935,14,38,0.8594819903373718,1.2787597179412842,0.30000000000000004
HB,224,0.4995502623225469,0.09610916344451742,0.3335892856121063,0.9735153454758952,0.35936551114961846,1,2.0,1.0160799842135666,13,31,1.1118392944335938,1.2941513061523438,0.30000000000000004
RL,225,1.200456231501434,0.009977497901205133,0.3,9.804627109116804,0.0,0,0.5,1.57,6,20,0.75,1.0,0.3
RL,226,0.49801010239033683,0.3919286669010513,0.6116389632225037,9.427735793447894,0.3768913156689102,1,2.0064938068389893,2.7182953357696533,4,24,0.1553134322166443,1.8573286533355713,0.6116389632225037
RL,227,0.9440697211812574,0.03734290167957996,0.5877047777175903,8.748142656393128,0.6795931370547663,1,2.1082944869995117,2.9349143505096436,6,23,0.13210970163345337,1.8501540422439575,0.5877047777175903
RL,228,0.9128373714202659,0.3243164600351687,0.5886873006820679,8.119810205845788,0.6283324505473402,1,2.217266082763672,2.7825140953063965,4,21,0.380552738904953,1.6264550685882568,0.5886873006820679
