Method,Start_frame_id,Done_frame_id,Collision,Recovery,Smoothness,Status,Time,World,optimal_time,nav_metric
VLM,0,75,0,0.653504582,-109.6165341,success,146.389,world_299.world,8.407246219,0.125
VLM,0,108,0,0.812967715,-172.9142955,success,374.164,world_299.world,8.407246219,0.125
VLM,0,199,0,0.874100483,-67.6310952,timeout,302.946,world_299.world,8.407246219,0
VLM,0,199,0,0.933560963,-15.84458056,timeout,140.59,world_298.world,7.998182157,0
VLM,0,22,0,0.391648712,-17.0522455,success,27.796,world_298.world,7.998182157,0.287745796
VLM,0,18,0,0.22598116,-8.056719765,success,14.786,world_298.world,7.998182157,0.5
VLM,0,16,0,0.15347732,-5.463413973,success,16.697,world_297.world,7.826528565,0.46873861
VLM,0,12,0,0.021314561,-3.637771623,success,11.27,world_297.world,7.826528565,0.5
VLM,0,199,0,0.967297763,,timeout,151.06,world_297.world,7.826528565,0
VLM,0,17,0,0.461224534,-9.433535092,success,24.499,world_296.world,7.778423162,0.317499619
VLM,0,16,0,0.189695645,-7.942353892,success,17.084,world_296.world,7.778423162,0.455304563
VLM,0,12,0,0.15569837,-6.341233697,success,12.476,world_296.world,7.778423162,0.5
VLM,0,28,0,0.617511532,-27.96222486,success,65.118,world_295.world,8.500779295,0.130544232
VLM,0,96,0,0.735622804,-104.6507098,success,318.572,world_295.world,8.500779295,0.125
VLM,0,26,0,0.413811038,-18.86512278,success,38.531,world_295.world,8.500779295,0.220621819
VLM,0,72,0,0.668406558,-105.7532566,success,137.958,world_294.world,8.261333769,0.125
VLM,0,199,0,0.906880571,-51.93535083,timeout,280.504,world_294.world,8.261333769,0
VLM,0,32,0,0.591954039,-31.5204045,success,52.215,world_294.world,8.261333769,0.158217634
VLM,0,26,0,0.376245899,-20.67921491,success,24.096,world_293.world,7.997672131,0.331908704
VLM,0,22,0,0.48952726,-20.86737527,success,33.421,world_293.world,7.997672131,0.239300803
VLM,0,199,0,0.963452348,-7.328557112,timeout,142.298,world_293.world,7.997672131,0
VLM,0,14,0,0.093354574,-3.731097543,success,12.643,world_292.world,9.189719208,0.5
VLM,0,15,0,0.260309374,-12.78295911,success,15.527,world_292.world,9.189719208,0.5
VLM,0,50,0,0.58056625,-82.89246289,success,57.224,world_292.world,9.189719208,0.160592045
VLM,0,29,0,0.346031781,-28.98590769,success,37.801,world_291.world,8.268512621,0.218737933
VLM,0,35,0,0.474054875,-28.64440337,success,53.96,world_291.world,8.268512621,0.153234111
VLM,0,64,0,0.735684447,-75.37128379,success,162.772,world_291.world,8.268512621,0.125
VLM,0,13,0,0.224242542,-6.674089294,success,13.215,world_290.world,7.731003683,0.5
VLM,0,19,0,0.357610527,-10.37570215,success,24.459,world_290.world,7.731003683,0.316080121
VLM,0,17,0,0.305909698,-17.90880839,success,17.278,world_290.world,7.731003683,0.447447834
VLM,0,16,0,0.233371,-5.271401664,success,17.751,world_289.world,7.884942332,0.444197078
VLM,0,37,0,0.469605593,-35.71933995,success,43.109,world_289.world,7.884942332,0.182907104
VLM,0,36,0,0.502252271,-61.65765769,success,53.281,world_289.world,7.884942332,0.147987882
VLM,0,17,0,0.182058155,-6.865298801,success,15.168,world_288.world,7.676966908,0.5
VLM,0,16,0,0.133431212,-9.027767615,success,13.658,world_288.world,7.676966908,0.5
VLM,0,34,0,0.490123488,-29.6105109,success,32.413,world_288.world,7.676966908,0.236848391
VLM,0,43,0,0.637677734,-50.94659226,success,84.409,world_287.world,8.433999179,0.125
VLM,0,32,0,0.487908986,-40.60707517,success,42.194,world_287.world,8.433999179,0.19988622
VLM,0,22,0,0.386178912,-14.00350778,success,24.614,world_287.world,8.433999179,0.342650491
VLM,0,91,0,0.592099801,-107.9614951,success,96.212,world_286.world,8.085594037,0.125
VLM,0,199,0,0.741166692,-180.186923,timeout,288.68,world_286.world,8.085594037,0
VLM,0,199,0,0.925737266,-7.269689538,timeout,149.216,world_286.world,8.085594037,0
VLM,0,28,0,0.347107477,-22.80774607,success,33.894,world_285.world,8.657291412,0.255422535
VLM,0,14,0,0.056488694,-5.06028071,success,13.102,world_285.world,8.657291412,0.5
VLM,0,26,0,0.44007379,-19.16559992,success,32.56,world_285.world,8.657291412,0.265887328
VLM,0,10,0,2.29E-07,-1.012250136,success,8.758,world_284.world,7.856395717,0.5
VLM,0,16,0,0.242729391,-5.081147194,success,17.89,world_284.world,7.856395717,0.439150124
VLM,0,15,0,0.209424187,-8.619197431,success,15.288,world_284.world,7.856395717,0.5
VLM,0,11,0,1.95E-07,-1.541228955,success,10.274,world_283.world,8.025752695,0.5
VLM,0,18,0,0.247695939,-11.93150957,success,17.374,world_283.world,8.025752695,0.461940411
VLM,0,199,0,0.872786413,-86.49502404,timeout,166.047,world_283.world,8.025752695,0
VLM,0,27,0,0.446334343,-26.16215326,success,34.116,world_282.world,8.091436814,0.237174253
VLM,0,17,0,0.175000098,-4.324759362,success,16.809,world_282.world,8.091436814,0.481375264
VLM,0,21,0,0.277108501,-16.73023594,success,21.59,world_282.world,8.091436814,0.374777064
VLM,0,14,0,0.244152157,-7.729600902,success,13.698,world_281.world,7.753104123,0.5
VLM,0,17,1,0.351317522,-9.772529842,success,15.949,world_281.world,7.753104123,0
VLM,0,15,0,0.201807349,-3.188284985,success,13.293,world_281.world,7.753104123,0.5
VLM,0,50,0,0.514116434,-81.23483627,success,57.385,world_280.world,7.906981913,0.137788306
VLM,0,44,0,0.624525626,-65.65772869,success,84.338,world_280.world,7.906981913,0.125
VLM,0,20,0,0.340803049,-16.54948447,success,21.433,world_280.world,7.906981913,0.368916247
VLM,0,199,0,0.808565739,-108.7751604,timeout,200.816,world_279.world,8.141257753,0
VLM,0,199,0,0.733306901,-99.96596714,timeout,252.203,world_279.world,8.141257753,0
VLM,0,76,1,0.768206738,-121.2663723,collision,153.249,world_279.world,8.141257753,0
VLM,0,199,0,0.91449111,-43.77804214,timeout,158.585,world_278.world,8.047026081,0
VLM,0,29,0,0.45365009,-30.0438238,success,34.535,world_278.world,8.047026081,0.233010745
VLM,0,23,0,0.359477177,-20.88456371,success,24.484,world_278.world,8.047026081,0.328664682
VLM,0,30,0,0.495524837,-29.32503403,success,49.165,world_277.world,8.486369983,0.172609986
VLM,0,22,0,0.371855923,-15.4151848,success,29.438,world_277.world,8.486369983,0.288279434
VLM,0,33,0,0.718897273,-28.07172242,success,84.891,world_277.world,8.486369983,0.125
VLM,0,45,0,0.62249936,-73.80625755,success,76.998,world_276.world,8.129771498,0.125
VLM,0,14,0,0.296688835,-8.54672442,success,15.104,world_276.world,8.129771498,0.5
VLM,0,24,0,0.391237556,-31.54675392,success,26.037,world_276.world,8.129771498,0.312239179
VLM,0,16,0,0.167091943,-9.617524144,success,15.7,world_275.world,8.302841434,0.5
VLM,0,18,0,0.240365189,-12.76750844,success,19.738,world_275.world,8.302841434,0.420652621
VLM,0,15,0,0.175191921,-7.264826512,success,15.649,world_275.world,8.302841434,0.5
VLM,0,112,1,0.771744056,-161.884248,collision,353.219,world_274.world,7.86100552,0
VLM,0,199,0,0.813080794,-177.8727088,timeout,337.914,world_274.world,7.86100552,0
VLM,0,65,0,0.842338164,-72.12668611,success,280.235,world_274.world,7.86100552,0.125
VLM,0,29,0,0.377017471,-26.82850212,success,30.988,world_273.world,8.165814212,0.263515368
VLM,0,26,0,0.500000032,-16.02394007,success,31.654,world_273.world,8.165814212,0.257971006
VLM,0,199,0,0.951274154,-12.80212691,timeout,142.848,world_273.world,8.165814212,0
VLM,0,17,0,0.262019319,-8.518527193,success,16.649,world_272.world,7.94726292,0.477341757
VLM,0,28,0,0.512141307,-36.65681494,success,36.249,world_272.world,7.94726292,0.219240887
VLM,0,31,0,0.496538106,-35.1708298,success,40.446,world_272.world,7.94726292,0.196490702
VLM,0,26,0,0.527226487,-36.49778267,success,39.316,world_271.world,7.872132409,0.200227195
VLM,0,32,0,0.556377096,-36.70748696,success,54.109,world_271.world,7.872132409,0.145486562
VLM,0,37,0,0.401364446,-49.31368012,success,35.195,world_271.world,7.872132409,0.223671897
VLM,0,28,0,0.395090626,-29.41304845,success,34.238,world_270.world,8.015802802,0.234120065
VLM,0,30,0,0.435830307,-35.66248311,success,38.193,world_270.world,8.015802802,0.209876229
VLM,0,29,0,0.353383496,-16.85827311,success,34.589,world_270.world,8.015802802,0.231744277
VLM,0,24,0,0.343884939,-17.45595346,success,27.814,world_269.world,8.393662667,0.301778337
VLM,0,30,0,0.443151323,-29.47600088,success,44.68,world_269.world,8.393662667,0.187861743
VLM,0,31,0,0.522369531,-38.25255582,success,48.29,world_269.world,8.393662667,0.173817823
VLM,0,44,1,0.471528882,-51.35677097,success,51.299,world_268.world,7.825330425,0
VLM,0,28,0,0.439908025,-19.41376078,success,34.781,world_268.world,7.825330425,0.224988655
VLM,0,20,0,0.325788252,-14.08677335,success,24.749,world_268.world,7.825330425,0.316187742
VLM,0,11,0,0.093073789,-3.003540807,success,9.252,world_267.world,7.767884282,0.5
VLM,0,8,0,2.74E-07,-0.691160546,success,7.307,world_267.world,7.767884282,0.5
VLM,0,19,0,0.436107026,-17.79305654,success,26.921,world_267.world,7.767884282,0.288543675
VLM,0,199,1,0.874529297,-252.1074404,timeout,1062.247,world_266.world,8.268726393,0
VLM,0,199,0,0.871220733,-77.34814501,timeout,175.96,world_266.world,8.268726393,0
VLM,0,199,0,0.842052261,-160.5194754,timeout,377.346,world_266.world,8.268726393,0
VLM,0,199,0,0.882220262,-57.92878713,timeout,203.939,world_265.world,8.36795084,0
VLM,0,29,0,0.742514976,-27.29870424,success,90.195,world_265.world,8.36795084,0.125
VLM,0,67,0,0.672476404,-97.20688963,success,110.166,world_265.world,8.36795084,0.125
VLM,0,36,0,0.628125012,-39.05382153,success,64.012,world_264.world,7.690668106,0.125
VLM,0,28,0,0.451081388,-30.36151669,success,38.854,world_264.world,7.690668106,0.197937615
VLM,0,30,0,0.405847988,-27.22374565,success,34.215,world_264.world,7.690668106,0.224774751
VLM,0,96,0,0.871002467,-153.1600096,success,445.906,world_263.world,8.828844286,0.125
VLM,0,32,0,0.560868211,-30.9444232,success,63.595,world_263.world,8.828844286,0.138829221
VLM,0,37,0,0.522108259,-42.68266836,success,56.56,world_263.world,8.828844286,0.156096964
VLM,0,25,0,0.388631898,-19.26280047,success,30.275,world_262.world,7.862157627,0.259691416
VLM,0,19,0,0.347150315,-9.618107148,success,23.169,world_262.world,7.862157627,0.339339532
VLM,0,21,0,0.3311404,-15.28558208,success,27.379,world_262.world,7.862157627,0.287160146
VLM,0,15,0,0.095714415,-3.884269973,success,14.002,world_261.world,7.798286267,0.5
VLM,0,199,0,0.947180586,-8.269730453,timeout,140.105,world_261.world,7.798286267,0
VLM,0,67,0,0.641528935,-60.79066812,success,77.458,world_261.world,7.798286267,0.125
VLM,0,36,0,0.598641779,-44.40921046,success,58.902,world_260.world,7.912408394,0.134331744
VLM,0,24,0,0.5097403,-19.57330907,success,24.642,world_260.world,7.912408394,0.321094408
VLM,0,17,0,0.268707566,-13.16946434,success,17.651,world_260.world,7.912408394,0.448269695
VLM,0,21,0,0.332463069,-15.45484164,success,22.995,world_259.world,8.292681331,0.36062976
VLM,0,26,0,0.558908067,-20.80747631,success,41.772,world_259.world,8.292681331,0.198522487
VLM,0,31,0,0.421746325,-29.69381271,success,36.42,world_259.world,8.292681331,0.227695808
VLM,0,199,0,0.919275125,-10.04910628,timeout,157.822,world_258.world,8.575004015,0
VLM,0,199,0,0.846721903,-92.58406402,timeout,444.175,world_258.world,8.575004015,0
VLM,0,199,0,0.941867657,-12.76863472,timeout,161.717,world_258.world,8.575004015,0
VLM,0,199,1,0.830852504,-131.2579405,timeout,310.38,world_257.world,8.037990617,0
VLM,0,25,0,0.453555077,-26.37202609,success,34.898,world_257.world,8.037990617,0.230328117
VLM,0,32,0,0.509594904,-31.87458664,success,46.915,world_257.world,8.037990617,0.171330931
VLM,0,13,0,0.013422984,-3.140819928,success,11.931,world_256.world,7.764255277,0.5
VLM,0,14,0,0.089955159,-2.943276469,success,13.356,world_256.world,7.764255277,0.5
VLM,0,18,0,0.235763185,-13.12455284,success,17.569,world_256.world,7.764255277,0.441929266
VLM,0,24,0,0.557510749,-14.47336786,success,46.617,world_255.world,8.135994186,0.174528481
VLM,0,46,0,0.544088846,-63.58902193,success,61.253,world_255.world,8.135994186,0.132826052
VLM,0,18,0,0.241951293,-9.771031861,success,20.5,world_255.world,8.135994186,0.396877765
VLM,0,22,0,0.24780323,-17.25300228,success,22.776,world_254.world,7.84967397,0.344646732
VLM,0,19,0,0.238866474,-11.51468284,success,19.766,world_254.world,7.84967397,0.397130121
VLM,0,15,0,0.040419305,-3.76624561,success,13.376,world_254.world,7.84967397,0.5
VLM,0,199,2,0.847151056,-169.9249672,timeout,390.323,world_253.world,8.14159431,0
VLM,0,199,0,0.89653653,-59.41898504,timeout,226.95,world_253.world,8.14159431,0
VLM,0,37,0,0.802471022,-36.63610192,success,131.136,world_253.world,8.14159431,0.125
VLM,0,199,0,0.766436431,-108.1200536,timeout,234.544,world_252.world,8.178160266,0
VLM,0,36,0,0.509760721,-33.89500573,success,63.522,world_252.world,8.178160266,0.128745321
VLM,0,199,0,0.857125561,-83.0740758,timeout,330.363,world_252.world,8.178160266,0
VLM,0,26,0,0.294938979,-19.33297737,success,22.937,world_251.world,7.812338128,0.340599822
VLM,0,199,0,0.928466373,-31.45468132,timeout,149.585,world_251.world,7.812338128,0
VLM,0,13,0,0.067591149,-1.42349909,success,11.551,world_251.world,7.812338128,0.5
VLM,0,30,0,0.317245861,-20.47844834,success,31.089,world_250.world,8.084153481,0.260032599
VLM,0,55,0,0.547175154,-68.659155,success,70.807,world_250.world,8.084153481,0.125
VLM,0,44,0,0.568745823,-60.79163689,success,59.655,world_250.world,8.084153481,0.135515103
VLM,0,16,0,0.22051292,-8.485161526,success,15.606,world_249.world,7.770397702,0.497910913
VLM,0,11,0,2.17E-07,-1.994200477,success,9.215,world_249.world,7.770397702,0.5
VLM,0,15,0,0.207221475,-8.462192463,success,12.743,world_249.world,7.770397702,0.5
VLM,0,32,0,0.572350947,-36.59958743,success,52.667,world_248.world,8.129102388,0.154349068
VLM,0,16,0,0.132616591,-9.873427383,success,16.752,world_248.world,8.129102388,0.485261604
VLM,0,45,0,0.596134293,-54.923106,success,78.646,world_248.world,8.129102388,0.125
VLM,0,25,0,0.412687625,-29.33574036,success,29.326,world_247.world,8.032705584,0.273910713
VLM,0,15,0,0.204918141,-8.292932429,success,14.66,world_247.world,8.032705584,0.5
VLM,0,43,0,0.542857156,-55.16552688,success,70.009,world_247.world,8.032705584,0.125
VLM,0,12,0,1.98E-07,-1.669719397,success,10.127,world_246.world,7.971825012,0.5
VLM,0,41,0,0.485970402,-49.83655164,success,51.321,world_246.world,7.971825012,0.155332613
VLM,0,23,0,0.427475101,-21.68739649,success,26.06,world_246.world,7.971825012,0.305902725
VLM,0,32,0,0.435987932,-34.70835666,success,39.694,world_245.world,8.203446936,0.206667177
VLM,0,55,0,0.631468686,-60.1470093,success,95.469,world_245.world,8.203446936,0.125
VLM,0,32,0,0.435013293,-34.49411016,success,37.719,world_245.world,8.203446936,0.217488452
VLM,0,14,0,0.259938951,-7.92125288,success,13.099,world_244.world,8.276354082,0.5
VLM,0,15,0,0.239774437,-12.04029622,success,14.196,world_244.world,8.276354082,0.5
VLM,0,11,0,0.131147699,-2.487460528,success,10.991,world_244.world,8.276354082,0.5
VLM,0,36,0,0.802954851,-34.33932054,success,120.484,world_243.world,8.242311468,0.125
VLM,0,61,0,0.815609758,-98.49893371,success,205.005,world_243.world,8.242311468,0.125
VLM,0,23,0,0.411125357,-23.33031616,success,31.283,world_243.world,8.242311468,0.263475737
VLM,0,17,0,0.186358199,-11.03504151,success,16.43,world_242.world,7.789830031,0.474122339
VLM,0,15,0,0.160714401,-4.159746387,success,14.56,world_242.world,7.789830031,0.5
VLM,0,13,0,0.044142777,-1.770619606,success,11.793,world_242.world,7.789830031,0.5
VLM,0,15,0,0.123475743,-8.207369906,success,13.135,world_241.world,7.755671768,0.5
VLM,0,16,0,0.328932967,-15.08148041,success,18.189,world_241.world,7.755671768,0.426393522
VLM,0,14,0,0.077046697,-3.638852903,success,12.475,world_241.world,7.755671768,0.5
VLM,0,42,0,0.673434132,-51.62094287,success,92.603,world_240.world,8.26791048,0.125
VLM,0,199,0,0.93303728,-21.6109933,timeout,171.153,world_240.world,8.26791048,0
VLM,0,25,0,0.439229277,-24.86043928,success,40.492,world_240.world,8.26791048,0.204186271
VLM,0,199,0,0.7672809,-234.7999052,timeout,445.009,world_239.world,7.921944132,0
VLM,0,13,0,0.033726976,-2.482068328,success,11.868,world_239.world,7.921944132,0.5
VLM,0,22,0,0.33730164,-17.07408577,success,25.203,world_239.world,7.921944132,0.314325443
VLM,0,25,0,0.525031572,-23.02485651,success,47.548,world_238.world,8.512989119,0.179039899
VLM,0,17,0,0.352893288,-12.0855884,success,24.558,world_238.world,8.512989119,0.346648307
VLM,0,22,0,0.546774218,-19.77286616,success,37.211,world_238.world,8.512989119,0.228776145
VLM,0,19,1,0.660152542,-20.17418487,collision,41.967,world_237.world,8.14796955,0
VLM,0,15,0,0.167613755,-11.38601013,success,14.084,world_237.world,8.14796955,0.5
VLM,0,25,0,0.33091208,-15.51492864,success,24.795,world_237.world,8.14796955,0.328613412
VLM,0,16,1,0.098643761,-2.858118094,success,16.224,world_236.world,7.811169147,0
VLM,0,31,0,0.603799668,-35.46626676,success,57.901,world_236.world,7.811169147,0.1349056
VLM,0,19,0,0.272558207,-14.54731987,success,21.506,world_236.world,7.811169147,0.363208832
VLM,0,15,0,0.241496685,-10.33036671,success,17.651,world_235.world,8.095851907,0.458662507
VLM,0,13,0,1.66E-07,-3.294399791,success,12.091,world_235.world,8.095851907,0.5
VLM,0,16,0,0.233415328,-5.946117714,success,16.296,world_235.world,8.095851907,0.496799945
VLM,0,4,1,0.368613369,-0.070602768,collision,5.492,world_234.world,8.112848826,0
VLM,0,20,0,0.216411252,-7.241618384,success,22.196,world_234.world,8.112848826,0.365509498
VLM,0,25,0,0.345061769,-26.60959644,success,32.402,world_234.world,8.112848826,0.250381113
VLM,0,33,0,0.516431946,-33.09734323,success,46.86,world_233.world,8.118199884,0.173243702
VLM,0,21,0,0.422145369,-10.17178383,success,28.918,world_233.world,8.118199884,0.28073172
VLM,0,16,0,0.153061333,-4.245153331,success,15.684,world_233.world,8.118199884,0.5
VLM,0,15,0,0.125360357,-2.509257631,success,13.898,world_232.world,7.909011561,0.5
VLM,0,15,0,0.16598091,-8.452709274,success,14.588,world_232.world,7.909011561,0.5
VLM,0,12,0,0.054151795,-2.538931552,success,11.087,world_232.world,7.909011561,0.5
VLM,0,54,1,0.718942194,-84.6850889,collision,130.087,world_231.world,8.772936876,0
VLM,0,45,0,0.6856656,-57.61487288,success,105.627,world_231.world,8.772936876,0.125
VLM,0,58,0,0.603366431,-69.08962505,success,92.68,world_231.world,8.772936876,0.125
VLM,0,47,0,0.511852951,-58.23700694,success,41.341,world_230.world,7.770867061,0.187969983
VLM,0,14,0,0.260997176,-7.413816686,success,13.652,world_230.world,7.770867061,0.5
VLM,0,13,0,0.145907625,-7.944223967,success,11.245,world_230.world,7.770867061,0.5
VLM,0,24,0,0.308968101,-16.55223543,success,32.576,world_229.world,9.333178092,0.28650473
VLM,0,14,0,0.221105625,-7.715242811,success,15.921,world_229.world,9.333178092,0.5
VLM,0,19,0,0.25377114,-14.43385085,success,22.557,world_229.world,9.333178092,0.413759724
VLM,0,22,0,0.491076954,-21.24926116,success,32.51,world_228.world,8.125979676,0.249953235
VLM,0,25,0,0.33460564,-16.62113322,success,31.455,world_228.world,8.125979676,0.258336661
VLM,0,17,0,0.159954067,-10.17390995,success,17.388,world_228.world,8.125979676,0.467332625
VLM,0,15,0,0.291282124,-8.752958031,success,19.509,world_227.world,7.656298149,0.392449544
VLM,0,14,0,0.235065034,-4.633149172,success,15.408,world_227.world,7.656298149,0.496904085
VLM,0,19,1,0.474387567,-16.89045644,success,26.949,world_227.world,7.656298149,0
VLM,0,35,0,0.732753843,-25.40505976,success,108.144,world_226.world,7.79713153,0.125
VLM,0,28,0,0.396083424,-32.73007789,success,31.678,world_226.world,7.79713153,0.246137115
VLM,0,78,0,0.623474432,-117.7075137,success,77.041,world_226.world,7.79713153,0.125
VLM,0,13,0,0.144097371,-7.649852718,success,11.532,world_225.world,8.273415681,0.5
VLM,0,13,0,0.108818178,-6.281355209,success,10.674,world_225.world,8.273415681,0.5
VLM,0,10,0,0.070615246,-1.185049346,success,8.794,world_225.world,8.273415681,0.5
VLM,0,11,0,0.134000173,-7.295275415,success,10.018,world_224.world,7.793928744,0.5
VLM,0,12,0,0.093639736,-2.177844383,success,11.339,world_224.world,7.793928744,0.5
VLM,0,10,0,0.01342304,-1.334524295,success,8.95,world_224.world,7.793928744,0.5
VLM,0,48,0,0.592210483,-49.21564984,success,77.543,world_223.world,8.130412533,0.125
VLM,0,199,0,0.852893892,-90.09474985,timeout,273.692,world_223.world,8.130412533,0
VLM,0,199,0,0.890301555,-274.4525676,timeout,1116.911,world_223.world,8.130412533,0
VLM,0,11,0,2.13E-07,-1.732680581,success,9.412,world_222.world,8.205334101,0.5
VLM,0,14,0,0.167711729,-3.419296597,success,12.76,world_222.world,8.205334101,0.5
VLM,0,14,0,0.205705825,-3.567892968,success,13.32,world_222.world,8.205334101,0.5
VLM,0,9,0,0.012690606,-1.641934191,success,7.893,world_221.world,8.40762074,0.5
VLM,0,14,0,0.35933512,-12.05065657,success,15.652,world_221.world,8.40762074,0.5
VLM,0,9,0,0.044973798,-0.914201795,success,7.569,world_221.world,8.40762074,0.5
VLM,0,15,0,0.259168795,-9.037099637,success,16.375,world_220.world,8.078353133,0.493334542
VLM,0,11,0,0.098837384,-3.025386017,success,10.337,world_220.world,8.078353133,0.5
VLM,0,19,0,0.520023585,-14.63053913,success,33.969,world_220.world,8.078353133,0.237815453
VLM,0,35,0,0.394078642,-33.402138,success,39.178,world_219.world,8.099459323,0.206734885
VLM,0,14,0,0.121259981,-5.202551974,success,12.707,world_219.world,8.099459323,0.5
VLM,0,34,0,0.527497575,-32.8824547,success,61.476,world_219.world,8.099459323,0.13174994
VLM,0,25,0,0.393840145,-23.34738464,success,30.522,world_218.world,8.599278518,0.281740335
VLM,0,28,0,0.324781018,-23.63649118,success,31.965,world_218.world,8.599278518,0.269021696
VLM,0,39,1,0.50679681,-40.84490373,success,57.387,world_218.world,8.599278518,0
VLM,0,35,0,0.428783956,-31.68072146,success,53.796,world_217.world,8.5169437,0.158319275
VLM,0,43,0,0.477607378,-52.7968092,success,65.203,world_217.world,8.5169437,0.130621961
VLM,0,31,0,0.444986715,-29.42371794,success,45.082,world_217.world,8.5169437,0.188921159
VLM,0,18,0,0.227650808,-12.97696837,success,19.239,world_216.world,8.231413229,0.427850368
VLM,0,18,0,0.272442665,-9.715087992,success,19.164,world_216.world,8.231413229,0.429524798
VLM,0,20,0,0.368666709,-13.56351752,success,30.015,world_216.world,8.231413229,0.274243319
VLM,0,66,3,0.860913035,-80.82751171,collision,272.06,world_215.world,8.605361009,0
VLM,0,41,0,0.618081652,-51.67888247,success,79.865,world_215.world,8.605361009,0.125
VLM,0,16,0,0.201743561,-9.225766524,success,16.061,world_215.world,8.605361009,0.5
VLM,0,58,0,0.648283431,-38.18203971,success,54.763,world_214.world,8.091064135,0.147746912
VLM,0,74,0,0.647312276,-92.95712169,success,97.497,world_214.world,8.091064135,0.125
VLM,0,28,2,0.483197582,-21.92048971,collision,39.29,world_214.world,8.091064135,0
VLM,0,199,0,0.749595325,-283.1607273,timeout,444.84,world_213.world,8.080583153,0
VLM,0,99,0,0.606060611,-133.8697681,success,152.469,world_213.world,8.080583153,0.125
VLM,0,199,0,0.717211982,-275.5365054,timeout,361.271,world_213.world,8.080583153,0
VLM,0,45,0,0.719036901,-46.89628088,success,115.462,world_212.world,8.329698064,0.125
VLM,0,199,0,0.789169588,-111.76189,timeout,325.39,world_212.world,8.329698064,0
VLM,0,23,0,0.487493645,-28.99201252,success,39.191,world_212.world,8.329698064,0.212541095
VLM,0,22,0,0.491297053,-22.7862047,success,35.637,world_211.world,7.835101179,0.219858607
VLM,0,13,0,0.298944983,-8.80178784,success,17.072,world_211.world,7.835101179,0.45894454
VLM,0,17,0,0.299476513,-14.51528559,success,19.102,world_211.world,7.835101179,0.410171772
VLM,0,18,0,0.234449852,-9.805698783,success,16.724,world_210.world,8.955608785,0.5
VLM,0,26,0,0.428926168,-24.40566972,success,32.222,world_210.world,8.955608785,0.277934603
VLM,0,29,0,0.385073046,-24.39390226,success,36.985,world_210.world,8.955608785,0.242141646
VLM,0,16,0,0.071629344,-3.000717325,success,14.244,world_209.world,8.877499485,0.5
VLM,0,14,0,0.049441938,-2.134316155,success,12.555,world_209.world,8.877499485,0.5
VLM,0,14,0,0.068642891,-2.005807527,success,12.828,world_209.world,8.877499485,0.5
VLM,0,20,0,0.425117958,-21.4081117,success,33.929,world_208.world,7.920452802,0.233441976
VLM,0,20,0,0.362103887,-20.62896145,success,29.677,world_208.world,7.920452802,0.266888594
VLM,0,39,0,0.615507057,-56.1024534,success,87.976,world_208.world,7.920452802,0.125
VLM,0,46,0,0.534728046,-60.3513291,success,71.715,world_207.world,8.69103444,0.125
VLM,0,199,0,0.802378543,-215.7838511,timeout,474.244,world_207.world,8.69103444,0
VLM,0,19,1,0.638398137,-21.2719896,collision,33.978,world_207.world,8.69103444,0
VLM,0,11,0,2.11E-07,-1.375017693,success,9.516,world_206.world,8.169870714,0.5
VLM,0,17,0,0.209523904,-13.63328052,success,16.807,world_206.world,8.169870714,0.486099287
VLM,0,8,0,0.051724371,-1.474263772,success,8.131,world_206.world,8.169870714,0.5
VLM,0,19,0,0.298536654,-22.39698862,success,20.515,world_205.world,8.141008349,0.396831994
VLM,0,17,0,0.353535413,-14.23366146,success,21.783,world_205.world,8.141008349,0.373732192
VLM,0,24,0,0.51800414,-20.71290643,success,38.884,world_205.world,8.141008349,0.209366535
VLM,0,46,0,0.690182129,-63.50435065,success,95.545,world_204.world,8.448704096,0.125
VLM,0,27,0,0.570998297,-26.77461556,success,46.485,world_204.world,8.448704096,0.181751191
VLM,0,45,0,0.606423895,-58.51879605,success,88.435,world_204.world,8.448704096,0.125
VLM,0,23,1,0.593023278,-29.21689813,collision,36.136,world_203.world,9.025242805,0
VLM,0,85,0,0.85512451,-116.4243366,success,423.266,world_203.world,9.025242805,0.125
VLM,0,39,0,0.682937759,-49.42475402,success,89.324,world_203.world,9.025242805,0.125
VLM,0,41,0,0.472862736,-43.86779695,success,56.388,world_202.world,8.22310241,0.145830716
VLM,0,45,0,0.528312426,-46.36085999,success,71.7,world_202.world,8.22310241,0.125
VLM,0,18,0,0.787564776,-26.43875937,collision,46.324,world_202.world,8.22310241,0
VLM,0,23,1,0.28170089,-20.92844055,success,26.349,world_201.world,8.745159378,0
VLM,0,57,0,0.76137464,-83.36062529,success,165.297,world_201.world,8.745159378,0.125
VLM,0,199,0,0.884863525,-37.64020888,timeout,161.209,world_201.world,8.745159378,0
VLM,0,27,0,0.429257906,-23.54859943,success,37.465,world_200.world,8.629507224,0.230335172
VLM,0,32,0,0.54969074,-34.89810662,success,48.504,world_200.world,8.629507224,0.177913311
VLM,0,12,0,1.90E-07,-2.734287657,success,10.512,world_200.world,8.629507224,0.5
VLM,0,12,0,0.248333459,-7.030951958,success,12.011,world_199.world,7.819031621,0.5
VLM,0,12,0,0.16390439,-6.206348988,success,10.874,world_199.world,7.819031621,0.5
VLM,0,8,0,0.011396293,-0.5987697,success,7.033,world_199.world,7.819031621,0.5
VLM,0,18,0,0.298401483,-9.675655849,success,22.532,world_198.world,7.823797529,0.347230496
VLM,0,17,0,0.274917933,-10.14529359,success,18.277,world_198.world,7.823797529,0.428067929
VLM,0,37,0,0.749318235,-39.99851892,success,95.359,world_198.world,7.823797529,0.125
VLM,0,18,0,0.377220546,-14.33307222,success,19.158,world_197.world,9.207052695,0.480585275
VLM,0,10,0,0.134042737,-2.329078171,success,9.417,world_197.world,9.207052695,0.5
VLM,0,11,0,0.019569663,-1.702949976,success,10.225,world_197.world,9.207052695,0.5
VLM,0,36,0,0.65730338,-44.66559255,success,74.765,world_196.world,8.395202655,0.125
VLM,0,22,0,0.259770172,-24.75076795,success,26.09,world_196.world,8.395202655,0.321778561
VLM,0,35,0,0.847222224,-45.22037762,success,167.047,world_196.world,8.395202655,0.125
VLM,0,19,0,0.35766428,-13.91179446,success,27.406,world_196.world,8.395202655,0.306327179
VLM,0,17,0,0.369728963,-19.76853818,success,26.564,world_196.world,8.395202655,0.316036841
VLM,0,91,0,0.737447148,-108.9791346,success,302.727,world_195.world,8.91653132,0.125
VLM,0,17,0,0.156308931,-8.288107579,success,21.245,world_195.world,8.91653132,0.419700227
VLM,0,22,0,0.377057919,-21.38210376,success,37.677,world_195.world,8.91653132,0.236657147
VLM,0,20,0,0.489169706,-22.2295869,success,33.252,world_194.world,7.826091316,0.235357011
VLM,0,12,0,0.110592039,-2.612962106,success,12.841,world_194.world,7.826091316,0.5
VLM,0,10,0,0.174740627,-6.83608785,success,11.573,world_194.world,7.826091316,0.5
VLM,0,131,1,0.932383864,-154.0095553,collision,1491.367,world_193.world,8.228353884,0
VLM,0,79,0,0.781835281,-97.06508371,success,255.238,world_193.world,8.228353884,0.125
VLM,0,22,1,0.660145602,-27.38829184,collision,43.965,world_193.world,8.228353884,0
VLM,0,19,0,0.23775518,-7.3045766,success,19.61,world_192.world,7.872620919,0.401459506
VLM,0,199,0,0.882727274,-82.70267792,timeout,264.002,world_192.world,7.872620919,0
VLM,0,18,0,0.251063909,-15.63891004,success,18.817,world_192.world,7.872620919,0.418378111
VLM,0,13,0,0.197547793,-9.002704084,success,14.691,world_191.world,7.676324375,0.5
VLM,0,10,0,2.07E-07,-1.178892453,success,9.699,world_191.world,7.676324375,0.5
VLM,0,12,0,0.216691184,-4.18368702,success,13.672,world_191.world,7.676324375,0.5
VLM,0,68,1,0.731250708,-98.03406449,collision,177.342,world_190.world,8.293077655,0
VLM,0,23,1,0.714760648,-32.96486692,collision,60.161,world_190.world,8.293077655,0
VLM,0,22,0,0.317000793,-23.92877859,success,26.941,world_190.world,8.293077655,0.307823676
VLM,0,26,0,0.629032271,-34.70465138,success,58.283,world_189.world,7.958318166,0.136546131
VLM,0,30,0,0.594466419,-34.305911,success,50.615,world_189.world,7.958318166,0.157232405
VLM,0,29,0,0.529680387,-35.66958952,success,43.786,world_189.world,7.958318166,0.181754857
VLM,0,10,0,1.77E-07,-2.238586444,success,11.313,world_188.world,7.980659786,0.5
VLM,0,16,0,0.281407107,-12.002281,success,19.909,world_188.world,7.980659786,0.400856888
VLM,0,16,0,0.308668149,-13.91125759,success,18.92,world_188.world,7.980659786,0.421810771
VLM,0,11,0,0.097026745,-2.899259692,success,12.785,world_187.world,8.204891659,0.5
VLM,0,12,0,0.048543843,-3.153693227,success,12.374,world_187.world,8.204891659,0.5
VLM,0,54,0,0.571812092,-92.78368196,success,74.51,world_187.world,8.204891659,0.125
VLM,0,199,0,0.831466439,-172.6642299,timeout,467.804,world_186.world,8.335547716,0
VLM,0,199,0,0.818205097,-103.9595261,timeout,312.441,world_186.world,8.335547716,0
VLM,0,199,0,0.879303018,-73.17829282,timeout,235.331,world_186.world,8.335547716,0
VLM,0,20,0,0.425015593,-20.83062023,success,32.142,world_185.world,7.900082447,0.245786897
VLM,0,16,0,0.382428994,-14.61028156,success,23.232,world_185.world,7.900082447,0.340051758
VLM,0,15,0,0.299725087,-12.55059815,success,21.828,world_185.world,7.900082447,0.361924246
VLM,0,43,0,0.586345393,-66.62253465,success,69.721,world_184.world,9.129259063,0.130939876
VLM,0,49,0,0.75839174,-56.04210513,success,162.677,world_184.world,9.129259063,0.125
VLM,0,12,0,0.035868144,-4.397824909,success,13.957,world_184.world,9.129259063,0.5
VLM,0,14,0,0.169853862,-4.632730063,success,17.797,world_183.world,8.359616497,0.469720543
VLM,0,37,0,0.665682353,-38.72046519,success,94.828,world_183.world,8.359616497,0.125
VLM,0,16,0,0.148148241,-6.948992613,success,18.371,world_183.world,8.359616497,0.455044173
VLM,0,17,0,0.31996275,-18.01504451,success,21.443,world_182.world,7.953031607,0.370891741
VLM,0,12,0,0.209230891,-6.819619229,success,13.014,world_182.world,7.953031607,0.5
VLM,0,9,0,0.187037188,-1.913008051,success,10.813,world_182.world,7.953031607,0.5
VLM,0,31,0,0.548811564,-34.72501721,success,47.123,world_181.world,8.429102388,0.178874486
VLM,0,20,0,0.30124229,-15.892109,success,25.779,world_181.world,8.429102388,0.326975538
VLM,0,50,0,0.573259624,-69.59301104,success,79.594,world_181.world,8.429102388,0.125
VLM,0,164,0,0.746472309,-229.3229644,success,471.998,world_180.world,9.004770113,0.125
VLM,0,17,0,0.425561838,-17.10835463,success,28.486,world_180.world,9.004770113,0.316112129
VLM,0,20,0,0.433689539,-13.14710349,success,31.83,world_180.world,9.004770113,0.282901983
VLM,0,16,0,0.240406406,-12.88941622,success,17.729,world_179.world,8.366493444,0.471910059
VLM,0,21,0,0.344336133,-21.26451183,success,26.662,world_179.world,8.366493444,0.313798419
VLM,0,27,0,0.442515003,-35.96445781,success,33.419,world_179.world,8.366493444,0.2503514
VLM,0,42,0,0.569624264,-65.65216228,success,63.34,world_178.world,8.294915852,0.13095857
VLM,0,199,0,0.818335028,-305.3093233,timeout,747.666,world_178.world,8.294915852,0
VLM,0,21,0,0.357558186,-15.25437247,success,27.535,world_178.world,8.294915852,0.301249895
VLM,0,16,0,0.31370832,-11.61350932,success,22.762,world_177.world,9.022924695,0.396402983
VLM,0,20,0,0.503050499,-25.50348695,success,36.066,world_177.world,9.022924695,0.250178137
VLM,0,27,2,0.687948935,-41.14423348,collision,50.126,world_177.world,9.022924695,0
VLM,0,21,0,0.2968882,-21.03504771,success,23.787,world_176.world,8.045525648,0.338232045
VLM,0,24,0,0.349546086,-18.44786013,success,30.848,world_176.world,8.045525648,0.260811905
VLM,0,31,0,0.473848576,-30.79460934,success,51.253,world_176.world,8.045525648,0.156976677
VLM,0,14,0,0.22413802,-6.146597901,success,17.406,world_175.world,7.976736854,0.458275127
VLM,0,27,0,0.641438368,-28.05892905,success,58.415,world_175.world,7.976736854,0.136552886
VLM,0,12,0,0.079470351,-3.18482281,success,12.093,world_175.world,7.976736854,0.5
VLM,0,31,0,0.53266334,-33.57239709,success,39.807,world_174.world,7.869672043,0.197695683
VLM,0,9,0,0.036017153,-2.037148242,success,9.445,world_174.world,7.869672043,0.5
VLM,0,19,0,0.29791278,-12.93089926,success,21.098,world_174.world,7.869672043,0.373005595
VLM,0,9,0,0.014553219,-1.370317066,success,9.637,world_173.world,7.769171955,0.5
VLM,0,10,0,0.15614632,-1.474016042,success,12.046,world_173.world,7.769171955,0.5
VLM,0,10,0,0.127586357,-2.486701662,success,11.61,world_173.world,7.769171955,0.5
VLM,0,16,0,0.425680431,-14.77323214,success,28.675,world_172.world,8.151308943,0.284265351
VLM,0,40,0,0.703589115,-58.14370261,success,96.965,world_172.world,8.151308943,0.125
VLM,0,10,0,0.222410998,-6.22913649,success,11.784,world_172.world,8.151308943,0.5
VLM,0,13,0,0.235897534,-5.701026016,success,15.618,world_171.world,7.983474611,0.5
VLM,0,14,0,0.39410687,-9.752479279,success,21.734,world_171.world,7.983474611,0.367326521
VLM,0,15,0,0.318229787,-16.68637087,success,19.005,world_171.world,7.983474611,0.420072329
VLM,0,15,0,0.335106454,-12.38891168,success,18.806,world_170.world,7.651993481,0.406891071
VLM,0,199,0,0.929390397,,timeout,176.189,world_170.world,7.651993481,0
VLM,0,199,2,0.88446159,-89.98184736,timeout,425.148,world_170.world,7.651993481,0
VLM,0,61,0,0.594883632,-100.5075318,success,95.389,world_169.world,7.947794995,0.125
VLM,0,21,0,0.328481055,-21.50161773,success,31.618,world_169.world,7.947794995,0.251369315
VLM,0,23,0,0.519809092,-24.47765123,success,41.907,world_169.world,7.947794995,0.18965316
VLM,0,18,0,0.420647194,-14.50573411,success,25.974,world_168.world,8.734100236,0.336263195
VLM,0,10,0,1.88E-07,-2.12132965,success,10.676,world_168.world,8.734100236,0.5
VLM,0,16,0,0.419279042,-13.82135901,success,25.519,world_168.world,8.734100236,0.342258718
VLM,0,11,0,0.092210001,-2.134765323,success,12.581,world_167.world,8.434824453,0.5
VLM,0,17,0,0.410679669,-12.39524735,success,20.606,world_167.world,8.434824453,0.409338273
VLM,0,19,0,0.465273131,-16.66637617,success,29.677,world_167.world,8.434824453,0.284220927
VLM,0,12,0,0.153726839,-7.674329967,success,12.887,world_166.world,7.75232408,0.5
VLM,0,13,0,0.232984394,-4.843160647,success,15.278,world_166.world,7.75232408,0.5
VLM,0,9,0,0.044444637,-1.188136228,success,9.913,world_166.world,7.75232408,0.5
VLM,0,126,1,0.900322306,-166.1236366,collision,843.931,world_165.world,8.611369784,0
VLM,0,199,0,0.957670748,-8.544559886,timeout,174.833,world_165.world,8.611369784,0
VLM,0,37,0,0.505358635,-55.10791465,success,48.527,world_165.world,8.611369784,0.177455227
VLM,0,15,0,0.254924768,-13.92849672,success,17.268,world_164.world,8.222543997,0.476172342
VLM,0,9,0,0.001984325,-1.869692365,success,10.079,world_164.world,8.222543997,0.5
VLM,0,12,0,0.07142871,-3.604470644,success,13.454,world_164.world,8.222543997,0.5
VLM,0,29,0,0.531250018,-27.2521627,success,51.212,world_163.world,8.799914655,0.17183306
VLM,0,28,0,0.491666689,-24.21302079,success,45.602,world_163.world,8.799914655,0.192972121
VLM,0,28,0,0.381327369,-36.13362687,success,35.567,world_163.world,8.799914655,0.247417962
VLM,0,12,0,0.274711261,-7.399254296,success,15.594,world_162.world,7.95890218,0.5
VLM,0,9,0,0.089416225,-3.147770075,success,10.963,world_162.world,7.95890218,0.5
VLM,0,11,0,0.07919269,-2.079574213,success,12.894,world_162.world,7.95890218,0.5
VLM,0,199,0,0.950493886,-9.720229568,timeout,170.098,world_161.world,8.095210744,0
VLM,0,21,0,0.411924159,-20.19015348,success,29.52,world_161.world,8.095210744,0.274228006
VLM,0,15,0,0.216517945,-5.950757483,success,17.923,world_161.world,8.095210744,0.451666057
VLM,0,9,0,0.105263326,-2.050249176,success,10.65,world_160.world,7.822764781,0.5
VLM,0,9,0,0.081932966,-1.089282806,success,9.52,world_160.world,7.822764781,0.5
VLM,0,6,0,3.12E-07,-0.310189001,success,6.43,world_160.world,7.822764781,0.5
VLM,0,16,0,0.359821486,-12.59827117,success,22.401,world_159.world,8.460411963,0.377680102
VLM,0,11,0,0.169697096,-1.457376356,success,13.203,world_159.world,8.460411963,0.5
VLM,0,12,0,0.248357523,-6.694502633,success,15.232,world_159.world,8.460411963,0.5
VLM,0,14,0,0.225352212,-13.61951487,success,15.631,world_158.world,8.185130885,0.5
VLM,0,199,0,0.766129917,-124.2330614,timeout,365.179,world_158.world,8.185130885,0
VLM,0,12,0,0.159155048,-6.94238345,success,14.195,world_158.world,8.185130885,0.5
VLM,0,46,0,0.639521427,-54.83276903,success,103.64,world_157.world,7.83398886,0.125
VLM,0,22,0,0.41341467,-24.12318438,success,32.801,world_157.world,7.83398886,0.238833842
VLM,0,199,0,0.889907493,-56.18519986,timeout,239.997,world_157.world,7.83398886,0
VLM,0,199,0,0.782115713,-148.1789803,timeout,481.576,world_156.world,8.133650292,0
VLM,0,26,0,0.393605902,-15.86540051,success,38.174,world_156.world,8.133650292,0.213067802
VLM,0,39,0,0.551966308,-57.5926857,success,56.967,world_156.world,8.133650292,0.14277828
VLM,0,22,0,0.448818946,-15.98868077,success,22.876,world_155.world,7.830441902,0.342299436
VLM,0,11,0,0.074193698,-1.455337484,success,12.402,world_155.world,7.830441902,0.5
VLM,0,11,0,0.080256969,-1.18427326,success,12.47,world_155.world,7.830441902,0.5
VLM,0,199,0,0.817391925,-84.99570992,timeout,280.823,world_154.world,7.898906122,0
VLM,0,69,0,0.748176495,-115.1176726,success,167.262,world_154.world,7.898906122,0.125
VLM,0,24,0,0.436386804,-32.65439443,success,31.457,world_154.world,7.898906122,0.251101698
VLM,0,199,1,0.96530429,-8.183874903,timeout,178.134,world_153.world,7.951241205,0
VLM,0,18,0,0.402996893,-10.4577019,success,25.377,world_153.world,7.951241205,0.313324712
VLM,0,19,0,0.261006347,-20.23007242,success,25.45,world_153.world,7.951241205,0.312425981
VLM,0,19,0,0.340926996,-17.96955325,success,25.476,world_152.world,8.057859297,0.316292169
VLM,0,21,0,0.52972615,-26.5884346,success,29.958,world_152.world,8.057859297,0.268971871
VLM,0,23,0,0.479896272,-27.92648471,success,30.843,world_152.world,8.057859297,0.261254071
VLM,0,22,1,0.861189804,-29.3659647,collision,112.979,world_151.world,8.942836118,0
VLM,0,38,0,0.567206605,-56.1263956,success,70.397,world_151.world,8.942836118,0.127034336
VLM,0,31,0,0.595023341,-43.41454675,success,64.303,world_151.world,8.942836118,0.139073389
VLM,0,14,0,0.208589054,-6.835434123,success,16.317,world_150.world,7.973092677,0.488637168
VLM,0,13,0,0.130494625,-2.400459896,success,14.56,world_150.world,7.973092677,0.5
VLM,0,12,0,0.254676366,-5.026642198,success,13.915,world_150.world,7.973092677,0.5
VLM,0,14,0,0.290350189,-9.210878478,success,23.431,world_149.world,8.312134164,0.354749441
VLM,0,15,0,0.271332764,-10.59634188,success,20.878,world_149.world,8.312134164,0.398128852
VLM,0,19,0,0.371226758,-12.02599869,success,31.154,world_149.world,8.312134164,0.266807927
VLM,0,9,0,0.070610864,-1.549350704,success,10.499,world_148.world,8.356690315,0.5
VLM,0,14,0,0.260493918,-8.19625085,success,16.201,world_148.world,8.356690315,0.5
VLM,0,15,0,0.289301388,-11.50415108,success,18.336,world_148.world,8.356690315,0.45575318
VLM,0,8,0,0.039560651,-0.404534688,success,9.101,world_147.world,8.187537457,0.5
VLM,0,7,0,2.41E-07,-0.566842451,success,8.308,world_147.world,8.187537457,0.5
VLM,0,9,0,0.223034877,-5.050801637,success,10.956,world_147.world,8.187537457,0.5
VLM,0,26,0,0.674176788,-17.95149149,success,57.71,world_146.world,8.034842319,0.139227904
VLM,0,19,0,0.429181535,-10.04546715,success,28.116,world_146.world,8.034842319,0.28577473
VLM,0,12,0,0.121547083,-2.882486169,success,14.493,world_146.world,8.034842319,0.5
VLM,0,9,0,1.93E-07,-1.955944189,success,10.375,world_145.world,8.152556939,0.5
VLM,0,18,0,0.305254437,-18.17029238,success,23.981,world_145.world,8.152556939,0.339959007
VLM,0,11,0,0.080745484,-3.998289367,success,12.896,world_145.world,8.152556939,0.5
VLM,0,6,0,2.85E-07,-0.188876914,success,7.021,world_144.world,8.467915828,0.5
VLM,0,5,0,3.30E-07,-0.037667512,success,6.061,world_144.world,8.467915828,0.5
VLM,0,5,0,3.30E-07,-0.025032875,success,6.06,world_144.world,8.467915828,0.5
VLM,0,15,0,0.18063121,-4.755609509,success,18.38,world_143.world,7.783440561,0.423473371
VLM,0,9,0,0.026000195,-1.764055965,success,10.001,world_143.world,7.783440561,0.5
VLM,0,9,0,0.010121658,-1.222005888,success,9.883,world_143.world,7.783440561,0.5
VLM,0,10,0,0.099637844,-2.46010589,success,11.043,world_142.world,7.850464282,0.5
VLM,0,11,0,1.70E-07,-1.52656402,success,11.77,world_142.world,7.850464282,0.5
VLM,0,11,0,0.049152704,-1.576461271,success,11.818,world_142.world,7.850464282,0.5
VLM,0,12,0,0.236588826,-9.487651209,success,14.547,world_141.world,7.942081561,0.5
VLM,0,16,0,0.26895127,-8.834315478,success,19.274,world_141.world,7.942081561,0.412061926
VLM,0,17,0,0.272251385,-13.75772598,success,19.101,world_141.world,7.942081561,0.415794019
VLM,0,16,0,0.333001064,-9.300494845,success,20.074,world_140.world,9.080746951,0.452363602
VLM,0,27,0,0.555128715,-40.24158705,success,52.062,world_140.world,9.080746951,0.174421785
VLM,0,19,0,0.323741068,-20.32045113,success,22.248,world_140.world,9.080746951,0.408160147
VLM,0,9,0,0.067061328,-1.053750082,success,10.157,world_139.world,7.744009224,0.5
VLM,0,10,0,0.039179284,-1.956162239,success,10.723,world_139.world,7.744009224,0.5
VLM,0,11,0,0.107843283,-1.677037816,success,12.242,world_139.world,7.744009224,0.5
VLM,0,21,0,0.359738419,-17.50529751,success,27.532,world_138.world,8.66316792,0.31465814
VLM,0,26,0,0.465711389,-30.45102907,success,39.091,world_138.world,8.66316792,0.221615408
VLM,0,18,0,0.387500045,-16.05986387,success,27.208,world_138.world,8.66316792,0.318405172
VLM,0,7,0,2.67E-07,-0.482900429,success,7.501,world_137.world,7.683886494,0.5
VLM,0,9,0,0.09338539,-0.498605585,success,10.299,world_137.world,7.683886494,0.5
VLM,0,7,0,0.074074303,-1.155110268,success,8.108,world_137.world,7.683886494,0.5
VLM,0,14,0,0.227494011,-5.062396396,success,16.451,world_136.world,8.580845786,0.5
VLM,0,11,0,0.122627865,-2.719376787,success,13.7,world_136.world,8.580845786,0.5
VLM,0,14,0,0.19670061,-9.522660731,success,15.764,world_136.world,8.580845786,0.5
VLM,0,17,0,0.342235476,-13.49152633,success,20.235,world_135.world,8.456991878,0.417938813
VLM,0,18,0,0.269662996,-12.43723583,success,19.597,world_135.world,8.456991878,0.43154523
VLM,0,15,0,0.206444009,-9.284884388,success,16.765,world_135.world,8.456991878,0.5
VLM,0,12,0,0.092846409,-4.475261826,success,13.143,world_134.world,8.903085477,0.5
VLM,0,13,0,0.194481052,-10.09386115,success,15.238,world_134.world,8.903085477,0.5
VLM,0,19,0,0.215370937,-8.617566672,success,22.397,world_134.world,8.903085477,0.397512411
VLM,0,14,0,0.299882019,-8.805549735,success,16.957,world_133.world,8.239301259,0.485893805
VLM,0,26,0,0.442669741,-20.24341698,success,35.062,world_133.world,8.239301259,0.234992335
VLM,0,13,0,0.302895401,-7.676026211,success,17.973,world_133.world,8.239301259,0.458426599
VLM,0,55,0,0.615692564,-78.25451685,success,74.954,world_132.world,9.489190949,0.126600194
VLM,0,13,0,0.103500897,-3.18294709,success,13.145,world_132.world,9.489190949,0.5
VLM,0,13,0,0.089442949,-4.011333699,success,13.645,world_132.world,9.489190949,0.5
VLM,0,16,0,0.256830669,-8.111505862,success,21.971,world_131.world,7.98053618,0.363230448
VLM,0,16,0,0.427205924,-11.61984429,success,27.203,world_131.world,7.98053618,0.293369708
VLM,0,13,0,0.257869339,-12.92527133,success,16.534,world_131.world,7.98053618,0.482674258
VLM,0,14,0,0.236715068,-9.462395471,success,16.567,world_130.world,7.90080768,0.476900325
VLM,0,11,0,0.248025395,-5.297276584,success,12.665,world_130.world,7.90080768,0.5
VLM,0,15,0,0.235732105,-8.644544474,success,16.138,world_130.world,7.90080768,0.489577871
VLM,0,15,0,0.316559989,-10.04477905,success,21.877,world_129.world,8.851038502,0.404581913
VLM,0,22,0,0.398919799,-26.88885975,success,25.936,world_129.world,8.851038502,0.341264594
VLM,0,19,0,0.38805975,-16.4464677,success,25.459,world_129.world,8.851038502,0.347658529
VLM,0,32,0,0.456315099,-32.57378681,success,44.199,world_128.world,8.616854335,0.194955866
VLM,0,51,0,0.643027136,-56.71222617,success,126.074,world_128.world,8.616854335,0.125
VLM,0,25,0,0.415813458,-22.9472365,success,35.168,world_128.world,8.616854335,0.245019743
VLM,0,16,0,0.419598039,-16.06301411,success,23.881,world_127.world,8.000727788,0.335024823
VLM,0,19,0,0.379426697,-20.27827843,success,23.728,world_127.world,8.000727788,0.337185089
VLM,0,45,0,0.671368131,-59.62586901,success,99.278,world_127.world,8.000727788,0.125
VLM,0,22,0,0.725522744,-19.71930493,success,60.268,world_126.world,7.838098819,0.130054072
VLM,0,12,0,0.386968167,-12.61797132,success,15.057,world_126.world,7.838098819,0.5
VLM,0,13,0,0.32724911,-14.13685326,success,15.346,world_126.world,7.838098819,0.5
VLM,0,10,0,0.194492393,-7.331710879,success,11.636,world_125.world,7.940600935,0.5
VLM,0,6,0,2.90E-07,-0.291095126,success,6.9,world_125.world,7.940600935,0.5
VLM,0,7,0,2.73E-07,-0.846419393,success,7.331,world_125.world,7.940600935,0.5
VLM,0,199,0,0.960988754,,timeout,170.729,world_124.world,8.206309762,0
VLM,0,199,0,0.924081682,-147.3970671,timeout,1329.079,world_124.world,8.206309762,0
VLM,0,19,0,0.386996951,-16.35052652,success,25.847,world_124.world,8.206309762,0.317495638
VLM,0,47,0,0.633736216,-54.92461655,success,76.12,world_123.world,8.351860774,0.125
VLM,0,31,0,0.629714296,-34.04093035,success,70.01,world_123.world,8.351860774,0.125
VLM,0,49,0,0.587523729,-56.67663965,success,84.331,world_123.world,8.351860774,0.125
VLM,0,16,0,0.325854773,-13.68459631,success,18.731,world_122.world,8.268822349,0.441451196
VLM,0,20,0,0.398479133,-22.55102515,success,26.311,world_122.world,8.268822349,0.314272447
VLM,0,17,0,0.410505894,-12.75625897,success,20.559,world_122.world,8.268822349,0.402199638
VLM,0,10,0,0.181102491,-3.467212317,success,12.699,world_121.world,8.086528592,0.5
VLM,0,16,0,0.375932894,-12.81084476,success,21.454,world_121.world,8.086528592,0.376924051
VLM,0,25,0,0.613943372,-32.57266158,success,45.914,world_121.world,8.086528592,0.176123374
VLM,0,6,0,2.92E-07,-0.407273958,success,6.853,world_120.world,7.642964255,0.5
VLM,0,6,0,3.00E-07,-0.33732196,success,6.673,world_120.world,7.642964255,0.5
VLM,0,6,0,3.06E-07,-0.903347695,success,6.557,world_120.world,7.642964255,0.5
VLM,0,8,0,0.084905876,-1.087724988,success,8.499,world_119.world,8.040118504,0.5
VLM,0,8,0,0.035476932,-1.518039857,success,9.034,world_119.world,8.040118504,0.5
VLM,0,8,0,0.096491426,-1.076277659,success,9.132,world_119.world,8.040118504,0.5
VLM,0,22,0,0.401365229,-18.16305478,success,29.309,world_118.world,8.28653189,0.282729943
VLM,0,19,0,0.448062058,-24.3627452,success,25.808,world_118.world,8.28653189,0.321083846
VLM,0,20,0,0.453025521,-26.12308934,success,25.124,world_118.world,8.28653189,0.329825342
VLM,0,16,0,0.243441842,-9.109978458,success,19.071,world_117.world,9.082600245,0.476251914
VLM,0,11,0,0.093178187,-3.001602567,success,12.027,world_117.world,9.082600245,0.5
VLM,0,11,0,0.201013648,-1.902383011,success,11.844,world_117.world,9.082600245,0.5
VLM,0,199,0,0.912694975,-29.53428747,timeout,184.651,world_116.world,8.263270357,0
VLM,0,199,0,0.940707865,-18.78600182,timeout,175.751,world_116.world,8.263270357,0
VLM,0,16,0,0.28047579,-10.51079899,success,20.188,world_116.world,8.263270357,0.409315948
VLM,0,13,0,0.3464053,-8.333957555,success,18.37,world_115.world,7.913606026,0.430789658
VLM,0,12,0,0.297766837,-7.51879499,success,16.134,world_115.world,7.913606026,0.490492502
VLM,0,13,0,0.374037473,-9.463221938,success,18.183,world_115.world,7.913606026,0.435220042
VLM,0,10,0,0.070370543,-1.366854705,success,10.804,world_114.world,7.836260875,0.5
VLM,0,8,0,0.080831621,-1.013555744,success,8.677,world_114.world,7.836260875,0.5
VLM,0,9,0,0.055441672,-1.051822864,success,9.746,world_114.world,7.836260875,0.5
VLM,0,32,0,0.452736343,-42.85612414,success,44.225,world_113.world,8.193475168,0.185267952
VLM,0,23,0,0.300683424,-24.86996338,success,26.356,world_113.world,8.193475168,0.310877036
VLM,0,15,0,0.163573183,-5.409150286,success,17.24,world_113.world,8.193475168,0.47525958
VLM,0,104,0,0.688500445,-163.3538213,success,203.663,world_112.world,8.528776302,0.125
VLM,0,37,0,0.517987917,-46.51841604,success,62.824,world_112.world,8.528776302,0.135756658
VLM,0,33,0,0.47845807,-38.97382615,success,52.931,world_112.world,8.528776302,0.161130081
VLM,0,14,0,0.246739212,-4.560122826,success,18.409,world_111.world,8.005659507,0.434877479
VLM,0,27,0,0.641324816,-34.57049131,success,53.141,world_111.world,8.005659507,0.150649395
VLM,0,17,0,0.364601826,-12.99592973,success,22.615,world_111.world,8.005659507,0.353997767
VLM,0,11,0,0.046312342,-2.484366871,success,11.668,world_110.world,7.784932258,0.5
VLM,0,15,0,0.296296383,-10.18623241,success,16.212,world_110.world,7.784932258,0.480195673
VLM,0,25,0,0.35082679,-17.59025652,success,27.829,world_110.world,7.784932258,0.279741718
VLM,0,18,0,0.297541041,-15.60696874,success,24.412,world_109.world,8.324773822,0.341011544
VLM,0,15,0,0.293064956,-18.52670394,success,17.883,world_109.world,8.324773822,0.465513271
VLM,0,62,0,0.74873043,-98.74712019,success,189.051,world_109.world,8.324773822,0.125
VLM,0,25,0,0.497387696,-27.20696095,success,38.298,world_108.world,7.839549743,0.204698672
VLM,0,42,0,0.582506775,-67.17857522,success,66.547,world_108.world,7.839549743,0.125
VLM,0,16,0,0.198052035,-9.111584796,success,18.492,world_108.world,7.839549743,0.423942772
VLM,0,39,0,0.538027346,-47.61450425,success,67.324,world_107.world,8.252165036,0.125
VLM,0,199,0,0.886921103,-54.46821102,timeout,225.862,world_107.world,8.252165036,0
VLM,0,42,0,0.584941061,-54.89167078,success,74.655,world_107.world,8.252165036,0.125
VLM,0,16,0,0.191052093,-12.60084149,success,16.544,world_106.world,7.976636803,0.482146809
VLM,0,14,0,0.157082867,-8.106154556,success,14.262,world_106.world,7.976636803,0.5
VLM,0,16,0,0.237172265,-5.732238218,success,17.558,world_106.world,7.976636803,0.45430213
VLM,0,22,0,0.434863559,-21.12136107,success,32.245,world_105.world,8.212060773,0.254677028
VLM,0,18,0,0.312954926,-12.0573243,success,27.481,world_105.world,8.212060773,0.298826854
VLM,0,21,0,0.323021631,-13.50875939,success,27.804,world_105.world,8.212060773,0.295355372
VLM,0,16,0,0.339843814,-11.90094273,success,20.496,world_104.world,9.384586336,0.457874041
VLM,0,30,0,0.567577046,-40.74134296,success,57.123,world_104.world,9.384586336,0.164287351
VLM,0,33,0,0.612336222,-43.34519586,success,62.617,world_104.world,9.384586336,0.149872819
VLM,0,15,0,0.496710568,-17.77986419,success,24.32,world_103.world,8.957754144,0.368328707
VLM,0,15,0,0.371863166,-9.819911772,success,26.302,world_103.world,8.957754144,0.340573118
VLM,0,3,1,0.788835003,0,collision,8.258,world_103.world,8.957754144,0
VLM,0,25,0,0.620525945,-16.11011375,success,54.768,world_102.world,8.310331031,0.151736982
VLM,0,23,0,0.500691586,-19.4458527,success,43.398,world_102.world,8.310331031,0.191491106
VLM,0,22,0,0.410419351,-18.0174379,success,31.494,world_102.world,8.310331031,0.263870294
VLM,0,15,0,0.261176558,-11.61709491,success,17.01,world_101.world,8.043651759,0.472877822
VLM,0,15,0,0.211346028,-3.821928493,success,17.989,world_101.world,8.043651759,0.447142796
VLM,0,14,0,0.125329931,-2.85489214,success,15.168,world_101.world,8.043651759,0.5
VLM,0,7,0,2.64E-07,-0.734463739,success,7.596,world_100.world,7.710418301,0.5
VLM,0,11,0,0.139896522,-1.778149086,success,11.593,world_100.world,7.710418301,0.5
VLM,0,8,0,0.071090268,-1.411548049,success,8.444,world_100.world,7.710418301,0.5
VLM,0,28,0,0.485891942,-35.69290357,success,41.839,world_99.world,8.762009355,0.209422055
VLM,0,199,0,0.935034545,-19.85203133,timeout,179.499,world_99.world,8.762009355,0
VLM,0,25,0,0.537799065,-24.33035181,success,41.804,world_99.world,8.762009355,0.209597392
VLM,0,13,0,0.300982887,-11.45275625,success,16.28,world_98.world,8.013904792,0.492254594
VLM,0,10,0,1.93E-07,-1.716682015,success,10.368,world_98.world,8.013904792,0.5
VLM,0,10,0,0.089147463,-1.741840116,success,10.337,world_98.world,8.013904792,0.5
VLM,0,199,0,0.964845551,-12.84520968,timeout,173.536,world_97.world,8.74400135,0
VLM,0,199,0,0.665349354,-376.9318593,timeout,379.56,world_97.world,8.74400135,0
VLM,0,199,0,0.650210161,-404.0790355,timeout,280.747,world_97.world,8.74400135,0
VLM,0,14,0,0.371900884,-13.47200577,success,21.797,world_96.world,8.233773212,0.377748003
VLM,0,8,0,0.08102365,-2.028058,success,9.39,world_96.world,8.233773212,0.5
VLM,0,15,0,0.408973304,-14.43630317,success,23.183,world_96.world,8.233773212,0.355164267
VLM,0,15,0,0.262935664,-7.9729116,success,18.942,world_95.world,9.649307433,0.5
VLM,0,20,0,0.360215111,-16.30283679,success,22.333,world_95.world,9.649307433,0.43206499
VLM,0,19,0,0.278658036,-20.12008077,success,21.471,world_95.world,9.649307433,0.449411179
VLM,0,15,0,0.491462547,-13.05341423,success,26.958,world_94.world,7.874110369,0.292088077
VLM,0,14,0,0.331637911,-14.00469217,success,19.677,world_94.world,7.874110369,0.400168235
VLM,0,14,0,0.340683645,-10.28259512,success,18.155,world_94.world,7.874110369,0.433715801
VLM,0,32,0,0.633025109,-24.05629415,success,75.719,world_93.world,8.737123789,0.125
VLM,0,29,0,0.486511226,-23.02623491,success,43.744,world_93.world,8.737123789,0.199733079
VLM,0,25,0,0.401929293,-22.20496218,success,37.33,world_93.world,8.737123789,0.234050999
VLM,0,49,0,0.620571443,-56.2929866,success,52.509,world_92.world,8.426405906,0.16047546
VLM,0,19,0,0.399396439,-19.15893537,success,19.897,world_92.world,8.426405906,0.423501327
VLM,0,9,0,0.012024246,-1.295440138,success,9.996,world_92.world,8.426405906,0.5
VLM,0,12,0,0.233333436,-8.231450479,success,15.014,world_91.world,8.651211523,0.5
VLM,0,8,0,0.043956254,-0.673046821,success,9.116,world_91.world,8.651211523,0.5
VLM,0,9,0,0.045816923,-1.724743109,success,10.047,world_91.world,8.651211523,0.5
VLM,0,22,0,0.36309528,-16.46034245,success,30.242,world_90.world,8.915313973,0.294799086
VLM,0,15,0,0.268922594,-16.53940463,success,22.478,world_90.world,8.915313973,0.396623987
VLM,0,15,0,0.379845015,-11.38814207,success,23.228,world_90.world,8.915313973,0.383817547
VLM,0,23,1,0.354083042,-21.14294283,success,29.884,world_89.world,8.277057944,0
VLM,0,20,1,0.309465077,-18.34211205,success,24.318,world_89.world,8.277057944,0
VLM,0,21,0,0.358688112,-19.76064682,success,28.668,world_89.world,8.277057944,0.288721151
VLM,0,11,0,0.163884801,-7.591195857,success,13.181,world_88.world,8.226036826,0.5
VLM,0,12,0,0.121165779,-5.809446832,success,13.05,world_88.world,8.226036826,0.5
VLM,0,13,0,0.177989242,-2.596709248,success,14.737,world_88.world,8.226036826,0.5
VLM,0,17,0,0.295210235,-12.09939187,success,20.467,world_87.world,7.965846177,0.389204386
VLM,0,33,0,0.642658519,-49.44256953,success,71.93,world_87.world,7.965846177,0.125
VLM,0,11,0,0.141196156,-6.171681291,success,12.054,world_87.world,7.965846177,0.5
VLM,0,199,0,0.945921788,-24.94676271,timeout,179.017,world_86.world,8.086051833,0
VLM,0,15,0,0.302013501,-7.838971829,success,17.892,world_86.world,8.086051833,0.451936722
VLM,0,21,0,0.417073218,-20.50617893,success,24.611,world_86.world,8.086051833,0.328554379
VLM,0,24,0,0.468950787,-28.63817796,success,28.035,world_85.world,8.497765888,0.303112748
VLM,0,97,0,0.561297228,-161.2322777,success,112.241,world_85.world,8.497765888,0.125
VLM,0,16,0,0.367647125,-6.836499943,success,19.048,world_85.world,8.497765888,0.446123787
VLM,0,84,1,0.749426796,-98.02019922,success,183.199,world_84.world,7.794684363,0
VLM,0,78,1,0.764637458,-108.686469,success,257.901,world_84.world,7.794684363,0
VLM,0,54,0,0.768128407,-67.86067371,success,139.573,world_84.world,7.794684363,0.125
VLM,0,24,0,0.353057242,-28.20339883,success,30.421,world_83.world,8.267190471,0.271759326
VLM,0,13,0,0.01596531,-4.640422093,success,13.789,world_83.world,8.267190471,0.5
VLM,0,26,0,0.390258606,-27.13329446,success,33.265,world_83.world,8.267190471,0.248525191
VLM,0,12,0,0.104196946,-4.434815888,success,13.821,world_82.world,8.958164793,0.5
VLM,0,14,0,0.241301993,-9.163333807,success,17.822,world_82.world,8.958164793,0.5
VLM,0,46,0,0.737380873,-61.39830817,success,113.351,world_82.world,8.958164793,0.125
VLM,0,22,0,0.446582651,-29.63657075,success,30.147,world_81.world,8.068852074,0.26765025
VLM,0,26,0,0.494640148,-23.03097871,success,39.183,world_81.world,8.068852074,0.205927368
VLM,0,16,0,0.134843675,-9.472387549,success,18.535,world_81.world,8.068852074,0.435330568
VLM,0,8,0,2.32E-07,-0.397938257,success,8.638,world_80.world,8.100313695,0.5
VLM,0,11,0,0.127695004,-4.746828097,success,12.059,world_80.world,8.100313695,0.5
VLM,0,8,0,2.30E-07,-1.11612995,success,8.7,world_80.world,8.100313695,0.5
VLM,0,18,0,0.280266989,-15.14315623,success,20.98,world_79.world,7.915242509,0.37727562
VLM,0,14,0,0.205410901,-3.54221599,success,19.959,world_79.world,7.915242509,0.396575104
VLM,0,11,0,0.143780429,-3.472491342,success,12.379,world_79.world,7.915242509,0.5
VLM,0,16,0,0.421305238,-18.90298104,success,20.858,world_78.world,8.30791726,0.398308431
VLM,0,7,0,0.043927896,-0.40274865,success,7.754,world_78.world,8.30791726,0.5
VLM,0,8,0,0.038095467,-0.341233051,success,8.405,world_78.world,8.30791726,0.5
VLM,0,10,0,0.190095976,-5.306084749,success,12.525,world_77.world,7.858846823,0.5
VLM,0,70,0,0.907682398,-108.826367,success,589.949,world_77.world,7.858846823,0.125
VLM,0,17,0,0.386877874,-11.73557911,success,26.533,world_77.world,7.858846823,0.296191415
VLM,0,40,0,0.421214473,-67.78444477,success,52.035,world_76.world,8.134191098,0.156321535
VLM,0,13,0,0.147100545,-8.702164132,success,14.153,world_76.world,8.134191098,0.5
VLM,0,30,0,0.489968348,-35.98754966,success,37.889,world_76.world,8.134191098,0.214684766
VLM,0,32,0,0.532646071,-43.95536493,success,40.744,world_75.world,8.598515422,0.211037586
VLM,0,12,0,0.346715408,-7.246233609,success,16.454,world_75.world,8.598515422,0.5
VLM,0,11,0,0.417475791,-9.141448506,success,18.554,world_75.world,8.598515422,0.463431897
VLM,0,6,0,0.010929232,-0.308414212,success,7.32,world_74.world,7.681679114,0.5
VLM,0,9,0,0.077586406,-0.694706844,success,9.299,world_74.world,7.681679114,0.5
VLM,0,9,0,2.15E-07,-1.23377988,success,9.316,world_74.world,7.681679114,0.5
VLM,0,10,0,0.097938299,-4.108879878,success,11.642,world_73.world,7.662817529,0.5
VLM,0,14,0,0.229761996,-12.60669596,success,16.803,world_73.world,7.662817529,0.456038656
VLM,0,10,0,0.126811752,-6.817332229,success,11.056,world_73.world,7.662817529,0.5
VLM,0,199,0,0.849952345,-135.7927908,timeout,440.701,world_72.world,9.048141684,0
VLM,0,20,0,0.527777805,-20.70029672,success,34.576,world_72.world,9.048141684,0.261688503
VLM,0,14,0,0.584672461,-9.329089103,success,32.36,world_72.world,9.048141684,0.279608828
VLM,0,6,0,2.93E-07,-0.264562411,success,6.837,world_71.world,8.454422867,0.5
VLM,0,6,0,2.99E-07,-0.054727452,success,6.7,world_71.world,8.454422867,0.5
VLM,0,6,0,3.03E-07,-0.102681711,success,6.603,world_71.world,8.454422867,0.5
VLM,0,11,0,0.104201831,-7.433266678,success,11.904,world_70.world,8.555485397,0.5
VLM,0,11,0,0.175654981,-7.5905917,success,12.989,world_70.world,8.555485397,0.5
VLM,0,12,0,0.166942286,-5.478171424,success,12.112,world_70.world,8.555485397,0.5
VLM,0,20,0,0.568056275,-18.36115477,success,39.83,world_69.world,8.295894616,0.208282566
VLM,0,16,0,0.289033523,-8.488271723,success,21.532,world_69.world,8.295894616,0.38528212
VLM,0,15,0,0.591481728,-10.51927804,success,33.345,world_69.world,8.295894616,0.248789762
VLM,0,10,0,0.03564746,-2.332709226,success,10.678,world_68.world,7.992671381,0.5
VLM,0,10,0,0.089385644,-2.412664325,success,10.8,world_68.world,7.992671381,0.5
VLM,0,11,0,0.047095911,-2.849803676,success,12.734,world_68.world,7.992671381,0.5
VLM,0,10,0,0.064456894,-2.117115424,success,10.865,world_67.world,8.137590765,0.5
VLM,0,13,0,0.135593342,-3.481116578,success,14.176,world_67.world,8.137590765,0.5
VLM,0,8,0,2.33E-07,-1.000584185,success,8.636,world_67.world,8.137590765,0.5
VLM,0,13,0,0.187744565,-7.799235764,success,15.351,world_66.world,8.431327419,0.5
VLM,0,15,0,0.227129419,-4.782049993,success,19.036,world_66.world,8.431327419,0.442914868
VLM,0,14,0,0.203262333,-10.01458597,success,15.958,world_66.world,8.431327419,0.5
VLM,0,9,0,0.044210728,-2.034325727,success,9.535,world_65.world,7.784881351,0.5
VLM,0,11,1,0.202922207,-7.289406175,success,12.325,world_65.world,7.784881351,0
VLM,0,18,1,0.493370587,-9.889191252,success,28.66,world_65.world,7.784881351,0
VLM,0,18,0,0.344226651,-16.04311191,success,18.371,world_64.world,8.299052786,0.451747471
VLM,0,21,0,0.426009012,-26.04427233,success,26.777,world_64.world,8.299052786,0.309932135
VLM,0,16,0,0.180345661,-9.075071064,success,18.524,world_64.world,8.299052786,0.448016238
VLM,0,199,0,0.875434551,-175.8393198,timeout,581.062,world_63.world,8.14213609,0
VLM,0,40,0,0.695692457,-52.9762175,success,86.377,world_63.world,8.14213609,0.125
VLM,0,20,0,0.339314899,-19.26229005,success,24.526,world_63.world,8.14213609,0.33197978
VLM,0,6,0,2.95E-07,-0.042886935,success,6.798,world_62.world,7.789669186,0.5
VLM,0,7,0,2.80E-07,-0.185037077,success,7.154,world_62.world,7.789669186,0.5
VLM,0,6,0,3.17E-07,-0.04044032,success,6.316,world_62.world,7.789669186,0.5
VLM,0,7,0,2.78E-07,-0.369662642,success,7.211,world_61.world,7.904881921,0.5
VLM,0,6,0,2.92E-07,-0.194818566,success,6.869,world_61.world,7.904881921,0.5
VLM,0,7,0,2.85E-07,-0.224327066,success,7.024,world_61.world,7.904881921,0.5
VLM,0,12,1,0.320987759,-7.969154227,success,12.978,world_60.world,8.179350205,0
VLM,0,11,0,0.209876683,-7.474657916,success,11.343,world_60.world,8.179350205,0.5
VLM,0,9,0,0.041753853,-1.216872493,success,9.598,world_60.world,8.179350205,0.5
VLM,0,15,0,0.282690002,-12.96495176,success,16.07,world_59.world,8.195378269,0.5
VLM,0,13,0,0.163513627,-12.75269604,success,14.803,world_59.world,8.195378269,0.5
VLM,0,10,0,0.069943465,-1.892564658,success,10.59,world_59.world,8.195378269,0.5
VLM,0,11,0,0.205420941,-7.040201799,success,14.038,world_58.world,8.561860718,0.5
VLM,0,9,0,0.167630218,-6.833797856,success,10.389,world_58.world,8.561860718,0.5
VLM,0,11,0,0.135350456,-2.362593248,success,12.561,world_58.world,8.561860718,0.5
VLM,0,21,0,0.588176373,-20.30296638,success,39.932,world_57.world,8.325250746,0.208485694
VLM,0,13,0,0.126703116,-8.568531012,success,14.689,world_57.world,8.325250746,0.5
VLM,0,29,0,0.505974287,-33.54463702,success,43.537,world_57.world,8.325250746,0.191222426
VLM,0,15,0,0.340262654,-16.8422314,success,18.28,world_56.world,8.148252271,0.445746842
VLM,0,10,0,0.195578368,-6.644790396,success,11.768,world_56.world,8.148252271,0.5
VLM,0,15,0,0.401117385,-16.34376899,success,17.903,world_56.world,8.148252271,0.455133345
VLM,0,24,0,0.40935676,-21.44354959,success,34.203,world_55.world,7.97203859,0.233080098
VLM,0,21,0,0.440422365,-23.9927869,success,26.525,world_55.world,7.97203859,0.300548109
VLM,0,38,1,0.562524517,-47.59313368,success,51.024,world_55.world,7.97203859,0
VLM,0,6,0,3.05E-07,-0.05934389,success,6.566,world_54.world,7.937059994,0.5
VLM,0,6,0,3.11E-07,-0.175496776,success,6.423,world_54.world,7.937059994,0.5
VLM,0,6,0,3.10E-07,-0.097766083,success,6.46,world_54.world,7.937059994,0.5
VLM,0,6,0,3.07E-07,-0.092487328,success,6.52,world_53.world,8.137162958,0.5
VLM,0,5,0,3.42E-07,-0.026292224,success,5.854,world_53.world,8.137162958,0.5
VLM,0,6,0,2.99E-07,-0.027074692,success,6.7,world_53.world,8.137162958,0.5
VLM,0,13,0,0.201654684,-3.773301561,success,19.364,world_52.world,8.908826053,0.460071579
VLM,0,17,0,0.322400054,-10.88830792,success,25.018,world_52.world,8.908826053,0.356096653
VLM,0,17,0,0.331805744,-17.43931214,success,21.83,world_52.world,8.908826053,0.40810014
VLM,0,15,0,0.39884953,-12.86454064,success,20.859,world_51.world,8.428638485,0.404076825
VLM,0,11,0,0.253078078,-7.638723669,success,14.627,world_51.world,8.428638485,0.5
VLM,0,14,0,0.36103158,-13.54008997,success,20.947,world_51.world,8.428638485,0.402379266
VLM,0,14,0,0.42178454,-14.14945042,success,17.269,world_50.world,8.136260875,0.471148351
VLM,0,11,0,0.219269233,-6.190501583,success,12.055,world_50.world,8.136260875,0.5
VLM,0,10,0,0.12611028,-8.254999124,success,11.261,world_50.world,8.136260875,0.5
VLM,0,13,0,0.23127474,-7.381058086,success,15.238,world_49.world,9.849313256,0.5
VLM,0,20,0,0.402413101,-10.19601418,success,28.191,world_49.world,9.849313256,0.349377931
VLM,0,20,0,0.517867299,-21.1113357,success,35.269,world_49.world,9.849313256,0.279262617
VLM,0,7,0,0.008043161,-0.71493452,success,7.466,world_48.world,7.723639669,0.5
VLM,0,9,0,0.207265127,-5.764425442,success,9.369,world_48.world,7.723639669,0.5
VLM,0,6,0,3.13E-07,-0.471533137,success,6.388,world_48.world,7.723639669,0.5
VLM,0,5,0,3.42E-07,-0.07252193,success,5.841,world_47.world,7.97843029,0.5
VLM,0,6,0,3.08E-07,-0.333272459,success,6.503,world_47.world,7.97843029,0.5
VLM,0,7,0,2.93E-07,-0.089346169,success,6.822,world_47.world,7.97843029,0.5
VLM,0,49,0,0.854566498,-77.50989157,collision,207.386,world_46.world,8.128776612,0
VLM,0,199,0,0.867434927,-69.23963944,timeout,248.189,world_46.world,8.128776612,0
VLM,0,36,0,0.676463842,-36.27426362,success,87.11,world_46.world,8.128776612,0.125
VLM,0,5,0,3.27E-07,-0.017719033,success,6.13,world_45.world,8.507345602,0.5
VLM,0,6,0,3.11E-07,-0.112979255,success,6.449,world_45.world,8.507345602,0.5
VLM,0,6,0,3.09E-07,-0.042015113,success,6.489,world_45.world,8.507345602,0.5
VLM,0,5,0,3.44E-07,-0.148873629,success,5.827,world_44.world,7.979286411,0.5
VLM,0,7,0,2.70E-07,-0.557136482,success,7.421,world_44.world,7.979286411,0.5
VLM,0,7,0,0.04301101,-0.697431663,success,7.454,world_44.world,7.979286411,0.5
VLM,0,6,0,2.98E-07,-0.253508892,success,6.736,world_43.world,8.109232492,0.5
VLM,0,8,0,0.010000247,-1.305923924,success,8.011,world_43.world,8.109232492,0.5
VLM,0,6,0,3.01E-07,-0.288508557,success,6.644,world_43.world,8.109232492,0.5
VLM,0,14,0,0.162371242,-3.852364529,success,15.524,world_42.world,8.07851885,0.5
VLM,0,11,0,0.123519607,-7.238835189,success,11.825,world_42.world,8.07851885,0.5
VLM,0,14,0,0.193464158,-7.693162004,success,15.309,world_42.world,8.07851885,0.5
VLM,0,8,0,2.41E-07,-0.538931927,success,8.304,world_41.world,8.416766402,0.5
VLM,0,7,0,2.63E-07,-0.654811118,success,7.602,world_41.world,8.416766402,0.5
VLM,0,7,0,2.69E-07,-0.639689213,success,7.453,world_41.world,8.416766402,0.5
VLM,0,12,0,0.198074388,-7.684315951,success,14.556,world_40.world,7.916066392,0.5
VLM,0,9,0,0.110057095,-6.482621867,success,10.551,world_40.world,7.916066392,0.5
VLM,0,12,0,0.220339093,-7.90116145,success,14.171,world_40.world,7.916066392,0.5
VLM,0,10,0,0.058608231,-2.529641258,success,10.925,world_39.world,8.383492591,0.5
VLM,0,14,0,0.173028095,-3.109486385,success,15.725,world_39.world,8.383492591,0.5
VLM,0,14,0,0.56532666,-8.243449275,success,31.853,world_39.world,8.383492591,0.263193187
VLM,0,14,0,0.38010212,-12.39712774,success,15.696,world_38.world,7.823793764,0.498457809
VLM,0,19,1,0.495837234,-19.13926468,success,21.619,world_38.world,7.823793764,0
VLM,0,11,0,0.33055103,-8.952846318,success,11.986,world_38.world,7.823793764,0.5
VLM,0,6,0,2.85E-07,-0.03175452,success,7.033,world_37.world,8.126611786,0.5
VLM,0,7,0,2.56E-07,-0.542617042,success,7.822,world_37.world,8.126611786,0.5
VLM,0,6,0,3.12E-07,-0.050806609,success,6.424,world_37.world,8.126611786,0.5
VLM,0,7,0,0.054974069,-0.507472853,success,7.658,world_36.world,7.86633022,0.5
VLM,0,6,0,2.99E-07,-0.201455877,success,6.688,world_36.world,7.86633022,0.5
VLM,0,6,0,3.23E-07,-0.338434341,success,6.209,world_36.world,7.86633022,0.5
VLM,0,19,0,0.296694273,-11.70398969,success,24.218,world_35.world,8.057087722,0.332690054
VLM,0,17,0,0.218720227,-6.625112842,success,20.957,world_35.world,8.057087722,0.384458068
VLM,0,14,0,0.215252249,-6.255035489,success,16.272,world_35.world,8.057087722,0.495150425
VLM,0,7,0,2.70E-07,-0.520308473,success,7.415,world_34.world,8.232892547,0.5
VLM,0,8,0,0.070886311,-1.478690579,success,7.9,world_34.world,8.232892547,0.5
VLM,0,8,0,2.39E-07,-0.928289761,success,8.385,world_34.world,8.232892547,0.5
VLM,0,11,0,0.028318756,-3.136887864,success,11.301,world_33.world,8.084455349,0.5
VLM,0,19,0,0.412961612,-15.90720098,success,26.552,world_33.world,8.084455349,0.304476324
VLM,0,15,0,0.103610816,-4.676605517,success,12.74,world_33.world,8.084455349,0.5
VLM,0,22,0,0.422735398,-25.97381888,success,22.539,world_33.world,8.084455349,0.358687402
VLM,0,11,0,2.36E-07,-2.056694862,success,8.498,world_32.world,7.885459227,0.5
VLM,0,20,0,0.24425644,-15.94139617,success,16.542,world_32.world,7.885459227,0.476693219
VLM,0,13,0,0.109375174,-2.50621887,success,10.24,world_32.world,7.885459227,0.5
VLM,0,18,0,0.233103554,-18.43644962,success,14.505,world_31.world,9.167567699,0.5
VLM,0,23,0,0.400763416,-20.10631592,success,20.967,world_31.world,9.167567699,0.437237931
VLM,0,15,0,0.14646479,-7.309717714,success,11.883,world_31.world,9.167567699,0.5
VLM,0,25,0,0.355836895,-22.27255708,success,28.447,world_30.world,8.334769442,0.292992915
VLM,0,38,0,0.409294546,-33.68635693,success,35.73,world_30.world,8.334769442,0.233270905
VLM,0,17,0,0.302963853,-13.72329088,success,18.225,world_30.world,8.334769442,0.45732617
VLM,0,26,0,0.382456195,-24.12990093,success,22.817,world_29.world,8.00510313,0.350839424
VLM,0,18,0,0.16483528,-16.90056383,success,14.565,world_29.world,8.00510313,0.5
VLM,0,22,0,0.358974422,-23.27620875,success,20.297,world_29.world,8.00510313,0.394398341
VLM,0,8,0,3.10E-07,-0.314366287,success,6.465,world_28.world,8.273013727,0.5
VLM,0,8,0,3.09E-07,-0.262131923,success,6.491,world_28.world,8.273013727,0.5
VLM,0,10,0,0.010075816,-1.577405236,success,7.959,world_28.world,8.273013727,0.5
VLM,0,28,0,0.387727621,-30.59020777,success,29.675,world_27.world,9.746173445,0.328430445
VLM,0,62,0,0.65988534,-86.69482791,success,108.158,world_27.world,9.746173445,0.125
VLM,0,32,0,0.441346181,-42.84791022,success,41.6,world_27.world,9.746173445,0.234283016
VLM,0,10,0,0.112500222,-4.379020818,success,8.005,world_26.world,8.137590765,0.5
VLM,0,11,0,0.131696622,-6.390282971,success,8.971,world_26.world,8.137590765,0.5
VLM,0,11,0,0.116483711,-4.05757064,success,9.114,world_26.world,8.137590765,0.5
VLM,0,18,0,0.347938228,-9.824363386,success,15.522,world_25.world,8.964642399,0.5
VLM,0,20,0,0.362669307,-15.08969885,success,20.69,world_25.world,8.964642399,0.433283828
VLM,0,18,0,0.466666727,-14.72747822,success,17.7,world_25.world,8.964642399,0.5
VLM,0,12,0,0.14693895,-6.486647097,success,9.806,world_24.world,8.330207407,0.5
VLM,0,12,0,0.086868871,-5.702954544,success,9.906,world_24.world,8.330207407,0.5
VLM,0,10,0,0.041565027,-1.167793549,success,8.192,world_24.world,8.330207407,0.5
VLM,0,8,0,3.18E-07,-0.183955634,success,6.287,world_23.world,8.080539346,0.5
VLM,0,8,0,3.09E-07,-0.151154193,success,6.483,world_23.world,8.080539346,0.5
VLM,0,8,0,3.14E-07,-0.320550681,success,6.376,world_23.world,8.080539346,0.5
VLM,0,16,0,0.196992602,-9.13274607,success,13.304,world_22.world,9.858020142,0.5
VLM,0,10,0,2.53E-07,-1.369655656,success,7.918,world_22.world,9.858020142,0.5
VLM,0,14,0,0.199282011,-7.383048768,success,11.14,world_22.world,9.858020142,0.5
VLM,0,8,0,3.13E-07,-0.096499381,success,6.384,world_21.world,8.155271572,0.5
VLM,0,8,0,3.17E-07,-0.143484054,success,6.314,world_21.world,8.155271572,0.5
VLM,0,8,0,3.01E-07,-0.41234872,success,6.64,world_21.world,8.155271572,0.5
VLM,0,199,1,0.774747152,-327.3276268,timeout,437.024,world_20.world,8.748223031,0
VLM,0,199,0,0.970567625,-4.746694557,timeout,142.704,world_20.world,8.748223031,0
VLM,0,199,1,0.757811736,-321.2282982,timeout,408.374,world_20.world,8.748223031,0
VLM,0,8,0,3.10E-07,-0.213959482,success,6.479,world_19.world,8.360155832,0.5
VLM,0,8,0,3.10E-07,-0.111780637,success,6.468,world_19.world,8.360155832,0.5
VLM,0,8,0,3.10E-07,-0.173876982,success,6.461,world_19.world,8.360155832,0.5
VLM,0,8,0,3.13E-07,-0.121246508,success,6.386,world_18.world,8.199722799,0.5
VLM,0,9,0,2.63E-07,-0.49115385,success,7.603,world_18.world,8.199722799,0.5
VLM,0,8,0,3.14E-07,-0.257836339,success,6.368,world_18.world,8.199722799,0.5
VLM,0,22,0,0.291191783,-19.6209564,success,19.311,world_17.world,8.019333475,0.415272823
VLM,0,18,0,0.20903966,-11.02946998,success,14.164,world_17.world,8.019333475,0.5
VLM,0,17,0,0.183356956,-8.178263676,success,14.183,world_17.world,8.019333475,0.5
VLM,0,11,0,0.147252935,-3.837901311,success,9.103,world_16.world,7.705096289,0.5
VLM,0,10,0,0.114428081,-1.063503728,success,8.045,world_16.world,7.705096289,0.5
VLM,0,14,0,0.286885363,-8.787535473,success,12.208,world_16.world,7.705096289,0.5
VLM,0,19,0,0.210836371,-13.33784414,success,16.994,world_15.world,8.183135858,0.481530885
VLM,0,12,0,0.184971255,-7.479175171,success,10.393,world_15.world,8.183135858,0.5
VLM,0,13,0,0.148496401,-3.232919831,success,10.645,world_15.world,8.183135858,0.5
VLM,0,20,0,0.248235383,-16.5816698,success,17.009,world_14.world,8.086238509,0.475409401
VLM,0,18,0,0.199488593,-10.67937479,success,15.659,world_14.world,8.086238509,0.5
VLM,0,21,0,0.271523259,-15.38529148,success,18.122,world_14.world,8.086238509,0.446211153
VLM,0,8,0,3.10E-07,-0.547450221,success,6.469,world_13.world,7.703425987,0.5
VLM,0,9,0,0.065934323,-0.635059803,success,7.283,world_13.world,7.703425987,0.5
VLM,0,10,0,0.041025887,-0.962811146,success,7.815,world_13.world,7.703425987,0.5
VLM,0,20,0,0.462462516,-16.67535504,success,19.994,world_12.world,8.16460123,0.408352567
VLM,0,21,0,0.375000073,-16.84966727,success,17.136,world_12.world,8.16460123,0.476458989
VLM,0,199,1,0.936816369,-14.67300438,timeout,155.421,world_12.world,8.16460123,0
VLM,0,14,0,0.029250635,-2.655564709,success,10.943,world_11.world,8.161275706,0.5
VLM,0,20,0,0.274780518,-11.33151994,success,15.952,world_11.world,8.161275706,0.5
VLM,0,15,0,0.120521316,-7.79556891,success,12.29,world_11.world,8.161275706,0.5
VLM,0,19,0,0.293881716,-14.71276116,success,19.953,world_10.world,8.770606378,0.439563293
VLM,0,19,0,0.278721351,-18.49871085,success,20.029,world_10.world,8.770606378,0.437895371
VLM,0,16,0,0.211161507,-8.386057399,success,13.268,world_10.world,8.770606378,0.5
VLM,0,15,0,0.260027765,-7.881222897,success,14.481,world_9.world,7.905243155,0.5
VLM,0,18,0,0.369245899,-9.125611896,success,20.431,world_9.world,7.905243155,0.386923947
VLM,0,16,0,0.4141532,-13.44851395,success,17.248,world_9.world,7.905243155,0.458328105
VLM,0,11,0,0.043379214,-1.228229679,success,8.777,world_8.world,8.839768846,0.5
VLM,0,8,0,3.12E-07,-0.633254692,success,6.419,world_8.world,8.839768846,0.5
VLM,0,9,0,2.72E-07,-0.629537848,success,7.364,world_8.world,8.839768846,0.5
VLM,0,17,0,0.287621446,-3.826183257,success,16.488,world_7.world,8.177602477,0.495972979
VLM,0,14,0,0.214173352,-9.202930514,success,12.708,world_7.world,8.177602477,0.5
VLM,0,31,0,0.523905756,-26.77931694,success,29.705,world_7.world,8.177602477,0.275293805
VLM,0,17,0,0.34889762,-13.67922286,success,15.423,world_6.world,8.085837515,0.5
VLM,0,14,0,0.106271933,-7.947561278,success,11.486,world_6.world,8.085837515,0.5
VLM,0,12,0,0.158397107,-6.842459803,success,10.496,world_6.world,8.085837515,0.5
VLM,0,25,0,0.418861562,-23.92821191,success,23.543,world_5.world,7.912764273,0.336098385
VLM,0,18,0,0.376370356,-15.86500277,success,16.423,world_5.world,7.912764273,0.481809917
VLM,0,15,0,0.266770785,-8.813846678,success,12.825,world_5.world,7.912764273,0.5
VLM,0,199,0,0.819811941,-339.6905436,timeout,365.843,world_4.world,7.890703186,0
VLM,0,199,0,0.686370781,-369.8054092,timeout,203.695,world_4.world,7.890703186,0
VLM,0,177,0,0.711715193,-274.4147005,success,258.996,world_4.world,7.890703186,0.125
VLM,0,17,0,0.437980303,-13.10882412,success,18.233,world_3.world,8.952248259,0.490991513
VLM,0,18,0,0.454743789,-12.08395108,success,18.353,world_3.world,8.952248259,0.487781194
VLM,0,19,0,0.433981634,-10.42905878,success,19.546,world_3.world,8.952248259,0.458009222
VLM,0,8,0,3.09E-07,-0.122340259,success,6.488,world_2.world,8.591113429,0.5
VLM,0,8,0,3.02E-07,-0.138468006,success,6.626,world_2.world,8.591113429,0.5
VLM,0,8,0,3.09E-07,-0.18621654,success,6.489,world_2.world,8.591113429,0.5
VLM,0,19,0,0.269861378,-17.53397797,success,15.873,world_1.world,8.202198905,0.5
VLM,0,26,0,0.429965197,-25.99220886,success,28.7,world_1.world,8.202198905,0.285790903
VLM,0,14,0,0.092057926,-2.324846679,success,11.09,world_1.world,8.202198905,0.5
VLM,0,16,0,0.18758267,-9.194648388,success,15.144,world_0.world,8.558028083,0.5
VLM,0,16,0,0.239512958,-13.8880612,success,14.805,world_0.world,8.558028083,0.5
VLM,0,19,0,0.302673871,-10.92279827,success,18.703,world_0.world,8.558028083,0.457575153
