Method,Start_frame_id,Done_frame_id,Collision,Recovery,Smoothness,Status,Time,World,optimal_time,nav_metric
VLM,0,29,0,0.1820449897699514,-10.282707070565436,success,16.057000000000002,world_299.world,8.407246218783108,0.5
VLM,0,119,0,0.7855828286631035,-124.3506963309546,timeout,65.212,world_299.world,8.407246218783108,0.0
VLM,0,15,0,2.3474172893386647e-07,-1.2931123270505434,success,8.526000000000002,world_298.world,7.998182157301491,0.5
VLM,0,59,1,0.3722944111135182,-42.007944406359,success,32.34,world_299.world,8.407246218783108,0.0
VLM,0,74,1,0.5292368915145247,-53.502876561419356,success,40.379000000000005,world_299.world,8.407246218783108,0.0
VLM,0,87,0,0.675210097680248,-46.217278632027316,success,47.615,world_299.world,8.407246218783108,0.17656717880464365
VLM,0,16,0,2.1834056368109966e-07,-0.9735785181848876,success,9.181000000000001,world_298.world,7.998182157301491,0.5
VLM,0,24,0,0.3338258000257312,-7.226914053583255,success,13.551,world_298.world,7.998182157301491,0.5
VLM,0,16,0,0.008869399363769542,-1.099437845059564,success,9.04,world_298.world,7.998182157301491,0.5
VLM,0,17,0,2.070392946088417e-07,-1.4600987139699841,success,9.673,world_297.world,7.826528565435303,0.5
VLM,0,18,0,1.9762841944102384e-07,-1.446440567485465,success,10.131999999999998,world_297.world,7.826528565435303,0.5
VLM,0,36,0,0.4341709111386019,-14.019374673839142,success,19.915,world_297.world,7.826528565435303,0.39299666409416534
VLM,0,17,0,2.0833328993056462e-07,-1.6258439021943603,success,9.616,world_296.world,7.77842316226422,0.5
VLM,0,100,0,0.8036900441442788,-8.590898790872906,success,54.202999999999996,world_296.world,7.77842316226422,0.14350539937391327
VLM,0,17,0,2.0746883662472272e-07,-1.6894297842741177,success,9.644999999999998,world_296.world,7.77842316226422,0.5
VLM,0,50,0,0.2368421610495496,-26.85924739020611,success,27.366,world_295.world,8.500779295370204,0.3106328763929769
VLM,0,58,1,0.1507192526129298,-33.87362493512252,success,31.997,world_295.world,8.500779295370204,0.0
VLM,0,55,0,0.16092720788561538,-30.092380213474037,success,30.213,world_295.world,8.500779295370204,0.2813616421861518
VLM,0,119,0,0.7825411686069845,-59.549868314576166,timeout,64.397,world_294.world,8.261333769311195,0.0
VLM,0,17,0,2.0533876687088977e-07,-2.5435272401136455,success,9.754000000000001,world_294.world,8.261333769311195,0.5
VLM,0,83,0,0.7201773960010023,-36.097169435259815,success,45.120000000000005,world_294.world,8.261333769311195,0.18309693637657787
VLM,0,119,1,0.8369058764552384,-199.75687787997265,timeout,64.388,world_293.world,7.997672131399035,0.0
VLM,0,43,0,0.47355168148180676,-15.303916968620229,success,23.836,world_293.world,7.997672131399035,0.3355291211360562
VLM,0,119,0,0.8556478961019423,-144.39647389062316,timeout,64.997,world_293.world,7.997672131399035,0.0
VLM,0,14,0,2.512562182773321e-07,-1.0650206585697561,success,7.977,world_292.world,9.189719208423899,0.5
VLM,0,14,0,2.493764964148388e-07,-0.9227515308006976,success,8.022999999999998,world_292.world,9.189719208423899,0.5
VLM,0,14,0,2.4752469120675964e-07,-1.0728195223190067,success,8.098,world_292.world,9.189719208423899,0.5
VLM,0,69,1,0.22744067401368473,-48.791973863307156,success,37.919000000000004,world_291.world,8.268512621393903,0.0
VLM,0,119,0,0.6400123606047434,-142.47767720487712,timeout,64.798,world_291.world,8.268512621393903,0.0
VLM,0,119,0,0.6528417925394226,-129.65454674485812,timeout,65.114,world_291.world,8.268512621393903,0.0
VLM,0,14,0,2.487561570258316e-07,-0.5766691583336047,success,8.052999999999999,world_290.world,7.731003683421283,0.5
VLM,0,14,0,2.5062650360238006e-07,-0.5738849051548983,success,7.99,world_290.world,7.731003683421283,0.5
VLM,0,14,0,2.481388962434501e-07,-0.5741340315796994,success,8.074000000000002,world_290.world,7.731003683421283,0.5
VLM,0,15,0,2.3584900097900924e-07,-0.5664058918773603,success,8.486,world_289.world,7.884942331552407,0.5
VLM,0,14,0,2.469135192806125e-07,-0.6163117903811983,success,8.115,world_289.world,7.884942331552407,0.5
VLM,0,14,0,2.512562182773321e-07,-0.5971326593226268,success,7.982999999999999,world_289.world,7.884942331552407,0.5
VLM,0,16,0,2.197801714768854e-07,-1.2475858179460662,success,9.11,world_288.world,7.676966908159272,0.5
VLM,0,16,0,2.2026426866425802e-07,-1.1926426093638232,success,9.087,world_288.world,7.676966908159272,0.5
VLM,0,16,0,2.2172944085821714e-07,-1.1811419207844691,success,9.027,world_288.world,7.676966908159272,0.5
VLM,0,30,0,0.2867384364709156,-8.68817142959493,success,16.759,world_287.world,8.433999179342374,0.5
VLM,0,119,0,0.6273964246321452,-205.1294947730527,timeout,64.69300000000001,world_287.world,8.433999179342374,0.0
VLM,0,16,0,2.2172944085821714e-07,-2.735140446420525,success,9.034,world_287.world,8.433999179342374,0.5
VLM,0,14,0,2.4999993750001564e-07,-0.5544006915824978,success,8.018999999999998,world_286.world,8.085594036502888,0.5
VLM,0,68,0,0.7357065946220823,-17.178757153225025,success,37.105,world_286.world,8.085594036502888,0.21791117198498555
VLM,0,14,0,2.5062650360238006e-07,-0.5802349989248573,success,7.981,world_286.world,8.085594036502888,0.5
VLM,0,17,0,2.070392946088417e-07,-1.431875885194121,success,9.682,world_285.world,8.657291412439974,0.5
VLM,0,17,0,2.0618552449783002e-07,-1.5629197792432674,success,9.709999999999999,world_285.world,8.657291412439974,0.5
VLM,0,17,0,2.0833328993056462e-07,-1.5941799329470332,success,9.616000000000001,world_285.world,8.657291412439974,0.5
VLM,0,14,0,2.525251887562655e-07,-0.5930662076138803,success,7.927,world_284.world,7.85639571685466,0.5
VLM,0,14,0,2.4999993750001564e-07,-0.5882013833622113,success,8.013,world_284.world,7.85639571685466,0.5
VLM,0,14,0,2.512562182773321e-07,-0.5804189694875169,success,7.972000000000001,world_284.world,7.85639571685466,0.5
VLM,0,15,0,2.3364480522317638e-07,-0.9249157319780151,success,8.570999999999998,world_283.world,8.025752695075083,0.5
VLM,0,16,0,2.2026426866425802e-07,-1.1226631489673145,success,9.089,world_283.world,8.025752695075083,0.5
VLM,0,15,0,2.3310017876452712e-07,-0.9019784048460276,success,8.58,world_283.world,8.025752695075083,0.5
VLM,0,14,0,2.4752469120675964e-07,-0.3528220317237885,success,8.09,world_282.world,8.091436813921078,0.5
VLM,0,14,0,2.4752469120675964e-07,-0.3377862642103172,success,8.085999999999999,world_282.world,8.091436813921078,0.5
VLM,0,14,0,2.487561570258316e-07,-0.32444567464665647,success,8.058,world_282.world,8.091436813921078,0.5
VLM,0,18,0,1.9607839292580533e-07,-0.26217811488743376,success,10.213000000000001,world_281.world,7.753104122766794,0.5
VLM,0,18,0,1.9417471957772437e-07,-0.28846840056296064,success,10.303999999999998,world_281.world,7.753104122766794,0.5
VLM,0,18,0,1.9267819023541616e-07,-0.25611298018413986,success,10.383,world_281.world,7.753104122766794,0.5
VLM,0,15,0,2.3474172893386647e-07,-0.9344831791958079,success,8.529999999999998,world_280.world,7.906981912732345,0.5
VLM,0,16,0,2.2075050314558433e-07,-1.199070764168417,success,9.064,world_280.world,7.906981912732345,0.5
VLM,0,15,0,2.3419198262482846e-07,-0.8614039605944785,success,8.540999999999999,world_280.world,7.906981912732345,0.5
VLM,0,91,0,0.6945117153142971,-29.41744668400401,success,49.578,world_279.world,8.141257752809178,0.16421109671243653
VLM,0,119,0,0.8585455704650025,-194.663720333343,timeout,65.182,world_279.world,8.141257752809178,0.0
VLM,0,26,1,0.06730782042474995,-9.61241206042005,success,14.569,world_279.world,8.141257752809178,0.0
VLM,0,34,1,0.3251860440822482,-12.865523859530482,success,18.833,world_278.world,8.04702608075498,0.0
VLM,0,77,0,0.7072822604815677,-20.82643532567459,success,42.035000000000004,world_278.world,8.04702608075498,0.19143632879160175
VLM,0,28,0,0.1897436936226034,-8.67297089902753,success,15.620000000000001,world_278.world,8.04702608075498,0.5
VLM,0,19,0,1.848428493820981e-07,-1.7878545261404921,success,10.841000000000001,world_277.world,8.48636998300088,0.5
VLM,0,18,0,1.953124618530348e-07,-1.782685310570337,success,10.255999999999998,world_277.world,8.48636998300088,0.5
VLM,0,18,0,1.9762841944102384e-07,-1.8308108828977392,success,10.127,world_277.world,8.48636998300088,0.5
VLM,0,14,0,2.444987177264749e-07,-0.22272473725248448,success,8.18,world_276.world,8.129771498092264,0.5
VLM,0,14,0,2.4999993750001564e-07,-0.2121451929816467,success,8.008000000000001,world_276.world,8.129771498092264,0.5
VLM,0,14,0,2.4999993750001564e-07,-0.20743335649550143,success,8.018,world_276.world,8.129771498092264,0.5
VLM,0,24,0,0.3071217645219934,-8.054174031473185,success,13.497,world_275.world,8.302841434323229,0.5
VLM,0,15,0,2.3529406228375008e-07,-1.6273135527914753,success,8.511999999999999,world_275.world,8.302841434323229,0.5
VLM,0,27,0,0.3952255443997951,-9.973700377165054,success,15.087,world_275.world,8.302841434323229,0.5
VLM,0,119,0,0.5753551706190496,-156.70205306002237,timeout,64.762,world_274.world,7.861005519926587,0.0
VLM,0,119,0,0.4156718881030949,-233.74661230586497,timeout,65.34,world_274.world,7.861005519926587,0.0
VLM,0,119,0,0.40889439750171713,-230.30956640102784,timeout,64.776,world_274.world,7.861005519926587,0.0
VLM,0,17,0,2.0576127453471718e-07,-1.060790558203949,success,9.722000000000001,world_273.world,8.165814212170682,0.5
VLM,0,17,0,2.0408159100375695e-07,-1.142687186957679,success,9.806000000000001,world_273.world,8.165814212170682,0.5
VLM,0,17,0,2.0790016467772047e-07,-1.057133294520165,success,9.636999999999999,world_273.world,8.165814212170682,0.5
VLM,0,14,0,2.5062650360238006e-07,-0.4900724135388944,success,7.981999999999999,world_272.world,7.9472629195098925,0.5
VLM,0,14,0,2.5062650360238006e-07,-0.48077452809921084,success,7.989000000000001,world_272.world,7.9472629195098925,0.5
VLM,0,14,0,2.5062650360238006e-07,-0.47185485000168287,success,7.982000000000001,world_272.world,7.9472629195098925,0.5
VLM,0,119,0,0.9318962845393226,-4.905414597449022,timeout,64.037,world_271.world,7.8721324090909235,0.0
VLM,0,17,0,2.0876822363920176e-07,-0.8116353317023232,success,9.591999999999999,world_271.world,7.8721324090909235,0.5
VLM,0,17,0,0.014583538628429453,-0.7651060925530501,success,9.618,world_271.world,7.8721324090909235,0.5
VLM,0,20,0,0.014134449799567173,-1.7123550307750262,success,11.322999999999999,world_270.world,8.0158028015772,0.5
VLM,0,27,0,0.26225175334413864,-7.9135047025161445,success,15.111999999999998,world_270.world,8.0158028015772,0.5
VLM,0,119,2,0.8285626399334368,-187.19994018188183,timeout,64.99199999999999,world_270.world,8.0158028015772,0.0
VLM,0,19,0,1.883238816715854e-07,-2.895488017413782,success,10.631,world_269.world,8.393662666578876,0.5
VLM,0,18,0,1.9646361562600874e-07,-2.7294520638835653,success,10.187000000000001,world_269.world,8.393662666578876,0.5
VLM,0,18,0,1.95694677946247e-07,-2.8665661397780435,success,10.232000000000001,world_269.world,8.393662666578876,0.5
VLM,0,28,0,0.2846055259242528,-14.566075891670033,success,15.477,world_268.world,7.825330424845294,0.5
VLM,0,32,0,0.323927841543133,-14.581086915935385,success,17.723999999999997,world_268.world,7.825330424845294,0.44151040537380365
VLM,0,23,0,0.18923089396447787,-8.431901407962012,success,13.014,world_268.world,7.825330424845294,0.5
VLM,0,14,0,2.4752469120675964e-07,-0.6990647042938234,success,8.084999999999999,world_267.world,7.767884282048531,0.5
VLM,0,14,0,2.5062650360238006e-07,-0.660181714504038,success,7.985999999999999,world_267.world,7.767884282048531,0.5
VLM,0,14,0,2.487561570258316e-07,-0.648974196773423,success,8.051,world_267.world,7.767884282048531,0.5
VLM,0,18,0,1.9762841944102384e-07,-1.9380251793100054,success,10.126999999999999,world_266.world,8.268726393333566,0.5
VLM,0,19,0,0.03531616443937464,-2.346694824445582,success,10.763,world_266.world,8.268726393333566,0.5
VLM,0,18,0,1.9762841944102384e-07,-2.0504051691306184,success,10.129,world_266.world,8.268726393333566,0.5
VLM,0,40,0,0.3257713860461537,-10.248008292680229,success,22.054000000000002,world_265.world,8.367950840432563,0.3794300734756762
VLM,0,36,0,0.28269624922572945,-10.176754896050232,success,19.894000000000002,world_265.world,8.367950840432563,0.4206268644029638
VLM,0,119,0,0.7957855656713491,-66.28539442179022,timeout,64.548,world_265.world,8.367950840432563,0.0
VLM,0,119,0,0.7122568782878396,-180.81100012928465,timeout,64.78,world_264.world,7.690668105576133,0.0
VLM,0,119,0,0.4995383348864778,-259.7856186642163,timeout,64.982,world_264.world,7.690668105576133,0.0
VLM,0,119,0,0.5901189512010079,-133.28761474280708,timeout,65.582,world_264.world,7.690668105576133,0.0
VLM,0,32,0,0.1175142240096922,-12.851898155397976,success,17.719,world_263.world,8.828844286165843,0.4982698959402812
VLM,0,26,0,0.006747772368721677,-6.481667662801596,success,14.826999999999998,world_263.world,8.828844286165843,0.5
VLM,0,119,0,0.707934556717056,-174.9574563871893,timeout,64.799,world_263.world,8.828844286165843,0.0
VLM,0,85,10,0.42931036942627715,-68.55943666358006,collision,46.417,world_262.world,7.862157626920194,0.0
VLM,0,119,0,0.8238583465716575,-33.3678963573842,timeout,64.396,world_262.world,7.862157626920194,0.0
VLM,0,53,3,0.33310538077254576,-33.944150478570585,collision,29.259,world_262.world,7.862157626920194,0.0
VLM,0,14,0,2.493764964148388e-07,-0.4599753294460088,success,8.030999999999999,world_261.world,7.798286266619087,0.5
VLM,0,14,0,2.493764964148388e-07,-0.513779937190066,success,8.018,world_261.world,7.798286266619087,0.5
VLM,0,14,0,2.493764964148388e-07,-0.49821201906333235,success,8.032,world_261.world,7.798286266619087,0.5
VLM,0,39,0,0.17592600222907387,-24.938711372818293,success,21.614999999999995,world_260.world,7.912408394061744,0.36606099440489226
VLM,0,31,0,0.07118265543253095,-11.577365166087253,success,17.436,world_260.world,7.912408394061744,0.45379722379340126
VLM,0,32,0,0.12910542139236453,-18.308713789413396,success,17.676000000000002,world_260.world,7.912408394061744,0.44763568647101964
VLM,0,119,0,0.44943131111493045,-214.03579067579096,timeout,65.08,world_259.world,8.292681330688314,0.0
VLM,0,63,3,0.3749278235165902,-83.31423293684219,collision,34.626,world_259.world,8.292681330688314,0.0
VLM,0,119,0,0.6988950368663279,-242.2898015585159,timeout,65.17,world_259.world,8.292681330688314,0.0
VLM,0,119,0,0.8363410131816735,-79.00204307980145,timeout,64.28999999999999,world_258.world,8.575004014668814,0.0
VLM,0,119,0,0.8466769753732002,-72.66587033170678,timeout,64.71,world_258.world,8.575004014668814,0.0
VLM,0,119,0,0.29099729339201896,-80.96228022262055,timeout,65.99600000000001,world_258.world,8.575004014668814,0.0
VLM,0,119,0,0.5520417699710847,-241.8316606719566,timeout,65.156,world_257.world,8.037990616979489,0.0
VLM,0,119,0,0.5835913441612587,-245.59178399182193,timeout,64.62,world_257.world,8.037990616979489,0.0
VLM,0,119,0,0.6631644109034484,-184.59492614840596,timeout,64.737,world_257.world,8.037990616979489,0.0
VLM,0,13,0,2.604165988498441e-07,-0.19581371947725404,success,7.692999999999998,world_256.world,7.764255277374167,0.5
VLM,0,13,0,2.610965375727056e-07,-0.2013117086612611,success,7.670000000000002,world_256.world,7.764255277374167,0.5
VLM,0,14,0,2.512562182773321e-07,-0.23776779136156193,success,7.963999999999999,world_256.world,7.764255277374167,0.5
VLM,0,119,0,0.8530776414142394,-20.73660899971131,timeout,64.67500000000001,world_255.world,8.135994185598866,0.0
VLM,0,23,0,0.006230684387743865,-3.6175134462540224,success,12.858,world_255.world,8.135994185598866,0.5
VLM,0,23,0,1.5527947899386975e-07,-3.663226965257039,success,12.889,world_255.world,8.135994185598866,0.5
VLM,0,16,0,2.1929819752232513e-07,-1.8489200357107372,success,9.133,world_254.world,7.849673970103881,0.5
VLM,0,16,0,2.1929819752232513e-07,-1.8510519904012879,success,9.123000000000001,world_254.world,7.849673970103881,0.5
VLM,0,17,0,2.092049771537705e-07,-1.8864420163310003,success,9.579999999999998,world_254.world,7.849673970103881,0.5
VLM,0,119,3,0.8453416197098876,-35.453573408933366,timeout,64.40700000000001,world_253.world,8.141594309743207,0.0
VLM,0,119,0,0.8140547321500394,-33.48323236869386,timeout,64.324,world_253.world,8.141594309743207,0.0
VLM,0,45,0,0.3755069444033297,-33.41495431624845,success,24.676000000000002,world_253.world,8.141594309743207,0.3299397920952831
VLM,0,27,0,0.1403974648480179,-10.247406772690027,success,15.111,world_252.world,8.17816026606636,0.5
VLM,0,29,0,0.14179115151851351,-10.703750013535757,success,16.092,world_252.world,8.17816026606636,0.5
VLM,0,27,0,0.1374346678750435,-16.1879444494994,success,15.286000000000001,world_252.world,8.17816026606636,0.5
VLM,0,14,0,2.493764964148388e-07,-0.5347319617022016,success,8.029999999999998,world_251.world,7.812338128453967,0.5
VLM,0,14,0,2.4752469120675964e-07,-0.5327686520616264,success,8.098,world_251.world,7.812338128453967,0.5
VLM,0,14,0,2.481388962434501e-07,-0.5236809644571914,success,8.060000000000002,world_251.world,7.812338128453967,0.5
VLM,0,20,0,1.7636681192825188e-07,-4.0345516358878,success,11.355,world_250.world,8.084153480751173,0.5
VLM,0,31,0,0.324855569380859,-15.320673331263317,success,17.302,world_250.world,8.084153480751173,0.46723809274946093
VLM,0,22,0,0.11308576525270353,-5.425173669386265,success,12.392999999999999,world_250.world,8.084153480751173,0.5
VLM,0,15,0,2.3529406228375008e-07,-0.7229660413266061,success,8.515,world_249.world,7.770397702347515,0.5
VLM,0,15,0,2.3474172893386647e-07,-0.805497929902145,success,8.536000000000001,world_249.world,7.770397702347515,0.5
VLM,0,14,0,2.4570018533164984e-07,-0.6898500392542574,success,8.146,world_249.world,7.770397702347515,0.5
VLM,0,63,0,0.16134653735655616,-37.963589865633544,success,34.467999999999996,world_248.world,8.12910238774821,0.235844910866549
VLM,0,74,3,0.2749511117929984,-50.376449912126525,success,40.893,world_248.world,8.12910238774821,0.0
VLM,0,60,0,0.13939399155187931,-28.655376621082215,success,33.007999999999996,world_248.world,8.12910238774821,0.24627673254205681
VLM,0,14,0,2.463053580528675e-07,-0.3820155321800548,success,8.123999999999999,world_247.world,8.032705583609713,0.5
VLM,0,14,0,2.4570018533164984e-07,-0.369288936351695,success,8.149,world_247.world,8.032705583609713,0.5
VLM,0,14,0,2.493764964148388e-07,-0.348797444337055,success,8.029,world_247.world,8.032705583609713,0.5
VLM,0,14,0,2.463053580528675e-07,-0.42510691572532433,success,8.127,world_246.world,7.97182501236278,0.5
VLM,0,14,0,2.493764964148388e-07,-0.4316185582639297,success,8.031999999999998,world_246.world,7.97182501236278,0.5
VLM,0,14,0,2.444987177264749e-07,-0.43732686183449926,success,8.188,world_246.world,7.97182501236278,0.5
VLM,0,119,0,0.7617284024157901,-163.92839127423696,timeout,64.819,world_245.world,8.203446936428485,0.0
VLM,0,119,0,0.7705574447010335,-151.37248783634962,timeout,64.94399999999999,world_245.world,8.203446936428485,0.0
VLM,0,119,0,0.6250772197320191,-169.9908304641067,timeout,64.773,world_245.world,8.203446936428485,0.0
VLM,0,14,0,2.5188910531760575e-07,-0.3787502109801146,success,7.953999999999999,world_244.world,8.276354081505499,0.5
VLM,0,14,0,2.4570018533164984e-07,-0.4083351223286039,success,8.145,world_244.world,8.276354081505499,0.5
VLM,0,14,0,2.4999993750001564e-07,-0.3673816005257272,success,8.016,world_244.world,8.276354081505499,0.5
VLM,0,17,0,0.004132437162719595,-1.9008387169116212,success,9.684,world_243.world,8.24231146825148,0.5
VLM,0,21,0,0.07521383329678064,-4.344529784919285,success,11.72,world_243.world,8.24231146825148,0.5
VLM,0,17,0,2.0876822363920176e-07,-2.052823765225857,success,9.584,world_243.world,8.24231146825148,0.5
VLM,0,17,0,2.0790016467772047e-07,-1.0455703044677023,success,9.632000000000001,world_242.world,7.789830031315,0.5
VLM,0,17,0,2.0876822363920176e-07,-0.9688288745303824,success,9.598999999999998,world_242.world,7.789830031315,0.5
VLM,0,17,0,2.070392946088417e-07,-0.9964049110930193,success,9.679,world_242.world,7.789830031315,0.5
VLM,0,14,0,2.487561570258316e-07,-0.5493744491505542,success,8.052000000000001,world_241.world,7.7556717677242215,0.5
VLM,0,14,0,2.4752469120675964e-07,-0.5519226832083058,success,8.086999999999998,world_241.world,7.7556717677242215,0.5
VLM,0,14,0,2.4999993750001564e-07,-0.5594083999412358,success,8.013,world_241.world,7.7556717677242215,0.5
VLM,0,34,0,0.29255326674965243,-15.807849470448884,success,18.805999999999997,world_240.world,8.26791047968235,0.439642160995552
VLM,0,101,0,0.7332848934126128,-33.64792548914725,success,55.057,world_240.world,8.26791047968235,0.15017001434299634
VLM,0,57,0,0.5263496448361411,-32.9719928986045,success,31.138,world_240.world,8.26791047968235,0.265524776147548
VLM,0,15,0,2.3474172893386647e-07,-1.3214583318952875,success,8.535,world_239.world,7.9219441315162396,0.5
VLM,0,15,0,2.3255808545160806e-07,-1.2944691396187689,success,8.607,world_239.world,7.9219441315162396,0.5
VLM,0,17,0,0.006263255477399692,-1.320911241843854,success,9.6,world_239.world,7.9219441315162396,0.5
VLM,0,15,0,2.3474172893386647e-07,-1.2527888888079022,success,8.538000000000002,world_238.world,8.512989118917758,0.5
VLM,0,15,0,2.3310017876452712e-07,-1.1082650683029458,success,8.59,world_238.world,8.512989118917758,0.5
VLM,0,15,0,2.3364480522317638e-07,-1.2673011752263268,success,8.571,world_238.world,8.512989118917758,0.5
VLM,0,14,0,2.493764964148388e-07,-0.9229596244318532,success,8.032999999999998,world_237.world,8.147969549626211,0.5
VLM,0,14,0,2.463053580528675e-07,-0.9927420998376344,success,8.131,world_237.world,8.147969549626211,0.5
VLM,0,15,0,2.3474172893386647e-07,-0.9038269573988608,success,8.536999999999999,world_237.world,8.147969549626211,0.5
VLM,0,18,0,1.9723861987403949e-07,-1.6895504389814873,success,10.143,world_236.world,7.811169146986348,0.5
VLM,0,17,0,2.0790016467772047e-07,-1.2115459770935175,success,9.624,world_236.world,7.811169146986348,0.5
VLM,0,17,0,2.0790016467772047e-07,-1.5041237326477948,success,9.634000000000002,world_236.world,7.811169146986348,0.5
VLM,0,16,0,0.008810791010838984,-0.5733526939966135,success,9.083000000000002,world_235.world,8.095851906539131,0.5
VLM,0,14,0,2.487561570258316e-07,-0.41605522088708885,success,8.055,world_235.world,8.095851906539131,0.5
VLM,0,119,0,0.9436183412757639,-11.744550063556924,timeout,64.577,world_235.world,8.095851906539131,0.0
VLM,0,16,0,2.164501695995304e-07,-1.4034421934387367,success,9.258000000000001,world_234.world,8.112848826210472,0.5
VLM,0,16,0,2.197801714768854e-07,-1.115842109616923,success,9.115,world_234.world,8.112848826210472,0.5
VLM,0,25,0,0.289813588262039,-7.328887051637246,success,13.953999999999999,world_234.world,8.112848826210472,0.5
VLM,0,119,0,0.45277779466735196,-268.9105675227903,timeout,64.8,world_233.world,8.118199884283989,0.0
VLM,0,119,0,0.5571738593996325,-164.4444715768187,timeout,64.55499999999999,world_233.world,8.118199884283989,0.0
VLM,0,119,0,0.4568965684453027,-260.68576147083417,timeout,64.97200000000001,world_233.world,8.118199884283989,0.0
VLM,0,15,0,2.3474172893386647e-07,-1.5658018260164748,success,8.526000000000002,world_232.world,7.909011560818807,0.5
VLM,0,17,0,0.03278708344526979,-1.375525324252635,success,9.764,world_232.world,7.909011560818807,0.5
VLM,0,16,0,0.002188402146957955,-1.6988217017631186,success,9.150000000000002,world_232.world,7.909011560818807,0.5
VLM,0,119,0,0.45532176104538696,-261.61971133504636,timeout,65.597,world_231.world,8.772936875967888,0.0
VLM,0,119,0,0.45393534307701816,-260.5496278165466,timeout,65.569,world_231.world,8.772936875967888,0.0
VLM,0,119,0,0.4482968537622611,-242.64104225322342,timeout,65.779,world_231.world,8.772936875967888,0.0
VLM,0,14,0,2.5062650360238006e-07,-0.32745554050767045,success,7.985000000000001,world_230.world,7.770867060504877,0.5
VLM,0,14,0,2.4752469120675964e-07,-0.32070439290332836,success,8.093000000000002,world_230.world,7.770867060504877,0.5
VLM,0,14,0,2.5062650360238006e-07,-0.327905926150852,success,7.9879999999999995,world_230.world,7.770867060504877,0.5
VLM,0,14,0,2.5188910531760575e-07,-0.6795566615769273,success,7.947000000000001,world_229.world,9.333178092448502,0.5
VLM,0,14,0,2.4999993750001564e-07,-0.7664739779522907,success,8.011000000000001,world_229.world,9.333178092448502,0.5
VLM,0,14,0,2.512562182773321e-07,-0.6831683985971229,success,7.968999999999999,world_229.world,9.333178092448502,0.5
VLM,0,29,1,0.2318296701967832,-8.965152314991327,success,15.972999999999999,world_228.world,8.125979676054454,0.0
VLM,0,33,0,0.3010989779012112,-20.54215326930171,success,18.217,world_228.world,8.125979676054454,0.4460657449664849
VLM,0,21,0,0.01360560993101872,-3.394710839498082,success,11.78,world_228.world,8.125979676054454,0.5
VLM,0,14,0,2.5062650360238006e-07,-0.15352922409834446,success,7.994,world_227.world,7.656298148557264,0.5
VLM,0,14,0,2.4999993750001564e-07,-0.16854003464236744,success,8.01,world_227.world,7.656298148557264,0.5
VLM,0,14,0,2.469135192806125e-07,-0.16521916758534294,success,8.104,world_227.world,7.656298148557264,0.5
VLM,0,119,2,0.7131425142153736,-92.7246524057451,timeout,64.988,world_226.world,7.7971315301654105,0.0
VLM,0,79,1,0.5913083869020624,-37.38852794407175,success,43.271,world_226.world,7.7971315301654105,0.0
VLM,0,95,0,0.6311317253328804,-58.618917437220276,success,51.79,world_226.world,7.7971315301654105,0.15055283896824503
VLM,0,14,0,2.481388962434501e-07,-0.5117998900087989,success,8.08,world_225.world,8.273415681303838,0.5
VLM,0,14,0,2.481388962434501e-07,-0.49488797939179746,success,8.079,world_225.world,8.273415681303838,0.5
VLM,0,14,0,2.5062650360238006e-07,-0.5105297747338304,success,7.998000000000001,world_225.world,8.273415681303838,0.5
VLM,0,14,0,2.481388962434501e-07,-0.1280975754427659,success,8.066999999999998,world_224.world,7.793928744049557,0.5
VLM,0,14,0,2.463053580528675e-07,-0.13069198981561453,success,8.137,world_224.world,7.793928744049557,0.5
VLM,0,14,0,2.469135192806125e-07,-0.1304837761454555,success,8.119,world_224.world,7.793928744049557,0.5
VLM,0,119,0,0.7477644234423552,-181.72196740241392,timeout,64.86699999999999,world_223.world,8.130412532756333,0.0
VLM,0,31,0,0.26580804850022854,-22.428657116012875,success,17.089,world_223.world,8.130412532756333,0.47576877130062223
VLM,0,25,0,0.002869583519428477,-4.188859939229633,success,13.956000000000001,world_223.world,8.130412532756333,0.5
VLM,0,14,0,2.469135192806125e-07,-0.874050713091819,success,8.115,world_222.world,8.205334100558725,0.5
VLM,0,14,0,2.481388962434501e-07,-0.9813385368480678,success,8.065,world_222.world,8.205334100558725,0.5
VLM,0,14,0,2.4999993750001564e-07,-0.9117561872129651,success,8.011000000000001,world_222.world,8.205334100558725,0.5
VLM,0,14,0,2.469135192806125e-07,-0.15223091933175625,success,8.108000000000002,world_221.world,8.407620739566742,0.5
VLM,0,14,0,2.463053580528675e-07,-0.17050313696737193,success,8.138,world_221.world,8.407620739566742,0.5
VLM,0,14,0,2.481388962434501e-07,-0.14327752230744317,success,8.067000000000002,world_221.world,8.407620739566742,0.5
VLM,0,14,0,2.4752469120675964e-07,-0.46491609831029335,success,8.09,world_220.world,8.07835313263655,0.5
VLM,0,14,0,2.481388962434501e-07,-0.3862935867987782,success,8.078999999999999,world_220.world,8.07835313263655,0.5
VLM,0,14,0,2.512562182773321e-07,-0.37746078906788155,success,7.975999999999999,world_220.world,8.07835313263655,0.5
VLM,0,119,0,0.701298710320184,-165.79919386817934,timeout,66.221,world_219.world,8.099459323096337,0.0
VLM,0,18,3,0.4199219882964867,-15.564687051462197,collision,10.256999999999998,world_219.world,8.099459323096337,0.0
VLM,0,119,0,0.4975415028413797,-138.94711178556736,timeout,65.097,world_219.world,8.099459323096337,0.0
VLM,0,119,0,0.7721130291120077,-22.16413743411024,timeout,65.137,world_218.world,8.59927851805124,0.0
VLM,0,37,0,0.06189564198301335,-18.158931765341144,success,20.683999999999997,world_218.world,8.59927851805124,0.41574543212392384
VLM,0,37,0,0.07219521246875976,-19.566993693861168,success,20.524,world_218.world,8.59927851805124,0.4189864801233307
VLM,0,119,1,0.5130568505973317,-207.72254682147664,timeout,65.11099999999999,world_217.world,8.51694370004654,0.0
VLM,0,119,0,0.4846625924950125,-242.54104697145144,timeout,65.216,world_217.world,8.51694370004654,0.0
VLM,0,119,0,0.5938851268102184,-221.73125391494204,timeout,64.762,world_217.world,8.51694370004654,0.0
VLM,0,15,0,2.3474172893386647e-07,-0.7007810947849681,success,8.53,world_216.world,8.231413228723815,0.5
VLM,0,21,0,0.11129863215874669,-8.32820787088646,success,11.871,world_216.world,8.231413228723815,0.5
VLM,0,16,0,2.197801714768854e-07,-0.8240970992946913,success,9.102,world_216.world,8.231413228723815,0.5
VLM,0,90,0,0.5623987211345737,-91.76558015101142,success,49.36,world_215.world,8.6053610093842,0.1743387562679133
VLM,0,100,0,0.5406681357782085,-87.52144291677214,success,55.099999999999994,world_215.world,8.6053610093842,0.1561771508055209
VLM,0,75,0,0.3021442835212337,-57.22160490856764,success,41.053,world_215.world,8.6053610093842,0.2096158870090907
VLM,0,47,0,0.45517778553494703,-36.443642319534035,success,25.882000000000005,world_214.world,8.091064134930969,0.3126135590345015
VLM,0,24,0,0.008862775648039048,-3.9237300201348844,success,13.556999999999999,world_214.world,8.091064134930969,0.5
VLM,0,29,0,0.1691543321947348,-10.17353731084462,success,16.096,world_214.world,8.091064134930969,0.5
VLM,0,16,0,2.1739125708885717e-07,-2.035876211018069,success,9.218000000000002,world_213.world,8.080583152791007,0.5
VLM,0,17,0,2.070392946088417e-07,-2.1112071258286345,success,9.678999999999998,world_213.world,8.080583152791007,0.5
VLM,0,16,0,2.2026426866425802e-07,-2.0682489742077963,success,9.093,world_213.world,8.080583152791007,0.5
VLM,0,29,0,0.07338319982796022,-11.764903505167547,success,16.101000000000003,world_212.world,8.329698063701649,0.5
VLM,0,33,0,0.19715233328013876,-17.00322308425515,success,18.261000000000003,world_212.world,8.329698063701649,0.45614687386789593
VLM,0,29,0,0.09625011296873588,-11.848426520129827,success,16.015,world_212.world,8.329698063701649,0.5
VLM,0,16,0,2.2075050314558433e-07,-1.500781009361686,success,9.075000000000001,world_211.world,7.835101179481681,0.5
VLM,0,16,0,2.2026426866425802e-07,-1.7507858672538266,success,9.084000000000001,world_211.world,7.835101179481681,0.5
VLM,0,40,0,0.3885870119033504,-21.037334840556824,success,22.086000000000002,world_211.world,7.835101179481681,0.35475419629999455
VLM,0,14,0,2.493764964148388e-07,-0.6734615658202106,success,8.022000000000002,world_210.world,8.955608784787188,0.5
VLM,0,14,0,2.4330894323383377e-07,-0.6848843689793676,success,8.23,world_210.world,8.955608784787188,0.5
VLM,0,14,0,2.493764964148388e-07,-0.6786976691176568,success,8.034999999999998,world_210.world,8.955608784787188,0.5
VLM,0,16,0,2.2075050314558433e-07,-1.0347128869852618,success,9.063000000000002,world_209.world,8.877499484588025,0.5
VLM,0,16,0,2.2026426866425802e-07,-1.1920781906059281,success,9.089999999999998,world_209.world,8.877499484588025,0.5
VLM,0,16,0,2.1786487628216205e-07,-1.0731944150534933,success,9.195,world_209.world,8.877499484588025,0.5
VLM,0,14,0,2.469135192806125e-07,-0.14574478971383883,success,8.117,world_208.world,7.920452801990201,0.5
VLM,0,14,0,2.481388962434501e-07,-0.12931582283081375,success,8.077,world_208.world,7.920452801990201,0.5
VLM,0,14,0,2.481388962434501e-07,-0.12467614356825443,success,8.075,world_208.world,7.920452801990201,0.5
VLM,0,34,0,0.20127804033247707,-10.787280046795075,success,18.781999999999996,world_207.world,8.691034440092492,0.4627321073417365
VLM,0,33,1,0.18490162090791895,-9.623372682370231,success,18.283,world_207.world,8.691034440092492,0.0
VLM,0,26,0,0.001383263985717291,-4.4205265566889205,success,14.461,world_207.world,8.691034440092492,0.5
VLM,0,14,0,2.469135192806125e-07,-0.2515579769260578,success,8.114999999999998,world_206.world,8.169870713605786,0.5
VLM,0,14,0,2.4999993750001564e-07,-0.26921846030765373,success,8.003999999999998,world_206.world,8.169870713605786,0.5
VLM,0,14,0,2.4999993750001564e-07,-0.2635007286034275,success,8.015,world_206.world,8.169870713605786,0.5
VLM,0,15,0,2.3364480522317638e-07,-1.7343611760809408,success,8.576,world_205.world,8.14100834873039,0.5
VLM,0,15,0,2.3310017876452712e-07,-1.8920758994733609,success,8.578999999999999,world_205.world,8.14100834873039,0.5
VLM,0,26,0,0.3115439066002912,-8.644757620076115,success,14.387,world_205.world,8.14100834873039,0.5
VLM,0,53,1,0.4394250897039637,-33.34914682673139,success,29.236000000000004,world_204.world,8.448704095912515,0.0
VLM,0,119,0,0.8229102222009219,-160.09860019228952,timeout,64.619,world_204.world,8.448704095912515,0.0
VLM,0,20,0,1.7761986187924301e-07,-3.5088084684876026,success,11.265,world_204.world,8.448704095912515,0.5
VLM,0,119,0,0.5316145017920656,-307.7525424512151,timeout,65.179,world_203.world,9.025242805283083,0.0
VLM,0,34,0,0.19663520540113508,-17.395729289028004,success,19.039,world_203.world,9.025242805283083,0.47403975026435646
VLM,0,48,0,0.32673272454434693,-21.091021042421776,success,26.275,world_203.world,9.025242805283083,0.3434916386406502
VLM,0,73,0,0.6872818111081391,-19.433578577667003,success,40.101,world_202.world,8.223102409551386,0.20505978428346888
VLM,0,34,0,0.21808518956540537,-26.966006189070562,success,18.805999999999997,world_202.world,8.223102409551386,0.4372595134292985
VLM,0,42,0,0.30543578037655045,-33.701280711947916,success,23.195,world_202.world,8.223102409551386,0.3545204746519244
VLM,0,24,0,0.14583346044144935,-8.918993931338424,success,13.443000000000001,world_201.world,8.74515937808401,0.5
VLM,0,16,0,2.2075050314558433e-07,-2.1926282177621683,success,9.070999999999998,world_201.world,8.74515937808401,0.5
VLM,0,29,0,0.18362293007159677,-9.2517027635496,success,16.134,world_201.world,8.74515937808401,0.5
VLM,0,14,0,2.487561570258316e-07,-0.6241283189960769,success,8.043999999999999,world_200.world,8.629507223633503,0.5
VLM,0,14,0,2.481388962434501e-07,-0.6303605941706034,success,8.062999999999999,world_200.world,8.629507223633503,0.5
VLM,0,14,0,2.481388962434501e-07,-0.6268843826509782,success,8.077000000000002,world_200.world,8.629507223633503,0.5
VLM,0,14,0,2.5188910531760575e-07,-0.3695160358657973,success,7.946999999999999,world_199.world,7.819031620993853,0.5
VLM,0,14,0,2.444987177264749e-07,-0.379186326724802,success,8.190000000000001,world_199.world,7.819031620993853,0.5
VLM,0,14,0,2.4570018533164984e-07,-0.3495200932439093,success,8.156,world_199.world,7.819031620993853,0.5
VLM,0,15,0,2.3419198262482846e-07,-0.8552289691095999,success,8.549999999999999,world_198.world,7.823797529301262,0.5
VLM,0,15,0,2.3255808545160806e-07,-0.925864123547284,success,8.613,world_198.world,7.823797529301262,0.5
VLM,0,16,0,2.2075050314558433e-07,-0.9825089900662213,success,9.072000000000001,world_198.world,7.823797529301262,0.5
VLM,0,14,0,2.4999993750001564e-07,-0.4600966117901025,success,8.014,world_197.world,9.207052694546277,0.5
VLM,0,14,0,2.463053580528675e-07,-0.466982140580708,success,8.124999999999998,world_197.world,9.207052694546277,0.5
VLM,0,14,0,2.481388962434501e-07,-0.4634819130748634,success,8.066,world_197.world,9.207052694546277,0.5
VLM,0,39,0,0.49256510292145883,-19.995859791120985,success,21.525,world_196.world,8.395202655329975,0.39002102928362253
VLM,0,17,0,0.05725990649081667,-2.1218280730203816,success,9.799,world_196.world,8.395202655329975,0.5
VLM,0,26,0,0.33657867363300786,-12.202234705557569,success,14.383999999999999,world_196.world,8.395202655329975,0.5
VLM,0,20,0,0.021276769277168567,-2.6649441983198936,success,11.294,world_195.world,8.916531319830002,0.5
VLM,0,20,0,0.04712058514474954,-2.611033534735319,success,11.463999999999999,world_195.world,8.916531319830002,0.5
VLM,0,19,0,1.8656712937180424e-07,-2.7514299421716126,success,10.738,world_195.world,8.916531319830002,0.5
VLM,0,15,0,2.3364480522317638e-07,-1.3994188439213706,success,8.567000000000002,world_194.world,7.8260913164013495,0.5
VLM,0,15,0,2.3310017876452712e-07,-1.349219902418619,success,8.598999999999998,world_194.world,7.8260913164013495,0.5
VLM,0,14,0,2.493764964148388e-07,-1.1332581348279696,success,8.021,world_194.world,7.8260913164013495,0.5
VLM,0,119,0,0.9201485632885,-48.28445729610807,timeout,64.63499999999999,world_193.world,8.228353883944568,0.0
VLM,0,15,0,2.3364480522317638e-07,-1.3047584991089727,success,8.575000000000001,world_193.world,8.228353883944568,0.5
VLM,0,15,0,2.3201850765231844e-07,-1.2854595546745804,success,8.637,world_193.world,8.228353883944568,0.5
VLM,0,27,0,0.2546667660444312,-8.021867909306906,success,15.019,world_192.world,7.872620918957527,0.5
VLM,0,41,0,0.45704167785281863,-20.47063982183675,success,22.592999999999996,world_192.world,7.872620918957527,0.3484539865868866
VLM,0,26,0,0.2170330745833689,-8.1674048566752,success,14.561,world_192.world,7.872620918957527,0.5
VLM,0,14,0,2.469135192806125e-07,-0.36589240309651605,success,8.109,world_191.world,7.676324374890349,0.5
VLM,0,15,0,2.3041469345283563e-07,-0.4649649700595431,success,8.696000000000002,world_191.world,7.676324374890349,0.5
VLM,0,14,0,2.487561570258316e-07,-0.3411909206226303,success,8.041,world_191.world,7.676324374890349,0.5
VLM,0,119,0,0.6956387350560242,-167.40432882395064,timeout,64.67699999999999,world_190.world,8.293077654616788,0.0
VLM,0,17,0,2.0661152755960177e-07,-2.018454666848345,success,9.688999999999998,world_190.world,8.293077654616788,0.5
VLM,0,119,0,0.7344615466319524,-147.38335103077208,timeout,65.0,world_190.world,8.293077654616788,0.0
VLM,0,14,0,2.4752469120675964e-07,-0.712573136958137,success,8.089,world_189.world,7.958318166192765,0.5
VLM,0,14,0,2.487561570258316e-07,-0.7255437410443735,success,8.049,world_189.world,7.958318166192765,0.5
VLM,0,15,0,2.3474172893386647e-07,-0.7134749122514051,success,8.527,world_189.world,7.958318166192765,0.5
VLM,0,14,0,2.444987177264749e-07,-0.7250072747983182,success,8.185,world_188.world,7.980659785566589,0.5
VLM,0,14,0,2.463053580528675e-07,-0.7668234395489713,success,8.124,world_188.world,7.980659785566589,0.5
VLM,0,14,0,2.493764964148388e-07,-0.7127905965815992,success,8.039,world_188.world,7.980659785566589,0.5
VLM,0,17,0,0.004158211193719087,-1.8463506525474105,success,9.635,world_187.world,8.204891659007181,0.5
VLM,0,16,0,2.1929819752232513e-07,-1.7920965946696392,success,9.133,world_187.world,8.204891659007181,0.5
VLM,0,17,0,2.0661152755960177e-07,-1.8115555240643488,success,9.693999999999999,world_187.world,8.204891659007181,0.5
VLM,0,119,0,0.5255542017994396,-298.9803987028031,timeout,64.961,world_186.world,8.335547715659803,0.0
VLM,0,119,0,0.7905468090655914,-177.78104312972914,timeout,64.748,world_186.world,8.335547715659803,0.0
VLM,0,119,0,0.820061733948712,-202.42341830948442,timeout,64.82,world_186.world,8.335547715659803,0.0
VLM,0,37,0,0.3560311910475495,-15.176300839280513,success,20.565999999999995,world_185.world,7.900082446866422,0.3841331540827786
VLM,0,35,0,0.38317763414562467,-14.43461257479369,success,19.275000000000002,world_185.world,7.900082446866422,0.409861605544302
VLM,0,33,2,0.37183725282318447,-13.42160911738679,success,18.185000000000002,world_185.world,7.900082446866422,0.0
VLM,0,39,0,0.3147632948223496,-16.860352598574664,success,21.548,world_184.world,9.12925906315635,0.4236708308500256
VLM,0,22,0,1.6155086243120157e-07,-4.332936519841702,success,12.386000000000001,world_184.world,9.12925906315635,0.5
VLM,0,46,0,0.3862559726496072,-23.15559900567101,success,25.326999999999998,world_184.world,9.12925906315635,0.3604556032359281
VLM,0,17,3,0.2972974433893049,-4.729450476696401,collision,9.633000000000001,world_183.world,8.359616496629332,0.0
VLM,0,71,0,0.5831175772595765,-33.10598836079053,success,38.622,world_183.world,8.359616496629332,0.2164470119783888
VLM,0,101,0,0.594239898131976,-100.94111874884877,success,54.872,world_183.world,8.359616496629332,0.15234758158312678
VLM,0,14,0,2.4570018533164984e-07,-0.6732630512485379,success,8.144999999999998,world_182.world,7.953031607421098,0.5
VLM,0,14,0,2.481388962434501e-07,-0.6479462140680038,success,8.075000000000001,world_182.world,7.953031607421098,0.5
VLM,0,14,0,2.481388962434501e-07,-0.6639039242044243,success,8.070000000000002,world_182.world,7.953031607421098,0.5
VLM,0,25,0,0.10511376347815861,-9.422522662721052,success,14.089999999999998,world_181.world,8.42910238774821,0.5
VLM,0,25,0,0.05772019369116975,-9.532069175527402,success,13.867,world_181.world,8.42910238774821,0.5
VLM,0,37,0,0.33626594953412026,-26.722414853890157,success,20.468,world_181.world,8.42910238774821,0.41181856496717856
VLM,0,14,0,2.5188910531760575e-07,-0.5361494609948285,success,7.952000000000002,world_180.world,9.004770113090498,0.5
VLM,0,14,0,2.493764964148388e-07,-0.5034348258936031,success,8.019000000000002,world_180.world,9.004770113090498,0.5
VLM,0,14,0,2.4999993750001564e-07,-0.5215473225516196,success,8.01,world_180.world,9.004770113090498,0.5
VLM,0,16,0,2.2172944085821714e-07,-1.614592621677765,success,9.027,world_179.world,8.366493444282845,0.5
VLM,0,16,0,2.159826747337636e-07,-1.6028353639099118,success,9.275,world_179.world,8.366493444282845,0.5
VLM,0,16,0,2.2075050314558433e-07,-1.509052214318474,success,9.073,world_179.world,8.366493444282845,0.5
VLM,0,17,0,2.0876822363920176e-07,-2.0404612418526074,success,9.588999999999999,world_178.world,8.294915851709288,0.5
VLM,0,17,0,2.0876822363920176e-07,-2.029282851216328,success,9.593,world_178.world,8.294915851709288,0.5
VLM,0,16,0,2.1786487628216205e-07,-1.6674902791373074,success,9.198,world_178.world,8.294915851709288,0.5
VLM,0,14,0,2.487561570258316e-07,-0.7894125115315459,success,8.058,world_177.world,9.022924695256084,0.5
VLM,0,15,0,2.3640656349726635e-07,-0.7775132102506039,success,8.471000000000002,world_177.world,9.022924695256084,0.5
VLM,0,14,0,2.463053580528675e-07,-0.7540181339503585,success,8.138,world_177.world,9.022924695256084,0.5
VLM,0,19,0,1.8656712937180424e-07,-2.421609426723727,success,10.737,world_176.world,8.045525647896753,0.5
VLM,0,20,0,1.7953318141235524e-07,-2.375230987909066,success,11.153,world_176.world,8.045525647896753,0.5
VLM,0,19,0,1.8656712937180424e-07,-1.9299531271821333,success,10.735,world_176.world,8.045525647896753,0.5
VLM,0,16,0,2.2075050314558433e-07,-1.7513925734967846,success,9.081,world_175.world,7.976736854257178,0.5
VLM,0,16,0,2.2026426866425802e-07,-1.7997204915976812,success,9.097000000000001,world_175.world,7.976736854257178,0.5
VLM,0,119,5,0.9056311910386389,-24.82766812754952,timeout,64.645,world_175.world,7.976736854257178,0.0
VLM,0,14,0,2.469135192806125e-07,-0.9602483194493383,success,8.107999999999999,world_174.world,7.869672043342989,0.5
VLM,0,14,0,2.512562182773321e-07,-1.0120754156849443,success,7.978999999999999,world_174.world,7.869672043342989,0.5
VLM,0,14,0,2.4752469120675964e-07,-0.9979430129230168,success,8.088,world_174.world,7.869672043342989,0.5
VLM,0,14,0,2.493764964148388e-07,-0.46805696231325417,success,8.024,world_173.world,7.769171954657533,0.5
VLM,0,14,0,2.512562182773321e-07,-0.4549525322180105,success,7.970000000000001,world_173.world,7.769171954657533,0.5
VLM,0,14,0,2.493764964148388e-07,-0.458825848557673,success,8.025999999999998,world_173.world,7.769171954657533,0.5
VLM,0,16,0,2.1551719493163904e-07,-1.1884422857597465,success,9.298,world_172.world,8.151308943401995,0.5
VLM,0,15,0,2.3094682888064e-07,-1.0558365531336151,success,8.675,world_172.world,8.151308943401995,0.5
VLM,0,16,0,2.2075050314558433e-07,-1.0785273233440018,success,9.062000000000001,world_172.world,8.151308943401995,0.5
VLM,0,28,0,0.20403032694832154,-15.538352577830102,success,15.883,world_171.world,7.983474610537893,0.5
VLM,0,20,0,1.7605630703234033e-07,-3.6230174121407486,success,11.375,world_171.world,7.983474610537893,0.5
VLM,0,28,0,0.18461548915186038,-15.02704283451539,success,15.603000000000002,world_171.world,7.983474610537893,0.5
VLM,0,14,0,2.4999993750001564e-07,-0.15331454652705162,success,8.019,world_170.world,7.651993480777325,0.5
VLM,0,14,0,2.4999993750001564e-07,-0.14959870614109436,success,8.001000000000001,world_170.world,7.651993480777325,0.5
VLM,0,14,0,2.512562182773321e-07,-0.15386529686771264,success,7.979000000000001,world_170.world,7.651993480777325,0.5
VLM,0,15,0,2.298850046241369e-07,-1.2067823156324804,success,8.713000000000001,world_169.world,7.947794994798985,0.5
VLM,0,15,0,2.3201850765231844e-07,-1.2733310212741464,success,8.625,world_169.world,7.947794994798985,0.5
VLM,0,16,0,2.1834056368109966e-07,-1.2069623219620673,success,9.161000000000001,world_169.world,7.947794994798985,0.5
VLM,0,14,0,2.512562182773321e-07,-0.4057212821639889,success,7.9670000000000005,world_168.world,8.734100236381483,0.5
VLM,0,14,0,2.4570018533164984e-07,-0.3900058977139777,success,8.156,world_168.world,8.734100236381483,0.5
VLM,0,14,0,2.493764964148388e-07,-0.40089838069461975,success,8.032000000000002,world_168.world,8.734100236381483,0.5
VLM,0,14,0,2.4999993750001564e-07,-0.14558484695858137,success,8.005,world_167.world,8.434824452904516,0.5
VLM,0,14,0,2.4752469120675964e-07,-0.14707302635455394,success,8.079,world_167.world,8.434824452904516,0.5
VLM,0,14,0,2.4999993750001564e-07,-0.15269050361612332,success,8.016000000000002,world_167.world,8.434824452904516,0.5
VLM,0,14,0,2.493764964148388e-07,-0.5646708898963894,success,8.035,world_166.world,7.75232408004971,0.5
VLM,0,14,0,2.469135192806125e-07,-0.5425810335825676,success,8.107,world_166.world,7.75232408004971,0.5
VLM,0,14,0,2.43902379536005e-07,-0.5174353424003795,success,8.2,world_166.world,7.75232408004971,0.5
VLM,0,32,0,0.4398664320861434,-15.317330102817882,success,17.97,world_165.world,8.611369784443538,0.4792081126568469
VLM,0,25,0,0.3295293395821199,-7.424882584702794,success,14.029,world_165.world,8.611369784443538,0.5
VLM,0,15,0,2.3255808545160806e-07,-1.1638730157480477,success,8.604,world_165.world,8.611369784443538,0.5
VLM,0,19,0,0.12172301091329385,-1.7539684534167856,success,10.689,world_164.world,8.222543997037086,0.5
VLM,0,18,0,0.015841779041231872,-1.8938961675495056,success,10.112,world_164.world,8.222543997037086,0.5
VLM,0,15,0,2.3584900097900924e-07,-1.611377348703647,success,8.488999999999999,world_164.world,8.222543997037086,0.5
VLM,0,29,0,0.19500010062498743,-9.94627884775238,success,16.016,world_163.world,8.79991465469347,0.5
VLM,0,28,0,0.11877405890497333,-9.279845901352463,success,15.676000000000002,world_163.world,8.79991465469347,0.5
VLM,0,24,0,0.03582103942969561,-4.517599980907785,success,13.411000000000001,world_163.world,8.79991465469347,0.5
VLM,0,14,0,2.512562182773321e-07,-0.2898536770910839,success,7.9769999999999985,world_162.world,7.958902179934425,0.5
VLM,0,14,0,2.4999993750001564e-07,-0.285559821827744,success,8.004000000000001,world_162.world,7.958902179934425,0.5
VLM,0,14,0,2.481388962434501e-07,-0.2872187201911025,success,8.069,world_162.world,7.958902179934425,0.5
VLM,0,119,0,0.44736031344982047,-258.28239091105723,timeout,64.791,world_161.world,8.095210743534128,0.0
VLM,0,51,5,0.4369209239543176,-49.35585807124811,collision,28.074999999999996,world_161.world,8.095210743534128,0.0
VLM,0,119,0,0.44586765947338636,-258.82258146131255,timeout,65.583,world_161.world,8.095210743534128,0.0
VLM,0,13,0,2.631578254847828e-07,-0.1272812190114821,success,7.599999999999998,world_160.world,7.822764780761914,0.5
VLM,0,14,0,2.4999993750001564e-07,-0.13878454009628452,success,8.01,world_160.world,7.822764780761914,0.5
VLM,0,14,0,2.4752469120675964e-07,-0.1473692814124808,success,8.094000000000001,world_160.world,7.822764780761914,0.5
VLM,0,14,0,2.4999993750001564e-07,-0.28719005062219705,success,8.006000000000002,world_159.world,8.460411962681121,0.5
VLM,0,14,0,2.481388962434501e-07,-0.24283507911513846,success,8.074,world_159.world,8.460411962681121,0.5
VLM,0,14,0,2.469135192806125e-07,-0.2593071259808754,success,8.116999999999999,world_159.world,8.460411962681121,0.5
VLM,0,14,0,2.487561570258316e-07,-0.4217264014438825,success,8.044000000000002,world_158.world,8.185130885153928,0.5
VLM,0,14,0,2.487561570258316e-07,-0.43503417206440576,success,8.056,world_158.world,8.185130885153928,0.5
VLM,0,14,0,2.481388962434501e-07,-0.4218542292499313,success,8.062000000000001,world_158.world,8.185130885153928,0.5
VLM,0,57,3,0.41698598869821274,-32.2450359798249,collision,31.330000000000005,world_157.world,7.833988860013338,0.0
VLM,0,119,1,0.38014752980493144,-111.22750092184748,timeout,65.08200000000001,world_157.world,7.833988860013338,0.0
VLM,0,78,2,0.4181903695175635,-52.54917618403269,collision,42.672,world_157.world,7.833988860013338,0.0
VLM,0,22,0,0.18314437874483327,-8.226112737850949,success,12.350000000000001,world_156.world,8.133650292117396,0.5
VLM,0,52,0,0.5828651978325001,-27.81442328732066,success,28.497,world_156.world,8.133650292117396,0.28542128266545236
VLM,0,17,0,2.0790016467772047e-07,-1.6693589804751883,success,9.624,world_156.world,8.133650292117396,0.5
VLM,0,15,0,2.3474172893386647e-07,-0.44188093417495355,success,8.533000000000001,world_155.world,7.830441902459944,0.5
VLM,0,24,0,0.31797929896295707,-6.73944714278405,success,13.47,world_155.world,7.830441902459944,0.5
VLM,0,22,0,0.23987046355421987,-6.600734106273092,success,12.343,world_155.world,7.830441902459944,0.5
VLM,0,17,0,2.0833328993056462e-07,-1.1700662396800907,success,9.607,world_154.world,7.898906121797543,0.5
VLM,0,16,0,2.1786487628216205e-07,-0.9315651811637173,success,9.196,world_154.world,7.898906121797543,0.5
VLM,0,15,0,2.3640656349726635e-07,-0.664226446318708,success,8.459999999999999,world_154.world,7.898906121797543,0.5
VLM,0,24,0,0.13922168574525665,-9.036355622854161,success,13.371999999999998,world_153.world,7.951241205135583,0.5
VLM,0,74,0,0.6190711650656539,-52.59124544582895,success,40.495,world_153.world,7.951241205135583,0.19635118422362224
VLM,0,17,0,2.0790016467772047e-07,-1.7819064631728176,success,9.634000000000002,world_153.world,7.951241205135583,0.5
VLM,0,15,0,2.3310017876452712e-07,-0.853760296395145,success,8.600000000000001,world_152.world,8.057859296533934,0.5
VLM,0,14,0,2.487561570258316e-07,-0.8273224859407996,success,8.056999999999999,world_152.world,8.057859296533934,0.5
VLM,0,14,0,2.481388962434501e-07,-0.8463206589797087,success,8.071000000000002,world_152.world,8.057859296533934,0.5
VLM,0,27,0,0.1466315526246298,-14.647162923513415,success,15.150999999999998,world_151.world,8.942836118417254,0.5
VLM,0,18,0,1.9646361562600874e-07,-1.7668695430530315,success,10.199000000000002,world_151.world,8.942836118417254,0.5
VLM,0,19,0,1.883238816715854e-07,-1.72669411119864,success,10.631,world_151.world,8.942836118417254,0.5
VLM,0,17,0,2.070392946088417e-07,-1.997493177171217,success,9.677,world_150.world,7.973092676548482,0.5
VLM,0,65,0,0.41193025256442023,-57.99418197876567,success,35.557,world_150.world,7.973092676548482,0.22423412201671913
VLM,0,58,0,0.5210824719268425,-34.033330843988665,success,31.787,world_150.world,7.973092676548482,0.2508287248418688
VLM,0,14,0,2.493764964148388e-07,-0.6498749574886162,success,8.026,world_149.world,8.312134163588864,0.5
VLM,0,14,0,2.5062650360238006e-07,-0.6705199683643226,success,7.995000000000001,world_149.world,8.312134163588864,0.5
VLM,0,14,0,2.487561570258316e-07,-0.6363724631853226,success,8.051,world_149.world,8.312134163588864,0.5
VLM,0,30,0,0.38569761011751347,-13.351306598095663,success,17.073,world_148.world,8.356690315066317,0.4894681845643013
VLM,0,40,0,0.5996344058835095,-9.486864469500158,success,21.89,world_148.world,8.356690315066317,0.3817583515334087
VLM,0,119,0,0.9199751885863775,-93.71085810973237,timeout,64.492,world_148.world,8.356690315066317,0.0
VLM,0,14,0,2.493764964148388e-07,-0.4513754403552541,success,8.032,world_147.world,8.187537457443312,0.5
VLM,0,14,0,2.463053580528675e-07,-0.4616340693468346,success,8.120999999999999,world_147.world,8.187537457443312,0.5
VLM,0,13,0,2.604165988498441e-07,-0.43708334370223156,success,7.687999999999999,world_147.world,8.187537457443312,0.5
VLM,0,15,0,2.3094682888064e-07,-1.7918606872656921,success,8.671,world_146.world,8.034842319404571,0.5
VLM,0,16,0,0.0022175161380230293,-2.2251974820933227,success,9.030999999999999,world_146.world,8.034842319404571,0.5
VLM,0,15,0,2.3419198262482846e-07,-1.769322606115751,success,8.548,world_146.world,8.034842319404571,0.5
VLM,0,16,0,2.2026426866425802e-07,-2.254554944020904,success,9.100000000000001,world_145.world,8.15255693907889,0.5
VLM,0,16,0,2.1834056368109966e-07,-2.334397434984822,success,9.17,world_145.world,8.15255693907889,0.5
VLM,0,20,0,0.1420960671232563,-3.198593205052791,success,11.27,world_145.world,8.15255693907889,0.5
VLM,0,14,0,2.481388962434501e-07,-0.02972241923217065,success,8.064,world_144.world,8.467915828030232,0.5
VLM,0,14,0,2.493764964148388e-07,-0.0290371862067026,success,8.030999999999999,world_144.world,8.467915828030232,0.5
VLM,0,14,0,2.5062650360238006e-07,-0.020385398000281,success,7.979999999999999,world_144.world,8.467915828030232,0.5
VLM,0,14,0,2.463053580528675e-07,-0.464700432937907,success,8.134,world_143.world,7.783440561012931,0.5
VLM,0,14,0,2.463053580528675e-07,-0.46392325469536394,success,8.136000000000001,world_143.world,7.783440561012931,0.5
VLM,0,14,0,2.481388962434501e-07,-0.4615533097732066,success,8.066000000000003,world_143.world,7.783440561012931,0.5
VLM,0,16,0,0.004367029614185674,-0.888397031616624,success,9.172000000000002,world_142.world,7.850464282154265,0.5
VLM,0,29,1,0.3870968502361228,-10.262219183192972,success,16.137999999999998,world_142.world,7.850464282154265,0.0
VLM,0,15,0,2.3255808545160806e-07,-0.6371586986800676,success,8.618,world_142.world,7.850464282154265,0.5
VLM,0,77,0,0.6432999693228435,-57.481954596696596,success,41.946,world_141.world,7.942081561496044,0.189340617973014
VLM,0,72,3,0.8064024488616642,-47.385843334743576,collision,39.366,world_141.world,7.942081561496044,0.0
VLM,0,16,0,2.1834056368109966e-07,-1.860272041417671,success,9.177999999999999,world_141.world,7.942081561496044,0.5
VLM,0,14,0,2.4752469120675964e-07,-0.29372080797952504,success,8.095,world_140.world,9.080746950584595,0.5
VLM,0,14,0,2.481388962434501e-07,-0.2955556929333638,success,8.064000000000002,world_140.world,9.080746950584595,0.5
VLM,0,14,0,2.5062650360238006e-07,-0.30692892086971196,success,7.994,world_140.world,9.080746950584595,0.5
VLM,0,15,1,2.3310017876452712e-07,-1.2986998590325642,success,8.59,world_139.world,7.744009224017903,0.0
VLM,0,14,0,2.487561570258316e-07,-0.9674659648153296,success,8.038999999999998,world_139.world,7.744009224017903,0.5
VLM,0,14,0,2.4999993750001564e-07,-0.9357429769859216,success,8.014000000000001,world_139.world,7.744009224017903,0.5
VLM,0,44,0,0.31017375432806,-32.9682823634852,success,24.198999999999998,world_138.world,8.66316792019046,0.3579969387243465
VLM,0,102,0,0.3662022377205345,-183.86053679992784,success,55.995999999999995,world_138.world,8.66316792019046,0.1547104778946793
VLM,0,31,0,0.13860261871676763,-17.6391262160267,success,17.461,world_138.world,8.66316792019046,0.4961438588964241
VLM,0,14,0,2.5062650360238006e-07,-0.30436279946557854,success,7.986999999999998,world_137.world,7.683886493579108,0.5
VLM,0,14,0,2.493764964148388e-07,-0.30805485200912736,success,8.033999999999999,world_137.world,7.683886493579108,0.5
VLM,0,14,0,2.481388962434501e-07,-0.3196002362721789,success,8.062,world_137.world,7.683886493579108,0.5
VLM,0,14,0,2.4509797914265217e-07,-0.4645284055017889,success,8.170999999999998,world_136.world,8.580845785714267,0.5
VLM,0,14,0,2.43902379536005e-07,-0.48257496762930857,success,8.219,world_136.world,8.580845785714267,0.5
VLM,0,14,0,2.463053580528675e-07,-0.4690434800008216,success,8.125,world_136.world,8.580845785714267,0.5
VLM,0,119,0,0.6893591018289144,-188.06146096432064,timeout,65.239,world_135.world,8.456991877899835,0.0
VLM,0,16,0,2.1929819752232513e-07,-1.6881498504987993,success,9.136999999999999,world_135.world,8.456991877899835,0.5
VLM,0,16,0,2.197801714768854e-07,-1.7608697060671656,success,9.117,world_135.world,8.456991877899835,0.5
VLM,0,20,0,1.7825308765542112e-07,-3.999202286775444,success,11.232,world_134.world,8.903085477451352,0.5
VLM,0,19,0,1.848428493820981e-07,-3.42497802847366,success,10.831999999999999,world_134.world,8.903085477451352,0.5
VLM,0,27,0,0.24900143155773216,-9.70531997951191,success,15.031999999999998,world_134.world,8.903085477451352,0.5
VLM,0,16,0,2.1691969264214913e-07,-2.60226041378358,success,9.238999999999999,world_133.world,8.239301258889826,0.5
VLM,0,15,0,2.3364480522317638e-07,-1.6442872700727897,success,8.579000000000002,world_133.world,8.239301258889826,0.5
VLM,0,16,0,2.159826747337636e-07,-2.541539816721742,success,9.267,world_133.world,8.239301258889826,0.5
VLM,0,15,0,2.3474172893386647e-07,-0.9213293634761778,success,8.527000000000001,world_132.world,9.489190949419601,0.5
VLM,0,14,0,2.4509797914265217e-07,-1.089215581752396,success,8.165000000000001,world_132.world,9.489190949419601,0.5
VLM,0,14,0,2.493764964148388e-07,-0.9948776546287998,success,8.023,world_132.world,9.489190949419601,0.5
VLM,0,119,0,0.8998144743409253,-200.64501428987072,timeout,64.68900000000001,world_131.world,7.980536179987913,0.0
VLM,0,5,2,0.46012303059936777,-2.7428588311449333,collision,3.266,world_131.world,7.980536179987913,0.0
VLM,0,119,0,0.8924167727368443,-170.1772329730623,timeout,64.89200000000001,world_131.world,7.980536179987913,0.0
VLM,0,39,0,0.5866788698285703,-19.51052969208032,success,21.933999999999997,world_130.world,7.900807679780633,0.3602082465478542
VLM,0,15,0,2.3529406228375008e-07,-0.7141545378923368,success,8.515999999999998,world_130.world,7.900807679780633,0.5
VLM,0,15,0,2.3419198262482846e-07,-0.72897379092746,success,8.548,world_130.world,7.900807679780633,0.5
VLM,0,14,0,2.444987177264749e-07,-0.9545052071583761,success,8.182,world_129.world,8.85103850168101,0.5
VLM,0,14,0,2.43902379536005e-07,-0.9532194850266977,success,8.206000000000001,world_129.world,8.85103850168101,0.5
VLM,0,14,0,2.4999993750001564e-07,-0.9468572248983621,success,8.009000000000002,world_129.world,8.85103850168101,0.5
VLM,0,33,5,0.5219298769813732,-10.897683333900112,collision,18.25,world_128.world,8.616854335027416,0.0
VLM,0,18,4,0.24609389724728573,-1.2331506360044102,collision,10.24,world_128.world,8.616854335027416,0.0
VLM,0,34,0,0.32869386202421175,-15.543078143707843,success,18.698,world_128.world,8.616854335027416,0.46084363755628494
VLM,0,14,0,2.5062650360238006e-07,-0.8660947807800805,success,7.995999999999999,world_127.world,8.000727788237427,0.5
VLM,0,15,0,2.3419198262482846e-07,-0.859188423193184,success,8.55,world_127.world,8.000727788237427,0.5
VLM,0,15,0,2.3584900097900924e-07,-0.8809659037274725,success,8.49,world_127.world,8.000727788237427,0.5
VLM,0,14,0,2.493764964148388e-07,-0.8742175935147198,success,8.030999999999999,world_126.world,7.838098818829927,0.5
VLM,0,14,0,2.5062650360238006e-07,-0.8704390228015171,success,7.979999999999999,world_126.world,7.838098818829927,0.5
VLM,0,14,0,2.469135192806125e-07,-0.8737145760373772,success,8.110000000000001,world_126.world,7.838098818829927,0.5
VLM,0,14,0,2.463053580528675e-07,-0.02998151054771794,success,8.126999999999999,world_125.world,7.940600935402479,0.5
VLM,0,14,0,2.469135192806125e-07,-0.022894255647812792,success,8.108000000000002,world_125.world,7.940600935402479,0.5
VLM,0,14,0,2.4999993750001564e-07,-0.024143973024058667,success,8.019999999999998,world_125.world,7.940600935402479,0.5
VLM,0,14,0,2.5062650360238006e-07,-0.17594754149782463,success,7.984,world_124.world,8.206309761944365,0.5
VLM,0,14,0,2.481388962434501e-07,-0.1670665685059688,success,8.076,world_124.world,8.206309761944365,0.5
VLM,0,14,0,2.493764964148388e-07,-0.15035190349878758,success,8.030999999999999,world_124.world,8.206309761944365,0.5
VLM,0,43,2,0.42495788996982375,-19.081330786429376,success,23.732000000000003,world_123.world,8.351860774453773,0.0
VLM,0,20,0,1.757468935418465e-07,-2.1196922725015472,success,11.385,world_123.world,8.351860774453773,0.5
VLM,0,37,0,0.41234089986866795,-7.689619211438038,success,20.426,world_123.world,8.351860774453773,0.40888381349524006
VLM,0,15,0,2.3364480522317638e-07,-1.1761091531110979,success,8.561000000000002,world_122.world,8.26882234942228,0.5
VLM,0,88,0,0.7536473633327484,-27.65469761284429,success,47.983000000000004,world_122.world,8.26882234942228,0.17232816517146238
VLM,0,16,0,2.1929819752232513e-07,-0.9629627016746571,success,9.121,world_122.world,8.26882234942228,0.5
VLM,0,14,0,2.463053580528675e-07,-0.24436823577812408,success,8.122000000000002,world_121.world,8.086528592188191,0.5
VLM,0,14,0,2.487561570258316e-07,-0.22126266985541013,success,8.043000000000001,world_121.world,8.086528592188191,0.5
VLM,0,14,0,2.469135192806125e-07,-0.252220197385692,success,8.116999999999999,world_121.world,8.086528592188191,0.5
VLM,0,14,0,2.463053580528675e-07,-0.09895405788191558,success,8.133,world_120.world,7.642964254777576,0.5
VLM,0,13,0,2.610965375727056e-07,-0.08214404523141357,success,7.666000000000002,world_120.world,7.642964254777576,0.5
VLM,0,14,0,2.481388962434501e-07,-0.10929180987721927,success,8.076,world_120.world,7.642964254777576,0.5
VLM,0,14,0,2.487561570258316e-07,-0.033586314513963295,success,8.051,world_119.world,8.04011850367356,0.5
VLM,0,14,0,2.463053580528675e-07,-0.04790521813006224,success,8.124,world_119.world,8.04011850367356,0.5
VLM,0,13,0,2.624671227120413e-07,-0.0158525790621762,success,7.628,world_119.world,8.04011850367356,0.5
VLM,0,23,0,0.02790712745625931,-3.6832764550899846,success,12.905000000000001,world_118.world,8.286531889905214,0.5
VLM,0,48,0,0.35936320247435916,-36.28497480779004,success,26.384999999999998,world_118.world,8.286531889905214,0.314062228156347
VLM,0,19,0,1.8552872253641513e-07,-3.0115316492332775,success,10.781000000000002,world_118.world,8.286531889905214,0.5
VLM,0,15,0,2.3310017876452712e-07,-0.9472436576194586,success,8.588999999999999,world_117.world,9.082600245261535,0.5
VLM,0,15,0,2.3474172893386647e-07,-0.9188303636809536,success,8.535000000000002,world_117.world,9.082600245261535,0.5
VLM,0,15,0,2.3255808545160806e-07,-0.9178995595048824,success,8.603,world_117.world,9.082600245261535,0.5
VLM,0,16,0,2.212388891064405e-07,-1.4347771992492666,success,9.048,world_116.world,8.263270357397584,0.5
VLM,0,14,0,2.4752469120675964e-07,-0.7698043429171366,success,8.097,world_116.world,8.263270357397584,0.5
VLM,0,16,0,2.15053717192749e-07,-1.4314914992943386,success,9.299999999999999,world_116.world,8.263270357397584,0.5
VLM,0,26,0,0.26917722884557477,-7.775085939596593,success,14.342999999999998,world_115.world,7.913606026165007,0.5
VLM,0,18,0,0.003929468776135801,-1.9918587220237562,success,10.194,world_115.world,7.913606026165007,0.5
VLM,0,18,0,1.9455249133220014e-07,-2.024316285448637,success,10.283,world_115.world,7.913606026165007,0.5
VLM,0,14,0,2.4999993750001564e-07,-0.14317077017880075,success,8.014,world_114.world,7.836260874827511,0.5
VLM,0,13,0,2.6455019456344064e-07,-0.11553121465065362,success,7.564,world_114.world,7.836260874827511,0.5
VLM,0,13,0,2.6385217312607574e-07,-0.09269603233541766,success,7.587,world_114.world,7.836260874827511,0.5
VLM,0,58,0,0.6147541226510641,-31.90666904743165,success,31.735000000000003,world_113.world,8.193475167563369,0.25818418678315325
VLM,0,22,0,0.23027387596233884,-7.546991290393263,success,12.435,world_113.world,8.193475167563369,0.5
VLM,0,49,0,0.5778598097520435,-32.204145243946066,success,27.118,world_113.world,8.193475167563369,0.3021415726662501
VLM,0,15,0,2.3474172893386647e-07,-1.5850766975567343,success,8.527000000000001,world_112.world,8.52877630222659,0.5
VLM,0,17,1,2.0876822363920176e-07,-2.0586164664279196,success,9.585,world_112.world,8.52877630222659,0.0
VLM,0,15,0,2.3364480522317638e-07,-1.426662414967585,success,8.57,world_112.world,8.52877630222659,0.5
VLM,0,119,0,0.6477483143816066,-158.4053956618501,timeout,64.84100000000001,world_111.world,8.005659507313519,0.0
VLM,0,23,0,0.1811146778460251,-8.433037810483649,success,12.935999999999998,world_111.world,8.005659507313519,0.5
VLM,0,35,1,0.1271795766995306,-13.362427402904212,success,19.513999999999996,world_111.world,8.005659507313519,0.0
VLM,0,14,0,2.43902379536005e-07,-0.43211096004971616,success,8.209,world_110.world,7.78493225807519,0.5
VLM,0,14,0,2.481388962434501e-07,-0.42622857567435996,success,8.079999999999998,world_110.world,7.78493225807519,0.5
VLM,0,14,0,2.493764964148388e-07,-0.400857407028037,success,8.022,world_110.world,7.78493225807519,0.5
VLM,0,14,0,2.4570018533164984e-07,-0.7613562492647826,success,8.152000000000001,world_109.world,8.324773821860362,0.5
VLM,0,14,0,2.493764964148388e-07,-0.8412223063368327,success,8.040000000000001,world_109.world,8.324773821860362,0.5
VLM,0,14,0,2.463053580528675e-07,-0.8010088926309037,success,8.12,world_109.world,8.324773821860362,0.5
VLM,0,119,0,0.7956589210648397,-196.51636420029908,timeout,64.508,world_108.world,7.839549742510147,0.0
VLM,0,119,0,0.7800369753531431,-165.59138444886514,timeout,64.934,world_108.world,7.839549742510147,0.0
VLM,0,119,0,0.7586842988415524,-173.55382771163895,timeout,65.069,world_108.world,7.839549742510147,0.0
VLM,0,19,0,0.005576393015540333,-0.9795101994903033,success,10.764,world_107.world,8.252165035604982,0.5
VLM,0,31,0,0.23488380989723143,-15.318938170234158,success,17.214999999999996,world_107.world,8.252165035604982,0.4793589913218114
VLM,0,25,0,0.2525253603859509,-7.1926193062166135,success,13.877,world_107.world,8.252165035604982,0.5
VLM,0,23,3,0.46522419393752795,-5.295967665337237,collision,12.942,world_106.world,7.976636803178238,0.0
VLM,0,87,1,0.7342304569289125,-32.41044922247974,success,47.579,world_106.world,7.976636803178238,0.0
VLM,0,119,0,0.8923835987547456,-16.119023221157885,timeout,64.861,world_106.world,7.976636803178238,0.0
VLM,0,21,0,0.01522859302392673,-3.2943086718977805,success,11.835,world_105.world,8.212060772852059,0.5
VLM,0,20,0,1.766784140144145e-07,-3.2077732637807093,success,11.331,world_105.world,8.212060772852059,0.5
VLM,0,10,2,0.19398020268220648,-1.1643124809602161,collision,5.984999999999999,world_105.world,8.212060772852059,0.0
VLM,0,14,0,2.487561570258316e-07,-0.31631727201090365,success,8.060999999999998,world_104.world,9.38458633589459,0.5
VLM,0,14,0,2.5062650360238006e-07,-0.3444570802985778,success,7.996,world_104.world,9.38458633589459,0.5
VLM,0,14,0,2.43902379536005e-07,-0.33163379638547696,success,8.206000000000001,world_104.world,9.38458633589459,0.5
VLM,0,16,0,2.1739125708885717e-07,-1.3372317434675265,success,9.207,world_103.world,8.957754143673563,0.5
VLM,0,16,0,2.1834056368109966e-07,-1.3132793019221038,success,9.171000000000001,world_103.world,8.957754143673563,0.5
VLM,0,16,0,2.2075050314558433e-07,-1.3645948336205147,success,9.075000000000001,world_103.world,8.957754143673563,0.5
VLM,0,51,0,0.12002847158888696,-21.63175236450542,success,28.165999999999997,world_102.world,8.31033103070008,0.29504832176028123
VLM,0,119,0,0.45356705247333784,-264.280798718772,timeout,65.047,world_102.world,8.31033103070008,0.0
VLM,0,40,0,0.062162246652049856,-11.854111297077933,success,22.201,world_102.world,8.31033103070008,0.3743223742489113
VLM,0,14,0,2.4570018533164984e-07,-1.343327619695714,success,8.148000000000001,world_101.world,8.043651759318303,0.5
VLM,0,119,0,0.6278643560078108,-194.54379825584073,timeout,65.463,world_101.world,8.043651759318303,0.0
VLM,0,119,0,0.49016596526840917,-226.0762865917559,timeout,65.081,world_101.world,8.043651759318303,0.0
VLM,0,14,0,2.469135192806125e-07,-0.31363806430768393,success,8.104000000000001,world_100.world,7.710418300975051,0.5
VLM,0,13,0,2.6178003618323666e-07,-0.29237357239123596,success,7.658999999999999,world_100.world,7.710418300975051,0.5
VLM,0,14,0,2.4752469120675964e-07,-0.3189298724387173,success,8.099,world_100.world,7.710418300975051,0.5
VLM,0,119,2,0.8899224840334113,,timeout,64.512,world_99.world,8.762009355181966,0.0
VLM,0,21,0,0.1776651137622481,-7.1103087937705105,success,11.829,world_99.world,8.762009355181966,0.5
VLM,0,16,0,2.1881833286250925e-07,-0.8759068699470595,success,9.140999999999998,world_99.world,8.762009355181966,0.5
VLM,0,14,0,2.4999993750001564e-07,-0.7115281285844917,success,8.019,world_98.world,8.013904791833717,0.5
VLM,0,15,0,2.3364480522317638e-07,-1.3382145564516312,success,8.562000000000001,world_98.world,8.013904791833717,0.5
VLM,0,15,0,2.3584900097900924e-07,-1.0407791951402485,success,8.490000000000002,world_98.world,8.013904791833717,0.5
VLM,0,119,0,0.7471371170802502,-163.39629208993878,timeout,64.62700000000001,world_97.world,8.744001349522417,0.0
VLM,0,119,0,0.7889026723836742,-134.43715196138902,timeout,64.53,world_97.world,8.744001349522417,0.0
VLM,0,119,0,0.4904908131751284,-298.5362492382835,timeout,65.21499999999999,world_97.world,8.744001349522417,0.0
VLM,0,15,0,2.3474172893386647e-07,-1.0642543478189006,success,8.533,world_96.world,8.233773212154066,0.5
VLM,0,15,0,2.3364480522317638e-07,-1.1058013381388343,success,8.572999999999999,world_96.world,8.233773212154066,0.5
VLM,0,15,0,2.2935774556015012e-07,-1.0201089058384645,success,8.736,world_96.world,8.233773212154066,0.5
VLM,0,14,0,2.5062650360238006e-07,-0.5428748516286241,success,7.991,world_95.world,9.649307432794064,0.5
VLM,0,14,0,2.493764964148388e-07,-0.5338978665238185,success,8.036000000000001,world_95.world,9.649307432794064,0.5
VLM,0,14,0,2.5062650360238006e-07,-0.5319027994758045,success,7.981,world_95.world,9.649307432794064,0.5
VLM,0,15,0,2.3310017876452712e-07,-0.9979900904353425,success,8.581000000000001,world_94.world,7.874110368727349,0.5
VLM,0,18,0,0.10891106754236288,-4.601909413519964,success,10.118,world_94.world,7.874110368727349,0.5
VLM,0,15,0,2.3474172893386647e-07,-0.8070700981419224,success,8.525,world_94.world,7.874110368727349,0.5
VLM,0,17,0,2.070392946088417e-07,-2.5920678145044955,success,9.664,world_93.world,8.737123788614076,0.5
VLM,0,45,0,0.4971797343126725,-32.024948810979325,success,24.832,world_93.world,8.737123788614076,0.351849379373956
VLM,0,17,0,2.0790016467772047e-07,-2.581196322766857,success,9.639,world_93.world,8.737123788614076,0.5
VLM,0,14,0,2.493764964148388e-07,-0.30313770029293174,success,8.039,world_92.world,8.426405905836614,0.5
VLM,0,14,0,2.481388962434501e-07,-0.3447934923323907,success,8.062999999999999,world_92.world,8.426405905836614,0.5
VLM,0,14,0,2.4999993750001564e-07,-0.3301349451354382,success,8.014999999999999,world_92.world,8.426405905836614,0.5
VLM,0,14,0,2.5062650360238006e-07,-0.7209096509078652,success,7.997999999999999,world_91.world,8.651211523244614,0.5
VLM,0,14,0,2.4999993750001564e-07,-0.7152982071085034,success,8.011999999999999,world_91.world,8.651211523244614,0.5
VLM,0,14,0,2.5062650360238006e-07,-0.7487459140030104,success,7.988999999999999,world_91.world,8.651211523244614,0.5
VLM,0,14,0,2.4752469120675964e-07,-0.388269405454194,success,8.086,world_90.world,8.915313973228162,0.5
VLM,0,14,0,2.487561570258316e-07,-0.388442175618525,success,8.041,world_90.world,8.915313973228162,0.5
VLM,0,14,0,2.4999993750001564e-07,-0.3989832138336528,success,8.019000000000002,world_90.world,8.915313973228162,0.5
VLM,0,20,0,1.7857139668367917e-07,-2.9483715581896353,success,11.202000000000002,world_89.world,8.277057943766925,0.5
VLM,0,119,1,0.7491462356676114,-148.4330384223253,timeout,64.42399999999999,world_89.world,8.277057943766925,0.0
VLM,0,50,0,0.5410909424661132,-27.485017757947922,success,27.500999999999998,world_89.world,8.277057943766925,0.3009729807558607
VLM,0,14,0,2.481388962434501e-07,-0.15483194643368006,success,8.061,world_88.world,8.22603682618968,0.5
VLM,0,14,0,2.444987177264749e-07,-0.17517957097829073,success,8.199,world_88.world,8.22603682618968,0.5
VLM,0,14,0,2.5062650360238006e-07,-0.16510095906373007,success,7.993,world_88.world,8.22603682618968,0.5
VLM,0,14,0,2.469135192806125e-07,-0.4532919106454496,success,8.116999999999999,world_87.world,7.965846176566169,0.5
VLM,0,14,0,2.4752469120675964e-07,-0.5008371562091034,success,8.099,world_87.world,7.965846176566169,0.5
VLM,0,14,0,2.493764964148388e-07,-0.45638420544264774,success,8.034,world_87.world,7.965846176566169,0.5
VLM,0,15,0,2.3419198262482846e-07,-0.2949722481991878,success,8.553,world_86.world,8.086051833195288,0.5
VLM,0,15,0,2.3364480522317638e-07,-0.3169200443000538,success,8.579,world_86.world,8.086051833195288,0.5
VLM,0,14,0,2.43902379536005e-07,-0.25797040969463714,success,8.214,world_86.world,8.086051833195288,0.5
VLM,0,15,0,2.3094682888064e-07,-1.3926890865099315,success,8.659999999999998,world_85.world,8.49776588751143,0.5
VLM,0,15,0,2.3041469345283563e-07,-1.5826936027377343,success,8.693000000000001,world_85.world,8.49776588751143,0.5
VLM,0,18,1,0.013752649557436237,-2.089970824055515,success,10.198,world_85.world,8.49776588751143,0.0
VLM,0,19,0,0.001865857860847414,-1.3964888005194325,success,10.725,world_84.world,7.7946843634494,0.5
VLM,0,18,0,1.9801976276836382e-07,-1.4063336994766809,success,10.116000000000001,world_84.world,7.7946843634494,0.5
VLM,0,18,0,1.9685035495071754e-07,-1.4299116758235761,success,10.164,world_84.world,7.7946843634494,0.5
VLM,0,37,3,0.43937929782936,-33.82495459405138,collision,20.637,world_83.world,8.267190471112068,0.0
VLM,0,21,0,1.700679982877554e-07,-3.99666644083546,success,11.775,world_83.world,8.267190471112068,0.5
VLM,0,21,0,1.706484350429292e-07,-4.0977272899776676,success,11.736,world_83.world,8.267190471112068,0.5
VLM,0,16,0,2.2075050314558433e-07,-1.192343561674144,success,9.065000000000001,world_82.world,8.958164793488972,0.5
VLM,0,17,0,2.0876822363920176e-07,-1.821913288192919,success,9.583000000000002,world_82.world,8.958164793488972,0.5
VLM,0,16,0,2.1786487628216205e-07,-1.261372012079422,success,9.183,world_82.world,8.958164793488972,0.5
VLM,0,15,0,2.3364480522317638e-07,-1.744365475573714,success,8.56,world_81.world,8.068852074309877,0.5
VLM,0,15,0,2.3419198262482846e-07,-1.7817850551026067,success,8.546,world_81.world,8.068852074309877,0.5
VLM,0,26,0,0.3196160055396426,-7.745209981638951,success,14.583,world_81.world,8.068852074309877,0.5
VLM,0,14,0,2.481388962434501e-07,-0.44137872346725776,success,8.07,world_80.world,8.100313695246186,0.5
VLM,0,14,0,2.493764964148388e-07,-0.42799621327780213,success,8.039000000000001,world_80.world,8.100313695246186,0.5
VLM,0,14,0,2.481388962434501e-07,-0.4384609644163814,success,8.076,world_80.world,8.100313695246186,0.5
VLM,0,16,0,2.2026426866425802e-07,-2.1632088582750533,success,9.088999999999999,world_79.world,7.9152425094789844,0.5
VLM,0,15,0,2.3310017876452712e-07,-2.122792278503669,success,8.597000000000001,world_79.world,7.9152425094789844,0.5
VLM,0,119,0,0.5199135683879725,-295.1752201064565,timeout,64.798,world_79.world,7.9152425094789844,0.0
VLM,0,14,0,2.5188910531760575e-07,-0.45448421406908557,success,7.943999999999999,world_78.world,8.307917259957843,0.5
VLM,0,14,0,2.487561570258316e-07,-0.47224585548972775,success,8.049000000000001,world_78.world,8.307917259957843,0.5
VLM,0,14,0,2.5062650360238006e-07,-0.4643661259096074,success,7.991000000000001,world_78.world,8.307917259957843,0.5
VLM,0,31,0,0.31228078218938216,-14.760467988008415,success,17.112000000000002,world_77.world,7.858846823156121,0.45925939826765544
VLM,0,18,0,1.95694677946247e-07,-2.392069166328443,success,10.229999999999999,world_77.world,7.858846823156121,0.5
VLM,0,18,0,1.9417471957772437e-07,-2.5024259029339655,success,10.310999999999998,world_77.world,7.858846823156121,0.5
VLM,0,14,0,2.43902379536005e-07,-0.6685948841702757,success,8.211999999999998,world_76.world,8.134191097866879,0.5
VLM,0,14,0,2.493764964148388e-07,-0.6380899956627206,success,8.020999999999999,world_76.world,8.134191097866879,0.5
VLM,0,15,0,2.3310017876452712e-07,-0.6602277605320547,success,8.597,world_76.world,8.134191097866879,0.5
VLM,0,14,0,0.0024632998858867276,-1.2439847337874923,success,8.128,world_75.world,8.598515422056995,0.5
VLM,0,14,0,2.487561570258316e-07,-1.1817948984555513,success,8.052999999999999,world_75.world,8.598515422056995,0.5
VLM,0,14,0,2.512562182773321e-07,-1.2053152874966675,success,7.980000000000002,world_75.world,8.598515422056995,0.5
VLM,0,14,0,2.5062650360238006e-07,-0.44671450874763424,success,7.988999999999999,world_74.world,7.681679114277142,0.5
VLM,0,14,0,2.5188910531760575e-07,-0.4371814248422893,success,7.959,world_74.world,7.681679114277142,0.5
VLM,0,14,0,2.493764964148388e-07,-0.44644349454921484,success,8.028000000000002,world_74.world,7.681679114277142,0.5
VLM,0,14,0,2.4570018533164984e-07,-0.49492569119868823,success,8.148,world_73.world,7.662817528720334,0.5
VLM,0,14,0,2.5188910531760575e-07,-0.5392484825793273,success,7.9410000000000025,world_73.world,7.662817528720334,0.5
VLM,0,14,0,2.481388962434501e-07,-0.4909207819681427,success,8.065999999999999,world_73.world,7.662817528720334,0.5
VLM,0,119,0,0.6874806897223898,-154.11049278713423,timeout,64.702,world_72.world,9.048141684378571,0.0
VLM,0,119,0,0.6623336532858666,-162.432491327999,timeout,64.623,world_72.world,9.048141684378571,0.0
VLM,0,58,0,0.3216301365749131,-71.12239147746119,success,31.915999999999997,world_72.world,9.048141684378571,0.28349861149199684
VLM,0,14,0,2.5062650360238006e-07,-0.2576511271875696,success,7.99,world_71.world,8.454422867423581,0.5
VLM,0,14,0,2.487561570258316e-07,-0.27493781221397273,success,8.059,world_71.world,8.454422867423581,0.5
VLM,0,14,0,2.493764964148388e-07,-0.3046290960988242,success,8.037999999999998,world_71.world,8.454422867423581,0.5
VLM,0,14,0,2.493764964148388e-07,-0.7559817561247307,success,8.035,world_70.world,8.555485396665695,0.5
VLM,0,14,0,2.493764964148388e-07,-0.3253432789586811,success,8.028000000000002,world_70.world,8.555485396665695,0.5
VLM,0,14,0,2.469135192806125e-07,-0.31784718092609504,success,8.116999999999999,world_70.world,8.555485396665695,0.5
VLM,0,119,0,0.7656877970421083,-158.99394183435828,timeout,64.71300000000001,world_69.world,8.295894615687171,0.0
VLM,0,119,0,0.7666357237191048,-169.73642660177498,timeout,64.62,world_69.world,8.295894615687171,0.0
VLM,0,119,0,0.7617126974336736,-198.56876881668813,timeout,64.463,world_69.world,8.295894615687171,0.0
VLM,0,14,0,2.463053580528675e-07,-1.0645788447076248,success,8.129,world_68.world,7.992671380754568,0.5
VLM,0,14,0,2.487561570258316e-07,-1.0621678892623285,success,8.057,world_68.world,7.992671380754568,0.5
VLM,0,14,0,2.469135192806125e-07,-1.0871924642294166,success,8.113000000000001,world_68.world,7.992671380754568,0.5
VLM,0,15,0,2.3474172893386647e-07,-0.8286860408229275,success,8.533000000000001,world_67.world,8.137590764596517,0.5
VLM,0,14,0,2.463053580528675e-07,-0.8747066776425181,success,8.137,world_67.world,8.137590764596517,0.5
VLM,0,15,0,2.3419198262482846e-07,-0.8998746422145373,success,8.558,world_67.world,8.137590764596517,0.5
VLM,0,119,0,0.6875573314718028,-154.97153445670753,timeout,65.42099999999999,world_66.world,8.431327419200922,0.0
VLM,0,119,0,0.7421133310225626,-161.91600152727793,timeout,65.302,world_66.world,8.431327419200922,0.0
VLM,0,119,0,0.70517560982207,-168.82431003406242,timeout,64.938,world_66.world,8.431327419200922,0.0
VLM,0,14,0,2.493764964148388e-07,-0.274696625092721,success,8.039000000000001,world_65.world,7.784881350694137,0.5
VLM,0,14,0,2.469135192806125e-07,-0.2631827549870432,success,8.104000000000001,world_65.world,7.784881350694137,0.5
VLM,0,14,0,2.481388962434501e-07,-0.24524371245337126,success,8.079,world_65.world,7.784881350694137,0.5
VLM,0,88,0,0.7262940071927947,-24.35316425739754,success,48.318000000000005,world_64.world,8.299052786270355,0.17175902947701382
VLM,0,30,0,0.2287426073362147,-15.46036817851163,success,16.704,world_64.world,8.299052786270355,0.49683026737729613
VLM,0,119,0,0.8617482993878395,-165.33494989900433,timeout,64.52300000000001,world_64.world,8.299052786270355,0.0
VLM,0,44,0,0.6059357291067,-19.3949760303927,success,24.261,world_63.world,8.142136090349757,0.3356059556634004
VLM,0,16,0,0.028508984976099785,-1.676197439945444,success,9.120999999999999,world_63.world,8.142136090349757,0.5
VLM,0,16,0,2.2026426866425802e-07,-1.7450191623559044,success,9.090999999999998,world_63.world,8.142136090349757,0.5
VLM,0,14,0,2.463053580528675e-07,-0.038586133788505804,success,8.131,world_62.world,7.789669185797129,0.5
VLM,0,14,0,2.4752469120675964e-07,-0.029201684108894718,success,8.089,world_62.world,7.789669185797129,0.5
VLM,0,14,0,2.469135192806125e-07,-0.0309030877811274,success,8.108000000000002,world_62.world,7.789669185797129,0.5
VLM,0,14,0,2.4570018533164984e-07,-0.16668777380561028,success,8.150999999999998,world_61.world,7.90488192076935,0.5
VLM,0,13,0,2.604165988498441e-07,-0.13673708208913804,success,7.683999999999999,world_61.world,7.90488192076935,0.5
VLM,0,14,0,2.493764964148388e-07,-0.1527482919162799,success,8.033,world_61.world,7.90488192076935,0.5
VLM,0,14,0,2.463053580528675e-07,-0.22715235036764586,success,8.134999999999998,world_60.world,8.1793502054952,0.5
VLM,0,14,0,2.493764964148388e-07,-0.21558756613302463,success,8.022,world_60.world,8.1793502054952,0.5
VLM,0,14,0,2.463053580528675e-07,-0.21965128599494663,success,8.136000000000001,world_60.world,8.1793502054952,0.5
VLM,0,14,0,2.444987177264749e-07,-0.6431330872980784,success,8.193999999999999,world_59.world,8.195378268581361,0.5
VLM,0,15,0,2.3364480522317638e-07,-0.685432028677719,success,8.568,world_59.world,8.195378268581361,0.5
VLM,0,15,0,2.3255808545160806e-07,-0.5230957143178134,success,8.616999999999999,world_59.world,8.195378268581361,0.5
VLM,0,14,0,2.469135192806125e-07,-0.31918557719015617,success,8.11,world_58.world,8.561860718112822,0.5
VLM,0,14,0,2.5062650360238006e-07,-0.3110446056924984,success,7.984999999999999,world_58.world,8.561860718112822,0.5
VLM,0,14,0,2.493764964148388e-07,-0.24415885056730174,success,8.032,world_58.world,8.561860718112822,0.5
VLM,0,15,0,2.3255808545160806e-07,-1.6416156882934199,success,8.617999999999999,world_57.world,8.325250746080222,0.5
VLM,0,15,0,2.3094682888064e-07,-1.7057397829799863,success,8.666000000000002,world_57.world,8.325250746080222,0.5
VLM,0,15,0,2.3255808545160806e-07,-1.6700296859820865,success,8.622000000000002,world_57.world,8.325250746080222,0.5
VLM,0,14,0,2.5188910531760575e-07,-0.3958369112821776,success,7.943,world_56.world,8.14825227129895,0.5
VLM,0,14,0,2.4999993750001564e-07,-0.39573125172948503,success,8.016,world_56.world,8.14825227129895,0.5
VLM,0,14,0,2.469135192806125e-07,-0.37701544613073357,success,8.107,world_56.world,8.14825227129895,0.5
VLM,0,14,0,2.4509797914265217e-07,-0.4401183098635163,success,8.163000000000002,world_55.world,7.972038590337743,0.5
VLM,0,14,0,2.5062650360238006e-07,-0.4774487435604255,success,7.995000000000001,world_55.world,7.972038590337743,0.5
VLM,0,14,0,2.487561570258316e-07,-0.4798590609647041,success,8.056999999999999,world_55.world,7.972038590337743,0.5
VLM,0,14,0,2.463053580528675e-07,-0.035431959049210496,success,8.126999999999999,world_54.world,7.937059993858295,0.5
VLM,0,14,0,2.4999993750001564e-07,-0.028623854679734495,success,8.014999999999999,world_54.world,7.937059993858295,0.5
VLM,0,13,0,2.6385217312607574e-07,-0.012818380819120474,success,7.582000000000001,world_54.world,7.937059993858295,0.5
VLM,0,14,0,2.4999993750001564e-07,-0.03459484466241634,success,8.013,world_53.world,8.137162957850254,0.5
VLM,0,14,0,2.481388962434501e-07,-0.0376203142678526,success,8.070000000000002,world_53.world,8.137162957850254,0.5
VLM,0,14,0,2.4999993750001564e-07,-0.03537090715836852,success,8.014,world_53.world,8.137162957850254,0.5
VLM,0,16,0,2.2172944085821714e-07,-2.3722276532043343,success,9.039,world_52.world,8.908826053052014,0.5
VLM,0,44,0,0.5111662935346325,-27.011183640359366,success,24.183999999999997,world_52.world,8.908826053052014,0.3683768629280522
VLM,0,16,0,2.197801714768854e-07,-2.4832421506780378,success,9.11,world_52.world,8.908826053052014,0.5
VLM,0,14,0,2.4330894323383377e-07,-0.6332551621803711,success,8.219,world_51.world,8.428638485368548,0.5
VLM,0,17,0,0.07068626389058964,-3.1987434317160366,success,9.625,world_51.world,8.428638485368548,0.5
VLM,0,14,0,2.493764964148388e-07,-0.5013733798364839,success,8.023000000000001,world_51.world,8.428638485368548,0.5
VLM,0,14,0,2.481388962434501e-07,-0.3447126066117979,success,8.064000000000002,world_50.world,8.136260874827512,0.5
VLM,0,14,0,2.469135192806125e-07,-0.3390594848325275,success,8.113000000000001,world_50.world,8.136260874827512,0.5
VLM,0,14,0,2.4752469120675964e-07,-0.3490037506018103,success,8.084000000000001,world_50.world,8.136260874827512,0.5
VLM,0,16,0,2.1834056368109966e-07,-1.5104016863212388,success,9.167000000000002,world_49.world,9.849313256116805,0.5
VLM,0,16,0,2.1786487628216205e-07,-1.5835196508556042,success,9.197000000000001,world_49.world,9.849313256116805,0.5
VLM,0,16,0,2.197801714768854e-07,-1.6585163843280708,success,9.116999999999999,world_49.world,9.849313256116805,0.5
VLM,0,14,0,2.487561570258316e-07,-0.4728973180197483,success,8.058,world_48.world,7.723639668622052,0.5
VLM,0,14,0,2.4752469120675964e-07,-0.4821289511472404,success,8.089999999999998,world_48.world,7.723639668622052,0.5
VLM,0,14,0,2.493764964148388e-07,-0.45091596964230635,success,8.036999999999999,world_48.world,7.723639668622052,0.5
VLM,0,13,0,2.6178003618323666e-07,-0.00957434881375353,success,7.649000000000001,world_47.world,7.978430289997688,0.5
VLM,0,13,0,2.6178003618323666e-07,-0.010487313249835862,success,7.642000000000001,world_47.world,7.978430289997688,0.5
VLM,0,14,0,2.4999993750001564e-07,-0.025972420743908296,success,8.004000000000001,world_47.world,7.978430289997688,0.5
VLM,0,14,0,2.493764964148388e-07,-0.9793520378817883,success,8.034,world_46.world,8.128776611550942,0.5
VLM,0,14,0,2.481388962434501e-07,-0.8811274795199499,success,8.076,world_46.world,8.128776611550942,0.5
VLM,0,14,0,2.5062650360238006e-07,-1.1636004746165922,success,7.997,world_46.world,8.128776611550942,0.5
VLM,0,13,0,2.610965375727056e-07,-0.013658162501457174,success,7.66,world_45.world,8.507345602053446,0.5
VLM,0,14,0,2.469135192806125e-07,-0.035192947415269224,success,8.104,world_45.world,8.507345602053446,0.5
VLM,0,14,0,2.493764964148388e-07,-0.0329741610072863,success,8.031,world_45.world,8.507345602053446,0.5
VLM,0,14,0,2.493764964148388e-07,-0.3376752473991779,success,8.021999999999998,world_44.world,7.979286410739421,0.5
VLM,0,14,0,2.493764964148388e-07,-0.35549583230769066,success,8.037,world_44.world,7.979286410739421,0.5
VLM,0,14,0,2.493764964148388e-07,-0.35355219264875765,success,8.038,world_44.world,7.979286410739421,0.5
VLM,0,14,0,2.487561570258316e-07,-0.2884094775765126,success,8.052,world_43.world,8.109232491626438,0.5
VLM,0,14,0,2.4752469120675964e-07,-0.3021069115772982,success,8.094,world_43.world,8.109232491626438,0.5
VLM,0,14,0,2.481388962434501e-07,-0.304721473790451,success,8.068000000000001,world_43.world,8.109232491626438,0.5
VLM,0,14,0,2.493764964148388e-07,-0.4250340782996834,success,8.02,world_42.world,8.078518849674825,0.5
VLM,0,14,0,2.4570018533164984e-07,-0.4390522796496379,success,8.15,world_42.world,8.078518849674825,0.5
VLM,0,14,0,2.4752469120675964e-07,-0.42700307560345807,success,8.099,world_42.world,8.078518849674825,0.5
VLM,0,13,0,2.624671227120413e-07,-0.05751516232677403,success,7.622999999999999,world_41.world,8.41676640181258,0.5
VLM,0,13,0,2.624671227120413e-07,-0.07819654567649409,success,7.630000000000001,world_41.world,8.41676640181258,0.5
VLM,0,14,0,2.481388962434501e-07,-0.08554199675859048,success,8.063,world_41.world,8.41676640181258,0.5
VLM,0,14,0,2.481388962434501e-07,-0.7224073812944105,success,8.063999999999998,world_40.world,7.91606639191294,0.5
VLM,0,14,0,2.463053580528675e-07,-0.6669747596740614,success,8.126,world_40.world,7.91606639191294,0.5
VLM,0,15,0,2.3201850765231844e-07,-0.6543951497306076,success,8.637999999999998,world_40.world,7.91606639191294,0.5
VLM,0,16,0,2.197801714768854e-07,-1.984118819994542,success,9.110999999999999,world_39.world,8.383492590770384,0.5
VLM,0,25,0,0.3295293395821199,-7.364002565562914,success,14.026,world_39.world,8.383492590770384,0.5
VLM,0,18,0,0.12252981768185423,-2.7716890425141503,success,10.129999999999999,world_39.world,8.383492590770384,0.5
VLM,0,14,0,2.493764964148388e-07,-0.2994046264359739,success,8.036000000000001,world_38.world,7.823793764091686,0.5
VLM,0,14,0,2.512562182773321e-07,-0.31196242208787545,success,7.9620000000000015,world_38.world,7.823793764091686,0.5
VLM,0,14,0,2.469135192806125e-07,-0.29485842475762397,success,8.112000000000002,world_38.world,7.823793764091686,0.5
VLM,0,14,0,2.481388962434501e-07,-0.03427606047360683,success,8.063,world_37.world,8.126611785765261,0.5
VLM,0,14,0,2.493764964148388e-07,-0.02470413376941571,success,8.029,world_37.world,8.126611785765261,0.5
VLM,0,13,0,2.631578254847828e-07,-0.01238986408741344,success,7.608000000000002,world_37.world,8.126611785765261,0.5
VLM,0,14,0,2.4999993750001564e-07,-0.2705380543130376,success,8.017,world_36.world,7.866330220037212,0.5
VLM,0,14,0,2.487561570258316e-07,-0.2984442632754175,success,8.053,world_36.world,7.866330220037212,0.5
VLM,0,14,0,2.493764964148388e-07,-0.2895328319719685,success,8.036999999999999,world_36.world,7.866330220037212,0.5
VLM,0,14,0,2.5062650360238006e-07,-1.125369451175343,success,7.986000000000001,world_35.world,8.057087722477611,0.5
VLM,0,14,0,2.481388962434501e-07,-1.1468186531828224,success,8.062,world_35.world,8.057087722477611,0.5
VLM,0,14,0,2.4999993750001564e-07,-1.1163800868873792,success,8.001000000000001,world_35.world,8.057087722477611,0.5
VLM,0,14,0,2.4509797914265217e-07,-0.40836001554378626,success,8.176,world_34.world,8.232892546850593,0.5
VLM,0,14,0,2.493764964148388e-07,-0.41296409477897766,success,8.027000000000001,world_34.world,8.232892546850593,0.5
VLM,0,14,0,2.469135192806125e-07,-0.4142701628138303,success,8.101,world_34.world,8.232892546850593,0.5
VLM,0,14,0,2.493764964148388e-07,-0.6165019902701373,success,8.022,world_33.world,8.084455348965788,0.5
VLM,0,15,0,2.3201850765231844e-07,-0.7035137814260625,success,8.631,world_33.world,8.084455348965788,0.5
VLM,0,14,0,2.463053580528675e-07,-0.7053140070441806,success,8.122,world_33.world,8.084455348965788,0.5
VLM,0,14,0,2.5062650360238006e-07,-0.6283082882744807,success,7.998000000000001,world_32.world,7.885459226651822,0.5
VLM,0,14,0,2.481388962434501e-07,-0.6366513322294161,success,8.065,world_32.world,7.885459226651822,0.5
VLM,0,14,0,2.481388962434501e-07,-0.623530436416428,success,8.061,world_32.world,7.885459226651822,0.5
VLM,0,15,0,2.3529406228375008e-07,-1.1461224067269689,success,8.515,world_31.world,9.167567699214853,0.5
VLM,0,14,0,2.481388962434501e-07,-0.8557365930139996,success,8.067999999999998,world_31.world,9.167567699214853,0.5
VLM,0,15,0,2.3255808545160806e-07,-1.1904311306181372,success,8.619000000000002,world_31.world,9.167567699214853,0.5
VLM,0,16,0,2.212388891064405e-07,-2.3404455803875654,success,9.056999999999999,world_30.world,8.334769441907351,0.5
VLM,0,17,0,0.0206187586353075,-2.4986914648425924,success,9.706999999999999,world_30.world,8.334769441907351,0.5
VLM,0,18,0,1.9379841205457133e-07,-2.513063833184463,success,10.327,world_30.world,8.334769441907351,0.5
VLM,0,14,0,2.481388962434501e-07,-0.3183001119226991,success,8.075999999999999,world_29.world,8.005103129808365,0.5
VLM,0,14,0,2.4752469120675964e-07,-0.3086072909839871,success,8.087,world_29.world,8.005103129808365,0.5
VLM,0,13,0,2.610965375727056e-07,-0.30587022883882886,success,7.679,world_29.world,8.005103129808365,0.5
VLM,0,13,0,2.631578254847828e-07,-0.0070737727420702515,success,7.601000000000001,world_28.world,8.273013727055181,0.5
VLM,0,14,0,2.5062650360238006e-07,-0.033223066809380815,success,7.99,world_28.world,8.273013727055181,0.5
VLM,0,14,0,2.4999993750001564e-07,-0.023289314487720533,success,8.016000000000002,world_28.world,8.273013727055181,0.5
VLM,0,14,0,2.4999993750001564e-07,-0.5134403368595634,success,8.011,world_27.world,9.7461734452151,0.5
VLM,0,14,0,2.4509797914265217e-07,-0.5304845883497765,success,8.177999999999999,world_27.world,9.7461734452151,0.5
VLM,0,14,0,2.463053580528675e-07,-0.5374412974243643,success,8.126000000000001,world_27.world,9.7461734452151,0.5
VLM,0,14,0,2.469135192806125e-07,-0.5410234695489738,success,8.100999999999999,world_26.world,8.137590764596517,0.5
VLM,0,14,0,2.493764964148388e-07,-0.47348055954240126,success,8.027,world_26.world,8.137590764596517,0.5
VLM,0,14,0,2.487561570258316e-07,-0.4834118551075871,success,8.056000000000001,world_26.world,8.137590764596517,0.5
VLM,0,14,0,2.4999993750001564e-07,-0.8365669941506779,success,8.014999999999999,world_25.world,8.964642398613119,0.5
VLM,0,14,0,2.463053580528675e-07,-0.798079958080561,success,8.125000000000002,world_25.world,8.964642398613119,0.5
VLM,0,14,0,2.481388962434501e-07,-0.8325759770292517,success,8.068999999999999,world_25.world,8.964642398613119,0.5
VLM,0,14,0,2.469135192806125e-07,-0.45158668374903166,success,8.102999999999998,world_24.world,8.330207406715914,0.5
VLM,0,14,0,2.469135192806125e-07,-0.4555389308720623,success,8.117,world_24.world,8.330207406715914,0.5
VLM,0,14,0,2.481388962434501e-07,-0.4680077399602387,success,8.069000000000003,world_24.world,8.330207406715914,0.5
VLM,0,14,0,2.481388962434501e-07,-0.03467970996092757,success,8.07,world_23.world,8.080539346398604,0.5
VLM,0,14,0,2.481388962434501e-07,-0.03491307913701263,success,8.066,world_23.world,8.080539346398604,0.5
VLM,0,14,0,2.5062650360238006e-07,-0.028481629661852373,success,7.981999999999999,world_23.world,8.080539346398604,0.5
VLM,0,14,0,2.481388962434501e-07,-0.6000665592552638,success,8.075000000000001,world_22.world,9.858020142051808,0.5
VLM,0,14,0,2.487561570258316e-07,-0.615044779784581,success,8.039,world_22.world,9.858020142051808,0.5
VLM,0,14,0,2.463053580528675e-07,-0.622287486718249,success,8.138000000000002,world_22.world,9.858020142051808,0.5
VLM,0,14,0,2.4999993750001564e-07,-0.035704970154963905,success,8.005,world_21.world,8.155271571994216,0.5
VLM,0,14,0,2.493764964148388e-07,-0.030369042926926472,success,8.033,world_21.world,8.155271571994216,0.5
VLM,0,13,0,2.610965375727056e-07,-0.016357020814573603,success,7.6789999999999985,world_21.world,8.155271571994216,0.5
VLM,0,15,0,2.298850046241369e-07,-2.2128603810035496,success,8.721,world_20.world,8.748223030535536,0.5
VLM,0,15,0,2.3364480522317638e-07,-2.125471931720503,success,8.578000000000001,world_20.world,8.748223030535536,0.5
VLM,0,15,0,2.298850046241369e-07,-2.2109285054311947,success,8.717,world_20.world,8.748223030535536,0.5
VLM,0,14,0,2.487561570258316e-07,-0.039502671837179544,success,8.046999999999999,world_19.world,8.360155832410621,0.5
VLM,0,14,0,2.493764964148388e-07,-0.039029671849491396,success,8.026,world_19.world,8.360155832410621,0.5
VLM,0,14,0,2.463053580528675e-07,-0.03039821968516977,success,8.129,world_19.world,8.360155832410621,0.5
VLM,0,14,0,2.512562182773321e-07,-0.023102382797011642,success,7.9780000000000015,world_18.world,8.199722798952482,0.5
VLM,0,13,0,2.6455019456344064e-07,-0.01985154721322695,success,7.563000000000001,world_18.world,8.199722798952482,0.5
VLM,0,14,0,2.487561570258316e-07,-0.014399733653230586,success,8.046000000000001,world_18.world,8.199722798952482,0.5
VLM,0,14,0,2.444987177264749e-07,-0.5120836394585196,success,8.186,world_17.world,8.019333475447048,0.5
VLM,0,14,0,2.444987177264749e-07,-0.5078777596700174,success,8.181999999999999,world_17.world,8.019333475447048,0.5
VLM,0,14,0,2.469135192806125e-07,-0.5030394094790129,success,8.113000000000001,world_17.world,8.019333475447048,0.5
VLM,0,14,0,2.4570018533164984e-07,-0.14845595247722954,success,8.14,world_16.world,7.7050962891335395,0.5
VLM,0,14,0,2.512562182773321e-07,-0.13565275405093818,success,7.967000000000002,world_16.world,7.7050962891335395,0.5
VLM,0,13,0,2.631578254847828e-07,-0.10172886098649073,success,7.606,world_16.world,7.7050962891335395,0.5
VLM,0,16,0,2.1881833286250925e-07,-2.0258507448428453,success,9.139999999999999,world_15.world,8.183135858441506,0.5
VLM,0,16,0,2.2075050314558433e-07,-2.0227530954204087,success,9.081,world_15.world,8.183135858441506,0.5
VLM,0,16,0,2.2026426866425802e-07,-1.9673408258865432,success,9.085999999999999,world_15.world,8.183135858441506,0.5
VLM,0,14,0,2.487561570258316e-07,-0.6685896975957436,success,8.039,world_14.world,8.086238508844373,0.5
VLM,0,14,0,2.481388962434501e-07,-0.6789388592140913,success,8.061000000000002,world_14.world,8.086238508844373,0.5
VLM,0,14,0,2.4509797914265217e-07,-0.7039903243787152,success,8.165999999999999,world_14.world,8.086238508844373,0.5
VLM,0,13,0,2.624671227120413e-07,-0.005241695155347362,success,7.622,world_13.world,7.703425987449967,0.5
VLM,0,14,0,2.4752469120675964e-07,-0.008676675721957149,success,8.094,world_13.world,7.703425987449967,0.5
VLM,0,14,0,2.481388962434501e-07,-0.012868765977137039,success,8.064,world_13.world,7.703425987449967,0.5
VLM,0,14,0,2.4999993750001564e-07,-0.4661879811988042,success,8.017000000000001,world_12.world,8.164601230243118,0.5
