Method,img_label,linear_vel,angular_vel,pre_inflation,goal_dist,delta_goal_dist,moved_toward_goal,next_linear_vel:,next_angular_vel,max_vel_x,max_vel_theta,nr_pairs_,nr_steps_,linear_stddev,angular_stddev,lambda,final_inflation
RL,0,1.3219521856935992e-06,-0.008692789542795816,0.6153722405433655,14.53209643960447,0.467918941867298,1,1.0868416373838419,0.08257194702260857,1.9207732677459717,3.31368350982666,375,20,0.15468035638332367,0.14247263967990875,0.33382582664489746,0.6153722405433655
RL,1,1.0868416373838419,0.08257194702260857,0.6304340958595276,13.957004751477752,0.575091688126717,1,1.1145450574485252,0.018628207679286957,2.3076331615448,3.116337299346924,399,21,0.15563805401325226,0.16080975532531738,0.7558820247650146,0.6304340958595276
RL,2,1.1145450574485252,0.018628207679286957,0.5980399250984192,13.399390515930572,0.5576142355471809,1,0.951510826051669,-0.09552232309667072,1.846887469291687,3.3173563480377197,398,23,0.15930870175361633,0.163710355758667,0.7656912803649902,0.5980399250984192
RL,3,0.951510826051669,-0.09552232309667072,0.6148619651794434,12.893786712178699,0.5056038037518729,1,0.9677514442168563,-0.7137586725354929,1.8641350269317627,3.5869712829589844,385,18,0.14920446276664734,0.13360226154327393,0.622551441192627,0.6148619651794434
RL,4,0.9677514442168563,-0.7137586725354929,0.5729578733444214,12.438869008553896,0.4549177036248029,1,0.8888815719893339,-0.6064455291511208,1.6516122817993164,3.033656597137451,387,21,0.1576233059167862,0.1451885849237442,0.5501043796539307,0.5729578733444214
RL,5,0.8888815719893339,-0.6064455291511208,0.5842509865760803,12.013889335202071,0.4249796733518245,1,0.8255736364058934,-0.17025098338042255,2.042799472808838,3.2663979530334473,412,21,0.12634779512882233,0.1300227791070938,-0.05853748321533203,0.5842509865760803
RL,6,0.8255736364058934,-0.17025098338042255,0.5765288472175598,11.681606742627276,0.33228259257479564,1,0.7663078388614987,0.15949703933714515,2.1918227672576904,3.3120131492614746,806,18,0.14810514450073242,0.1489219069480896,0.43993663787841797,0.5765288472175598
RL,7,0.7663078388614987,0.15949703933714515,0.6295652389526367,11.366301730412411,0.3153050122148642,1,0.6962436274041497,0.29431368933175983,1.8898588418960571,2.545079231262207,609,21,0.05719172582030296,0.13694706559181213,1.2961068153381348,0.6295652389526367
RL,8,0.6962436274041497,0.29431368933175983,0.682612955570221,11.095953488158349,0.2703482422540624,1,0.512471509520681,0.403842751061639,2.4223108291625977,3.2044248580932617,420,21,0.1514938622713089,0.15289008617401123,1.357117772102356,0.682612955570221
RL,9,0.512471509520681,0.403842751061639,0.6432456970214844,10.84406106039705,0.25189242776129817,1,0.6887685471564466,1.1321619118357067,1.952357292175293,3.1337199211120605,405,27,0.14755094051361084,0.1507362425327301,1.5328868627548218,0.6432456970214844
RL,10,0.15884622946407478,0.03661689947541285,0.5484458208084106,10.648842498457967,0.07131849634256682,1,0.0955784224128136,0.028637131742990745,2.0721917152404785,0.03748726844787598,792,18,0.1588597446680069,0.1370745450258255,1.4342010021209717,0.5484458208084106
RL,11,0.10620836020784073,0.034002485323284516,0.5295611619949341,10.490377304380354,0.09766467711966165,1,0.1833580952036103,0.33544456338949735,2.0884153842926025,0.7744737267494202,852,36,0.1645193099975586,0.14714907109737396,1.2653974294662476,0.5295611619949341
RL,12,0.1833580952036103,0.33544456338949735,0.599675178527832,10.160323138485998,0.33005416589435654,1,1.2229197275691612,0.03758282707103449,2.1619484424591064,0.5552029609680176,773,19,0.1556553989648819,0.14254285395145416,-0.17566394805908203,0.599675178527832
RL,13,1.2229197275691612,0.03758282707103449,0.6288354396820068,9.540751016931763,0.6195721215542349,1,1.1014156994870206,-0.006002186721397876,2.2987539768218994,3.3677337169647217,394,17,0.13848310708999634,0.1347077339887619,4.378805160522461,0.6288354396820068
RL,14,1.1014156994870206,-0.006002186721397876,0.6295218467712402,8.90022333431108,0.6405276826206823,1,1.2964900496604814,-0.6717129348801374,2.034606456756592,3.049121856689453,416,20,0.1445731520652771,0.1412411332130432,0.143829345703125,0.6295218467712402
RL,15,1.2964900496604814,-0.6717129348801374,0.6008445024490356,8.195092030117054,0.7051313041940261,1,1.2727808354272292,-0.012168877908163421,1.9999911785125732,2.9856276512145996,384,20,0.14826169610023499,0.13115690648555756,0.29062533378601074,0.6008445024490356
RL,16,1.2727808354272292,-0.012168877908163421,0.5568310618400574,7.557864903859058,0.6372271262579963,1,1.1313654025840731,-0.005212995115222893,2.1092638969421387,3.3662452697753906,416,19,0.15585952997207642,0.1246524378657341,1.0029339790344238,0.5568310618400574
RL,17,1.1313654025840731,-0.005212995115222893,0.6216686964035034,6.903284720877434,0.6545801829816238,1,1.2349583084476352,0.008082135981113743,2.270141839981079,3.036851406097412,410,18,0.15878789126873016,0.15467002987861633,0.5066661834716797,0.6216686964035034
RL,18,1.2349583084476352,0.008082135981113743,0.6532357931137085,6.329613223906305,0.5736714969711292,1,1.0734732462442567,-0.012208368806787785,1.9114347696304321,2.6643033027648926,361,19,0.1380268782377243,0.1541861891746521,0.8079184293746948,0.6532357931137085
RL,19,1.0734732462442567,-0.012208368806787785,0.6127545833587646,5.678875154627974,0.6507380692783311,1,1.2444287655510855,-0.0009053443545006199,2.229438543319702,3.060142993927002,352,19,0.1448044776916504,0.1444893628358841,0.5377681255340576,0.6127545833587646
RL,20,1.2444287655510855,-0.0009053443545006199,0.5835744142532349,4.872021727113153,0.8068534275148211,1,1.7328947868310083,0.1271518055476753,1.7263638973236084,3.3411762714385986,375,18,0.1585860401391983,0.16154354810714722,0.7052643299102783,0.5835744142532349
HB,21,1.7870294622298337,0.0013365404986719418,0.611008882522583,13.968198411102865,0.6463806229056583,1,1.123915182718865,-0.007940189813352604,2.0,0.15043392691245402,600,28,0.1490093469619751,0.1575368344783783,0.7417235374450684,0.74172354
HB,22,1.123915182718865,-0.007940189813352604,0.547850489616394,13.338652237094319,0.6295461740085457,1,1.07394375788907,-0.004706086816912037,2.0,0.2757262456830898,600,24,0.15407520532608032,0.14464527368545532,0.6673712730407715,0.39999999999999997
HB,23,1.07394375788907,-0.004706086816912037,0.5976649522781372,12.775869631569051,0.5627826055252676,1,1.0634569514942562,-0.002771120197169719,1.8045436424332533,0.36762559138046036,600,24,0.14844799041748047,0.16036555171012878,0.46099233627319336,0.39999999999999997
HB,24,1.0634569514942562,-0.002771120197169719,0.5935767889022827,12.307836801099832,0.4680328304692196,1,0.7854975959512145,-0.06593253919848445,1.8326343385757857,0.5431388755858364,800,32,0.15100230276584625,0.17103412747383118,0.4650695323944092,0.39999999999999997
HB,25,0.7854975959512145,-0.06593253919848445,0.6005215048789978,11.985205163980218,0.3226316371196134,1,0.48613913034598055,-0.20377533194487063,1.5211014539013687,0.7857415607716932,800,33,0.13870055973529816,0.1526813954114914,0.9014905691146851,0.39999999999999997
HB,26,0.48613913034598055,-0.20377533194487063,0.6101537346839905,11.731188233307364,0.25401693067285436,1,0.45085054399655466,-0.01536065031030524,1.3175333681262251,0.9696788749415632,800,35,0.14505615830421448,0.14976519346237183,1.4503626823425293,0.39999999999999997
HB,27,0.45085054399655466,-0.01536065031030524,0.579947829246521,11.534180740954575,0.19700749235278892,1,0.33994105167392885,-0.03287310676138084,1.274499474210869,1.1427987917895226,800,32,0.10965356230735779,0.16359469294548035,0.4526643753051758,0.39999999999999997
HB,28,0.33994105167392885,-0.03287310676138084,0.4678550958633423,11.346513150838666,0.18766759011590928,1,0.37387044638008066,-0.3348357260621015,0.9478201312776489,1.2504109757006334,800,39,0.1676132082939148,0.15088656544685364,4.653491973876953,0.39999999999999997
HB,29,0.29981466927900413,-0.6241985164826412,0.13137038052082062,11.081477660752222,0.11726967592454329,1,0.32637637224888727,-0.0031732966292236917,0.7983332632840836,1.4182027217956341,800,33,0.08650743961334229,0.1481865793466568,0.7493031024932861,0.39999999999999997
HB,30,0.34062381713126594,-0.014595193441642795,0.5754566192626953,10.861045506609926,0.1104352554096284,1,0.33580238741419943,-0.004479370834199463,0.7159169612195725,1.4852237099174264,800,35,0.0713169202208519,0.10710799694061279,0.5049281120300293,0.39999999999999997
HB,31,0.260166744123559,0.5655457864587877,0.13573266565799713,10.654222496056533,0.09148606672797754,1,0.22190056200647204,0.6920749798600808,0.6357998269436729,1.5861527047023534,800,32,0.11938145756721497,0.16027110815048218,0.45363593101501465,0.39999999999999997
HB,32,0.2103645364857962,0.525259391434491,0.6065525412559509,10.445996314192652,0.10245474990639458,1,0.19578595235460072,0.8047745079345561,0.6637835751940253,1.6599983741462898,800,30,0.1731080710887909,0.1414892077445984,0.7290444374084473,0.39999999999999997
HB,33,0.2970113668870502,0.33346794451025186,0.5934336185455322,10.128754515405607,0.18080393169038267,1,0.4064509494069892,-0.003821628872502654,0.666016421024682,1.587655640840512,800,33,0.15903763473033905,0.12877964973449707,0.45282459259033203,0.39999999999999997
HB,34,0.4064509494069892,-0.003821628872502654,0.557246208190918,9.939601260089248,0.1891532553163593,1,0.40250194376394477,-0.006729218281627217,0.6572133142285593,1.5503581710827805,800,30,0.1402437388896942,0.12465696781873703,0.8795511722564697,0.39999999999999997
HB,35,0.40250194376394477,-0.006729218281627217,0.6037948131561279,9.746271197751327,0.19333006233792105,1,0.34855715256937125,-0.15341254100825752,0.7070122375648137,1.5458278587301977,800,31,0.1493426263332367,0.13834989070892334,5.094305992126465,0.39999999999999997
HB,36,0.34855715256937125,-0.15341254100825752,0.5746076107025146,9.565979339430768,0.18029185832055816,1,0.35852472039228894,0.0041456944853541485,0.9015358739470444,1.5386696129542228,800,34,0.0890834853053093,0.1339111328125,5.477392196655273,0.39999999999999997
HB,37,0.35852472039228894,0.0041456944853541485,0.3973359763622284,9.360614573965234,0.20536476546553395,1,0.44091738593312907,-0.03621273076313671,1.623802643542329,1.5007017746947042,800,37,0.1395714282989502,0.03292399272322655,0.06456470489501953,0.30999999999999994
HB,38,0.44091738593312907,-0.03621273076313671,0.6402503252029419,8.97189341615156,0.38872115781367356,1,0.8048039284157474,-0.30515892162193986,1.9154171774210362,1.328569670919994,800,37,0.15840484201908112,0.10080187767744064,0.350614070892334,0.32218422126770013
RL,0,9.337498046416958e-07,0.004301087684722126,0.6102360486984253,14.548373593885694,0.451527029253878,1,1.0569058251920962,0.004791660576884955,2.26896595954895,3.20990252494812,392,19,0.15502209961414337,0.14600923657417297,0.5752768516540527,0.6102360486984253
RL,1,1.0569058251920962,0.004791660576884955,0.5480160117149353,14.043997234159997,0.5043763597256969,1,0.9432372950410937,-0.07351749660191158,1.6782267093658447,3.127796173095703,370,20,0.1468043327331543,0.16427606344223022,0.4919929504394531,0.5480160117149353
RL,2,0.9432372950410937,-0.07351749660191158,0.5395309925079346,13.494825250466297,0.5491719836937001,1,1.0714680554627665,-0.12749114832749633,2.1014862060546875,3.4908430576324463,395,21,0.14902913570404053,0.13610555231571198,0.6064834594726562,0.5395309925079346
RL,3,1.0714680554627665,-0.12749114832749633,0.6375822424888611,12.922243407843926,0.5725818426223714,1,1.09364723447299,-0.36834134558818654,2.0589025020599365,3.138737678527832,360,20,0.15725764632225037,0.15580400824546814,0.45255374908447266,0.6375822424888611
RL,4,1.1252484484292518,-0.40932923842084135,0.6831874251365662,12.37418883620927,0.5480545716346565,1,0.942405467062918,-0.6183312061936789,1.7746740579605103,3.1964454650878906,383,18,0.1478256732225418,0.15994054079055786,0.6746883392333984,0.6831874251365662
RL,5,0.942405467062918,-0.6183312061936789,0.5539274215698242,11.987736000853687,0.3864528353555823,1,0.7637085787494777,-0.3104921212980311,2.0163533687591553,2.894927740097046,380,20,0.12392228841781616,0.1575317084789276,0.905746340751648,0.5539274215698242
RL,6,0.7637085787494777,-0.3104921212980311,0.5672013759613037,11.658110121834868,0.3296258790188187,1,0.7695152486111686,0.3577300711338982,1.9816279411315918,3.2580361366271973,802,21,0.08922983705997467,0.14330929517745972,0.3449571132659912,0.5672013759613037
RL,7,0.7695152486111686,0.3577300711338982,0.569746196269989,11.333499585734133,0.3246105361007352,1,0.6837813999632019,0.3123420143030168,1.898504614830017,3.4603116512298584,522,19,0.08166321367025375,0.15417364239692688,2.6687092781066895,0.569746196269989
RL,8,0.6837813999632019,0.3123420143030168,0.6622527837753296,11.019400549948962,0.31409903578517095,1,0.45407481220292467,0.04989538276750572,2.241377353668213,3.227330207824707,384,20,0.16006973385810852,0.1654333770275116,4.068711757659912,0.6622527837753296
RL,9,0.45407481220292467,0.04989538276750572,0.6755955219268799,10.768880133898513,0.25052041605044906,1,0.62028329546066,1.3704464019909035,2.1803197860717773,2.7793073654174805,403,23,0.15789295732975006,0.13852570950984955,0.859992265701294,0.6755955219268799
RL,10,0.62028329546066,1.3704464019909035,0.5646624565124512,10.596591390643331,0.17228874325518184,1,0.36370188437300033,-0.00742550022087857,1.6884822845458984,0.1311854124069214,468,21,0.14775300025939941,0.13160476088523865,1.7278157472610474,0.5646624565124512
RL,11,0.36370188437300033,-0.00742550022087857,0.5603193044662476,10.298301944185667,0.2982894464576642,1,1.0151794296806935,-0.022924632135509986,1.9309600591659546,0.3417922258377075,701,22,0.14106640219688416,0.1393149197101593,0.7590303421020508,0.5603193044662476
RL,12,1.0151794296806935,-0.022924632135509986,0.586371660232544,9.801919228805282,0.4963827153803848,1,0.9076290081459533,-0.00445303858683001,1.7782975435256958,2.9456944465637207,420,19,0.15055406093597412,0.15195989608764648,5.468379974365234,0.586371660232544
RL,13,0.9076290081459533,-0.00445303858683001,0.5897285342216492,9.319752617530296,0.4821666112749856,1,1.004658788344946,-0.12733342786810237,1.8257777690887451,3.052147626876831,371,19,0.1516999453306198,0.1325134038925171,1.1308330297470093,0.5897285342216492
RL,14,1.004658788344946,-0.12733342786810237,0.5901103615760803,8.669703576843725,0.6500490406865715,1,1.265106233443898,-0.4126715184392855,2.4568920135498047,3.431415557861328,384,20,0.1477128267288208,0.15666058659553528,0.30795955657958984,0.5901103615760803
RL,15,1.265106233443898,-0.4126715184392855,0.5260434150695801,8.009189938461981,0.6605136383817438,1,1.185695270064989,-0.06886726521403864,2.2332425117492676,2.937872886657715,415,20,0.15131352841854095,0.11805123090744019,0.6748344898223877,0.5260434150695801
RL,16,1.185695270064989,-0.06886726521403864,0.6085842847824097,7.342072766944886,0.6671171715170949,1,1.2652928994754096,-0.012667877939925395,2.259110927581787,3.0783705711364746,411,21,0.1467977613210678,0.15037333965301514,0.41637492179870605,0.6085842847824097
RL,17,1.2652928994754096,-0.012667877939925395,0.6109527945518494,6.746234588506631,0.5958381784382549,1,1.1256002956048035,-0.07973377115192312,1.9075965881347656,3.2560524940490723,362,18,0.13682116568088531,0.14715734124183655,0.5973079204559326,0.6109527945518494
RL,18,1.1256002956048035,-0.07973377115192312,0.6412829160690308,6.149939773663711,0.5962948148429206,1,1.1097792125650745,0.03417123337159095,2.1146769523620605,3.2074787616729736,409,20,0.16061633825302124,0.13821682333946228,1.2878466844558716,0.6412829160690308
RL,19,1.1097792125650745,0.03417123337159095,0.5480438470840454,5.569506413235281,0.5804333604284295,1,1.0609176635273794,-0.002269259549924171,1.9251387119293213,3.1120710372924805,412,16,0.14879107475280762,0.1391962468624115,0.8294475078582764,0.5480438470840454
RL,20,1.0609176635273794,-0.002269259549924171,0.5808151960372925,4.692765914466756,0.876740498768525,1,1.6842868323554352,-0.1374209318776782,1.6786164045333862,2.8481130599975586,382,20,0.13657651841640472,0.1268288940191269,0.6882679462432861,0.5808151960372925
HB,21,1.7244445741614225,-0.0037335883529123863,0.6156365275382996,13.98133099684973,0.6509863179251756,1,1.1491659264237422,0.01646243691798968,2.0,0.14033362943050312,600,27,0.15087750554084778,0.1482735574245453,0.7649081945419312,0.7649082
RL,0,9.352503950591174e-07,-0.005757318717523834,0.5332109332084656,14.541736581483928,0.4583074580475017,1,1.1248792892702357,0.07635593131435672,2.2725374698638916,3.63569974899292,392,17,0.15249350666999817,0.15545198321342468,0.4230837821960449,0.5332109332084656
RL,1,1.1248792892702357,0.07635593131435672,0.5341973304748535,13.943624320911535,0.5981122605723925,1,1.1342682164464064,0.17847926425385627,2.1150689125061035,3.089707851409912,422,20,0.15806381404399872,0.15777906775474548,0.8929423093795776,0.5341973304748535
RL,2,1.1342682164464064,0.17847926425385627,0.6410751342773438,13.437532071826723,0.5060922490848121,1,0.9502867731575484,-0.11344580476532329,1.6734707355499268,3.263359308242798,402,20,0.1458893120288849,0.16413384675979614,0.6106441020965576,0.6410751342773438
RL,3,0.9502867731575484,-0.11344580476532329,0.6284945011138916,12.85398710308281,0.5835449687439134,1,1.1136119774027216,-0.7916106416553116,1.9289088249206543,3.12032413482666,391,18,0.14282819628715515,0.15728425979614258,0.3060927391052246,0.6284945011138916
RL,4,1.1136119774027216,-0.7916106416553116,0.5772642493247986,12.310923765771673,0.5430633373111373,1,0.8658753622415801,-0.14488488377278722,1.7827322483062744,3.1789145469665527,384,22,0.14441539347171783,0.14474737644195557,0.24329757690429688,0.5772642493247986
RL,5,0.8658753622415801,-0.14488488377278722,0.5697361826896667,11.927629519180517,0.38329424659115574,1,0.781461393850796,-0.006076743071320672,1.8654019832611084,3.3355650901794434,378,21,0.12191273272037506,0.1593465358018875,0.8586921691894531,0.5697361826896667
RL,6,0.781461393850796,-0.006076743071320672,0.5513150691986084,11.591636981506152,0.33599253767436466,1,0.7302663108606305,-0.15006770208202133,2.2357306480407715,2.945070266723633,795,18,0.13483525812625885,0.14969149231910706,0.0049669742584228516,0.5513150691986084
RL,7,0.7302663108606305,-0.15006770208202133,0.6011443138122559,11.265982180221346,0.32565480128480573,1,0.7227161851650087,0.08033264863679285,2.001081943511963,2.788271188735962,527,21,0.040781859308481216,0.1586778163909912,0.3943638801574707,0.6011443138122559
RL,8,0.7227161851650087,0.08033264863679285,0.6149470210075378,11.034942004745488,0.23104017547585798,1,0.4435683820390208,0.19173230128642785,1.9509034156799316,3.2142529487609863,410,20,0.15256667137145996,0.13955877721309662,1.0714058876037598,0.6149470210075378
RL,9,0.19695418261860922,0.20669227272744292,0.6171644926071167,10.800966216439889,0.11116915855943432,1,0.26815991223189123,0.49543469822716,2.0434470176696777,3.1434364318847656,416,38,0.14299142360687256,0.1615048050880432,3.4962873458862305,0.6171644926071167
RL,10,0.26815991223189123,0.49543469822716,0.6353541612625122,10.610013782384897,0.19095243405499218,1,0.5454099202200048,0.8546605925949087,1.8895182609558105,1.6702767610549927,374,20,0.15116961300373077,0.13975128531455994,1.1412897109985352,0.6353541612625122
RL,11,0.5454099202200048,0.8546605925949087,0.6617060899734497,10.28495832943667,0.32505545294822724,1,0.9623506093187533,0.055125295809339114,2.1033120155334473,0.38188791275024414,813,20,0.14390170574188232,0.14686362445354462,0.8485287427902222,0.6617060899734497
RL,12,0.9623506093187533,0.055125295809339114,0.6152604222297668,9.778362603885826,0.5065957255508433,1,0.9239910893310366,-0.06546275681085684,1.7998883724212646,2.98738431930542,411,22,0.14028725028038025,0.14538250863552094,4.119638919830322,0.6152604222297668
RL,13,0.9239910893310366,-0.06546275681085684,0.6620498895645142,9.242281430866651,0.5360811730191752,1,1.1654673328117855,-0.486240847781217,1.9586570262908936,3.0891401767730713,408,18,0.14147865772247314,0.08107651770114899,0.9777785539627075,0.6620498895645142
RL,14,1.1654673328117855,-0.486240847781217,0.5976566076278687,8.605005513447827,0.6372759174188243,1,1.223154088359175,-0.36637387049171166,2.153001308441162,2.73850154876709,405,19,0.14765529334545135,0.15674269199371338,0.5669960975646973,0.5976566076278687
RL,15,1.223154088359175,-0.36637387049171166,0.5579944252967834,8.057140740356122,0.547864773091705,1,0.9773402677446715,0.11321244786884978,1.7784287929534912,2.9678235054016113,390,19,0.1601751446723938,0.12579932808876038,0.8395171165466309,0.5579944252967834
RL,16,0.9773402677446715,0.11321244786884978,0.6174074411392212,7.464098655768571,0.5930420845875508,1,1.1720911444515099,0.11394916381018931,1.893375039100647,3.0312256813049316,464,19,0.14913198351860046,0.1463802456855774,0.3646512031555176,0.6174074411392212
RL,17,1.1720911444515099,0.11394916381018931,0.5366204380989075,6.964367829651683,0.49973082611688824,1,0.9384385849702871,0.0032298466922482103,1.6258662939071655,3.030430316925049,439,19,0.14458820223808289,0.13537360727787018,0.19909191131591797,0.5366204380989075
RL,18,0.9384385849702871,0.0032298466922482103,0.5791848301887512,6.371196161830534,0.5931716678211485,1,1.163860692493878,-0.00813906310527452,1.909329891204834,3.248617649078369,423,22,0.1562613546848297,0.16437630355358124,0.3708515167236328,0.5791848301887512
RL,19,1.163860692493878,-0.00813906310527452,0.6566314697265625,5.727332743133078,0.6438634186974559,1,1.2674356800929034,-0.04964210420327622,2.128726005554199,3.351687431335449,418,20,0.15112300217151642,0.14309577643871307,0.3601877689361572,0.6566314697265625
RL,20,1.2674356800929034,-0.04964210420327622,0.605816662311554,4.865159548839496,0.8621731942935824,1,2.0099394052770636,-0.08317492697774294,2.1296000480651855,3.0585808753967285,448,21,0.16124480962753296,0.14161790907382965,0.49640965461730957,0.605816662311554
HB,21,1.9997084638938711,-0.015376022830687796,0.627617359161377,13.84118317729796,0.7398536680286796,1,1.2127085291992026,0.00864815987743358,2.0,0.11491658832031897,600,20,0.1548285037279129,0.15046632289886475,0.8897159099578857,0.8897159
HB,22,1.2127085291992026,0.00864815987743358,0.665495753288269,13.224163484910651,0.6170196923873092,1,1.1449060650809977,-0.011315960138248465,1.9632944674072277,0.22247918579182416,600,28,0.1479732096195221,0.13325618207454681,0.7199668884277344,0.39999999999999997
HB,23,1.1449060650809977,-0.011315960138248465,0.6468926072120667,12.719207582784895,0.5049559021257561,1,0.7882066819730933,-0.017036236807993002,1.763844893299435,0.4404527572650395,800,31,0.14941629767417908,0.15057268738746643,0.13713383674621582,0.32114015102386473
HB,24,0.7882066819730933,-0.017036236807993002,0.5693106651306152,12.37657859963465,0.34262898315024515,1,0.6000722915989166,-0.12156136622761131,1.3645027652036466,0.668288013445961,800,38,0.147247314453125,0.1374754011631012,0.18994855880737305,0.2817826733589172
HB,25,0.6024251100688087,-0.11393731974126964,0.5635560154914856,12.022899977982533,0.35367862165211683,1,0.5157653140750174,-0.25705276601239363,1.5776334590977266,0.8614954837821658,800,34,0.1588684320449829,0.13921403884887695,1.019395351409912,0.317247871351242
HB,26,0.5157653140750174,-0.25705276601239363,0.5368297100067139,11.733691320942228,0.2892086570403052,1,0.44670136281233025,-0.012521320810997959,1.3257494144927833,1.024366293522584,800,31,0.14824777841567993,0.15615034103393555,1.5861859321594238,0.3420735099458694
HB,27,0.44670136281233025,-0.012521320810997959,0.5829995274543762,11.526248758350711,0.20744256259151683,1,0.40532725252797197,-0.29947919329615713,1.3309793455272123,1.1549255044546198,800,35,0.1275474727153778,0.1628192961215973,0.35463380813598633,0.34584159940290443
HB,28,0.40532725252797197,-0.29947919329615713,0.12378613650798798,11.343617525264184,0.18263123308652673,1,0.35375521443531377,-0.24989916161409567,0.9983231822498124,1.2669457673441085,800,37,0.16223904490470886,0.14417234063148499,3.9738855361938477,0.36208911958203305
HB,29,0.3450726966581691,-0.45859509910537555,0.3107703924179077,11.061425861995115,0.14378595609186462,1,0.3658663183900924,-0.2473031076931625,0.8267065742811835,1.3978365435782887,800,35,0.09888831526041031,0.1272825002670288,0.9371076822280884,0.38142366859519616
HB,30,0.34055579822454696,-0.06688929061969187,0.6611385345458984,10.848336440417183,0.10510268389959165,1,0.3407888523960784,-0.008695249004748568,0.741492016641953,1.4732687418920567,800,38,0.04953096807003021,0.09948568046092987,1.2412889003753662,0.39089759761164605
HB,31,0.27982669102801055,0.329170972959215,0.08333456516265869,10.65837217555695,0.09915063026130788,1,0.24239541626373864,0.516311771984147,0.6307606771267693,1.566592043533769,800,34,0.14439888298511505,0.169094979763031,1.055237889289856,0.3955398228297065
HB,32,0.11376557913359893,0.0025531957087143488,0.5851038098335266,10.464098804816606,0.04935886410337176,0,0.10134440720633106,0.7394442579758677,0.681562949488612,1.7475499108395744,800,34,0.15156289935112,0.15264207124710083,2.753561019897461,0.39847015923058926
HB,33,0.1102021516238724,1.1518210851682633,0.5949205756187439,10.240849161572257,0.10097289872057935,1,0.3458718468272481,-0.006734388109577912,0.6480275377501972,1.7201762305764547,800,36,0.15208688378334045,0.15838994085788727,0.44815540313720703,0.39947526461609206
HB,34,0.3828678646954089,-0.1319450861524264,0.6271420121192932,9.966070515725178,0.1398983309075703,1,0.36345571008878197,-0.21976348506235205,0.6872646630492214,1.6103010668322355,800,39,0.1445847600698471,0.14793208241462708,0.6434121131896973,0.3997428796618851
HB,35,0.3270011631569232,-0.40004293378049915,0.10823006927967072,9.667779905858913,0.16138495329046343,1,0.40672047535904865,0.0010974742602286869,1.226826351736725,1.554799006920237,800,39,0.08778472989797592,0.04966340214014053,4.393434047698975,0.3998740110343237
HB,36,0.40672047535904865,0.0010974742602286869,0.056571364402770996,9.429009516799752,0.2387703890591606,1,0.5722998903504395,-0.3347750277662098,1.882010424605023,1.4594393487039903,800,34,0.13566854596138,0.029424048960208893,1.9430761337280273,0.39991180772402657
HB,37,0.5722998903504395,-0.3347750277662098,0.47491252422332764,9.06796087490606,0.36104864189369223,1,0.8976788437928486,-0.39986533976119115,1.970659123008961,1.2625360065756537,800,34,0.14839062094688416,0.08678746968507767,0.5392076969146729,0.3999382654068186
HB,38,0.8976788437928486,-0.39986533976119115,0.6054995059967041,8.560902283547778,0.5070585913582821,1,1.028391253302708,-0.15952743268569114,1.968636548636334,1.0724187032818744,600,28,0.1417100727558136,0.13519126176834106,0.46752381324768066,0.399956785784773
HB,39,1.028391253302708,-0.15952743268569114,0.12331794202327728,7.999834163562023,0.5610681199857543,1,1.1694691181920969,-0.03880786477918491,2.0,0.8829054450204733,600,22,0.13612371683120728,0.10507764667272568,0.2080674171447754,0.3423899751927737
HB,40,1.1694691181920969,-0.03880786477918491,0.2179843932390213,7.327377327354414,0.6724568362076093,1,1.2600467155600656,-0.142953305077973,2.0,0.714015125290305,600,23,0.14579424262046814,0.10255364328622818,1.1538631916046143,0.3596729826349416
HB,41,1.2600467155600656,-0.142953305077973,0.5869773626327515,6.7256170412350516,0.6017602861193625,1,1.1175044143157582,-0.021297369253957858,2.0,0.6528088219769101,600,28,0.14649203419685364,0.132245734333992,0.39252686500549316,0.369529147346107
HB,42,1.1175044143157582,-0.021297369253957858,0.616068959236145,6.1149242114416005,0.6106928297934511,1,1.2518789076178394,-0.09738860247379454,2.0,0.5562146123367013,600,26,0.15596096217632294,0.13502593338489532,0.26625657081604004,0.3385473743870869
HB,43,1.2518789076178394,-0.09738860247379454,0.6144609451293945,5.288181141044332,0.8267430703972689,1,2.0105864220934966,-0.19562848885533488,2.0,0.3893502286356909,500,12,0.15200625360012054,0.1616591364145279,0.0077669620513916016,0.3
HB,44,2.0105864220934966,-0.19562848885533488,0.6172035932540894,4.229088675188566,1.0590924658557652,1,2.0072467004592394,-0.21347809667030704,2.0,0.27254516004498364,500,17,0.15645188093185425,0.14728045463562012,0.5277655124664307,0.3
RL,45,1.9998218593142705,0.0822414260395134,0.6229467391967773,13.84031702878502,0.727518906958009,1,1.2468764352124797,0.025234760181124333,2.115154266357422,2.98909330368042,405,19,0.1538214236497879,0.13311649858951569,0.5659122467041016,0.6229467391967773
RL,46,1.2468764352124797,0.025234760181124333,0.6054478287696838,13.156332039117967,0.6839849896670529,1,1.2154318683945062,-0.008707738099845009,1.9718456268310547,3.08099365234375,420,20,0.14626207947731018,0.1366143524646759,0.26580190658569336,0.6054478287696838
RL,47,1.2154318683945062,-0.008707738099845009,0.5003169775009155,12.546540706392161,0.6097913327258055,1,1.0268229768044235,-0.48132727435767936,2.241549491882324,3.483508586883545,429,20,0.14832067489624023,0.14749965071678162,1.2894833087921143,0.5003169775009155
RL,48,1.0268229768044235,-0.48132727435767936,0.565051794052124,12.022619561109034,0.5239211452831274,1,0.962914299342666,-0.491868895456217,1.7621537446975708,3.142430305480957,381,16,0.14805065095424652,0.15531542897224426,0.5238263607025146,0.565051794052124
RL,49,0.962914299342666,-0.491868895456217,0.4894915223121643,11.621407149792613,0.40121241131642016,1,0.8367493942709543,-0.2572401820944703,1.7295165061950684,3.1615684032440186,377,18,0.14700110256671906,0.15360811352729797,0.26842713356018066,0.4894915223121643
RL,50,0.8367493942709543,-0.2572401820944703,0.5745496153831482,11.248517307329134,0.3728898424634792,1,0.7525227455052521,0.12318063785007026,1.9990947246551514,2.9368298053741455,807,19,0.14788278937339783,0.15874168276786804,0.4402642250061035,0.5745496153831482
RL,51,0.7525227455052521,0.12318063785007026,0.5805699229240417,10.9408911910151,0.3076261163140348,1,0.7236679620914863,0.0037663907813254047,1.977643609046936,2.986459493637085,637,18,0.049174778163433075,0.14873553812503815,1.1460363864898682,0.5805699229240417
RL,52,0.7236679620914863,0.0037663907813254047,0.5973622798919678,10.678418069723987,0.2624731212911122,1,0.4975344889587226,0.19147198468130733,2.1045870780944824,2.8679847717285156,412,20,0.15384474396705627,0.1457560509443283,3.4822139739990234,0.5973622798919678
RL,53,0.4975344889587226,0.19147198468130733,0.5543239116668701,10.517711476705886,0.16070659301810153,1,0.2973453770199476,0.5352302385444401,1.8981099128723145,3.083430290222168,360,27,0.1483606994152069,0.16240321099758148,2.635504961013794,0.5543239116668701
RL,54,0.2973453770199476,0.5352302385444401,0.5886431932449341,10.33947886431361,0.17823261239227506,1,0.3742908467849266,1.188299568689362,2.0849876403808594,3.430628776550293,423,35,0.15809065103530884,0.1401006579399109,3.246929883956909,0.5886431932449341
RL,55,0.3742908467849266,1.188299568689362,0.554914116859436,10.128322193029776,0.21115667128383464,1,0.5340083266739413,0.00990622338449934,2.019062042236328,0.5513921976089478,586,21,0.16116419434547424,0.15872028470039368,3.194695472717285,0.554914116859436
RL,56,0.5340083266739413,0.00990622338449934,0.6269766688346863,9.516470589336297,0.6118516036934789,1,1.3665362755812438,-0.003156473229634367,2.0629332065582275,0.38334476947784424,448,19,0.15418517589569092,0.15396949648857117,0.2886197566986084,0.6269766688346863
RL,57,1.3665362755812438,-0.003156473229634367,0.5738243460655212,8.932169487827599,0.5843011015086983,1,1.1222251373714838,-0.09125588295673959,2.0341758728027344,2.6684796810150146,377,18,0.14658761024475098,0.129836767911911,2.4341201782226562,0.5738243460655212
RL,58,1.1222251373714838,-0.09125588295673959,0.6502901315689087,8.312025589785971,0.6201438980416274,1,1.1478226379084289,-0.47645792768339607,2.076279640197754,3.3178348541259766,438,18,0.14822162687778473,0.11627556383609772,0.854973554611206,0.6502901315689087
RL,59,1.1478226379084289,-0.47645792768339607,0.3621944189071655,7.8101343442272935,0.5018912455586779,1,0.958424465706969,-0.1976449719450208,1.658695936203003,3.2316901683807373,411,19,0.15239129960536957,0.12618163228034973,0.2745702266693115,0.3621944189071655
RL,60,0.958424465706969,-0.1976449719450208,0.5094155073165894,7.326604857550704,0.48352948667658957,1,0.9072483217963679,-0.06117328910230228,1.6636435985565186,3.1212711334228516,403,20,0.15443943440914154,0.1496867835521698,0.9258692264556885,0.5094155073165894
RL,61,0.9072483217963679,-0.06117328910230228,0.5919693112373352,6.722433395558901,0.604171461991803,1,1.1880563680443852,0.005083619148648862,2.073302745819092,2.7695019245147705,350,19,0.15092933177947998,0.15144816040992737,0.5933220386505127,0.5919693112373352
RL,62,1.1880563680443852,0.005083619148648862,0.6296721696853638,6.1542229851815655,0.5682104103773353,1,1.0374105221681689,-0.02937544214638122,1.8929328918457031,3.171142816543579,407,21,0.16343188285827637,0.16193696856498718,0.8898268938064575,0.6296721696853638
RL,63,1.0374105221681689,-0.02937544214638122,0.5241546630859375,5.56984690098973,0.5843760841918355,1,1.1119054390253185,0.03804072082890382,1.8475433588027954,3.0192651748657227,378,19,0.14022153615951538,0.15442940592765808,0.264432430267334,0.5241546630859375
RL,64,1.1119054390253185,0.03804072082890382,0.6022406220436096,4.694683688318456,0.8751632126712741,1,2.010265308293472,-0.14337449915238282,2.186734914779663,3.0678653717041016,367,19,0.14910458028316498,0.15008164942264557,0.49991345405578613,0.6022406220436096
HB,65,1.737014711670916,0.0005439370789133165,0.6263819336891174,13.958566975053722,0.6607339119562585,1,1.1882849827343747,0.004925016488433396,2.0,0.25823313532829206,600,21,0.13632337749004364,0.14503440260887146,0.6529240608215332,0.65292406
HB,66,1.1882849827343747,0.004925016488433396,0.6242356896400452,13.339702821175797,0.6188641538779258,1,1.1701802771555398,0.0016748275091197668,1.9727647812338918,0.3126910838675885,600,28,0.14846982061862946,0.1459604650735855,0.30983424186706543,0.34369774809768
HB,67,1.1701802771555398,0.0016748275091197668,0.6119499206542969,12.799696448782317,0.5400063723934796,1,0.8683841298042653,0.001173250273963105,1.796565864379975,0.4715301067856058,800,35,0.15489444136619568,0.13688942790031433,0.7981469631195068,0.36058842366837596
HB,68,0.8683841298042653,0.001173250273963105,0.5780304670333862,12.403721583516058,0.39597486526625936,1,0.6231393910740338,-0.1378531195655882,1.873910671467167,0.6808153183203105,800,33,0.15251107513904572,0.14335373044013977,0.745262861251831,0.37241189656786317
HB,69,0.6231393910740338,-0.1378531195655882,0.6209878921508789,12.057954787726054,0.3457667957900039,1,0.6041035314532324,-0.06611586081944598,1.5922899344075796,0.8349293102429244,800,30,0.15439940989017487,0.14641012251377106,0.9915601015090942,0.3806883275975042
HB,70,0.6041035314532324,-0.06611586081944598,0.6376134157180786,11.755543101507003,0.3024116862190507,1,0.5121356732527109,-0.02980131819049473,1.3465478515042721,0.9795962478689626,800,35,0.14988228678703308,0.14443737268447876,1.2316762208938599,0.3864818293182529
HB,71,0.5121356732527109,-0.02980131819049473,0.6243613362312317,11.532617488934642,0.22292561257236088,1,0.3686112024856064,-0.02690532057587097,1.2646907293352487,1.1382728925140313,800,32,0.11786417663097382,0.14633385837078094,0.698110818862915,0.39053728052277703
HB,72,0.3686112024856064,-0.02690532057587097,0.5593514442443848,11.342550793409432,0.1900666955252106,1,0.3432874862639384,-0.3849563027940342,0.9552563022922014,1.2594760302542465,800,31,0.15032052993774414,0.14153899252414703,4.773543357849121,0.3933760963659439
HB,73,0.3622719698138535,-0.5151189290815313,0.11169540882110596,11.056096519322525,0.14142201596778214,1,0.3338017584643424,-0.008395327070160592,0.8012916566721645,1.4021863998909647,815,37,0.08747043460607529,0.149784117937088,0.22188901901245117,0.3433209929230478
HB,74,0.3357560718645622,-0.06910723435873227,0.5747206211090088,10.819836604047408,0.1046446521128992,1,0.32875612484618577,0.09420584856136477,0.7443092591943288,1.4815571858860208,800,37,0.053396932780742645,0.1482393443584442,0.2323002815246582,0.2704742242840634
HB,75,0.23962308983443617,0.4667260597930488,0.45156335830688477,10.63921848577193,0.08887181437147262,1,0.18011569736275956,0.5050055291561734,0.6422554076474084,1.6068222769854041,800,35,0.12130700796842575,0.149015873670578,2.1043789386749268,0.3365323698991911
HB,76,0.17203771449880084,0.001441600522697025,0.5824323296546936,10.462557764363428,0.08394873283579152,1,0.13373145176807405,0.32684009864290897,0.7766054003604933,1.705679774955954,800,30,0.14691613614559174,0.16446112096309662,0.9703636169433594,0.3689008612506036
HB,77,0.16170237387868322,0.775707588939603,0.5289161205291748,10.273209862425288,0.11437049752077932,1,0.31313876348004077,0.67067556021761,0.640483285087616,1.6852509196503695,800,34,0.1604200154542923,0.1374569982290268,2.9125149250030518,0.38476142201279573
HB,78,0.31313876348004077,0.67067556021761,0.5760983228683472,10.104777030012333,0.1684328324129556,1,0.37122296621315115,0.02030453205467937,0.6624319875655931,1.6311864572699983,800,35,0.15440087020397186,0.1601322889328003,0.3162841796875,0.36421824931520697
HB,79,0.37122296621315115,0.02030453205467937,0.6123239994049072,9.94059315036731,0.164183879645023,1,0.39564657273850573,-0.004965836195131593,0.6675561029767283,1.5835718909935963,800,34,0.14858722686767578,0.1503157913684845,0.8894816637039185,0.37495277452064485
HB,80,0.39564657273850573,-0.004965836195131593,0.5977744460105896,9.782625759056563,0.15796739131074666,1,0.35125274484711405,-0.21387737805757306,0.7344607187394985,1.5679992257566717,800,38,0.1324191391468048,0.15323063731193542,4.200924873352051,0.3824669421644514
HB,81,0.35125274484711405,-0.21387737805757306,0.49232783913612366,9.613891059574545,0.1687346994820178,1,0.3622629828676921,-0.01317330028520523,0.9425019630428436,1.5526942648825934,800,34,0.11971873790025711,0.1415216028690338,4.738921165466309,0.38772685951511593
HB,82,0.3622629828676921,-0.01317330028520523,0.09192103147506714,9.399425731873464,0.21446532770108107,1,0.4598886524582802,-0.11567522123876628,1.7369532629985174,1.502930524434503,800,32,0.10810952633619308,0.026519663631916046,1.6758710145950317,0.3914088016605811
HB,83,0.4598886524582802,-0.11567522123876628,0.36912432312965393,9.073587269061546,0.32583846281191775,1,0.8252321374875846,-0.43534662851529765,1.9496856614864293,1.3219585121091182,800,37,0.15210922062397003,0.06154780089855194,1.73891282081604,0.39398616116240676
HB,84,0.8252321374875846,-0.43534662851529765,0.6082165241241455,8.608162824639447,0.4654244444220996,1,0.9688090881563275,-0.17940231433860843,2.0,1.1378473232138515,800,32,0.13954347372055054,0.04492518678307533,0.606651782989502,0.3957903128136847
HB,85,0.9688090881563275,-0.17940231433860843,0.18421337008476257,8.09280353155986,0.5153592930795874,1,1.0887786873564695,-0.042590287426612264,2.0,0.9609816513071082,600,29,0.13796685636043549,0.11155137419700623,-0.031030893325805664,0.30705321896957927
HB,86,1.0887786873564695,-0.042590287426612264,0.5810625553131104,7.477763410929866,0.6150401206299936,1,1.2016894976366317,-0.11330582681498039,2.0,0.7920113568603231,600,28,0.15256927907466888,0.1482301503419876,0.2648582458496094,0.29439472703358827
HB,87,1.2016894976366317,-0.11330582681498039,0.5242608189582825,6.846524590571701,0.6312388203581643,1,1.2300384479050253,-0.14598296290766,2.0,0.662392570640216,600,29,0.14249514043331146,0.13912855088710785,0.6599476337432861,0.3260763089235118
HB,88,1.2300384479050253,-0.14598296290766,0.5886741876602173,6.257449716835312,0.5890748737363891,1,1.1842010927250242,-0.05287938843156106,2.0,0.5899943623581415,600,20,0.1593337208032608,0.1455300748348236,0.5279686450958252,0.3482534162464582
HB,89,1.1842010927250242,-0.05287938843156106,0.544602632522583,5.5440185621864195,0.7134311546488927,1,2.004331671377601,0.017632764667987258,2.0,0.412996053650699,500,17,0.15859009325504303,0.1453821063041687,0.19608569145202637,0.3
HB,90,2.004331671377601,0.017632764667987258,0.6624026298522949,4.497006246501301,1.0470123156851185,1,2.007908954264807,-0.2719451067918766,2.0,0.2890972375554893,500,11,0.14769147336483002,0.15880921483039856,0.31287288665771484,0.3
RL,91,1.786426669181246,-0.059247057974324,0.5732643604278564,13.871850591515294,0.7490031651408895,1,1.257318149793993,0.04260412555709415,1.9512429237365723,3.1286463737487793,384,22,0.14513884484767914,0.15726396441459656,-0.04051709175109863,0.5732643604278564
RL,92,1.257318149793993,0.04260412555709415,0.6150186061859131,13.243221826155892,0.6286287653594016,1,1.1289620388953587,-0.00565201553013479,1.9974173307418823,3.0794873237609863,305,18,0.15113642811775208,0.14804169535636902,0.6098213195800781,0.6150186061859131
RL,93,1.1289620388953587,-0.00565201553013479,0.6300519108772278,12.642182187296873,0.6010396388590191,1,1.0819025172102066,-0.6376679405920394,1.993368148803711,2.957935094833374,396,20,0.14598821103572845,0.15347376465797424,0.32132863998413086,0.6300519108772278
RL,94,1.0819025172102066,-0.6376679405920394,0.6397660970687866,12.078073322065729,0.5641088652311446,1,1.0433746508125958,-0.8770366963211383,2.274203300476074,3.055663585662842,435,19,0.135726660490036,0.15721875429153442,0.3382093906402588,0.6397660970687866
RL,95,1.0433746508125958,-0.8770366963211383,0.6221818327903748,11.690869098798233,0.3872042232674957,1,0.8885446768184436,0.012787661239921103,1.9870997667312622,2.749704360961914,429,17,0.11318860948085785,0.13636231422424316,0.6024570465087891,0.6221818327903748
RL,96,0.8885446768184436,0.012787661239921103,0.5952708721160889,11.425109752733293,0.26575934606493945,1,0.6818035080905881,0.4186506419079913,1.9760273694992065,3.198343276977539,498,18,0.05581177398562431,0.1480604112148285,1.936759352684021,0.5952708721160889
RL,97,0.6818035080905881,0.4186506419079913,0.5592164397239685,11.131722854719941,0.2933868980133525,1,0.6354348051335955,0.46977536689743216,1.8113518953323364,2.760103702545166,479,20,0.08118954300880432,0.15172649919986725,2.587923526763916,0.5592164397239685
RL,98,0.6354348051335955,0.46977536689743216,0.589855432510376,10.830567859032657,0.3011549956872841,1,0.5848444143732188,0.7462064049190917,1.6723791360855103,2.6147232055664062,340,20,0.1384623497724533,0.1488523632287979,4.427355766296387,0.589855432510376
RL,99,0.5848444143732188,0.7462064049190917,0.6050297021865845,10.40603671988897,0.4245311391436868,1,1.0168459007295887,0.6439981198286582,2.0965821743011475,2.646756172180176,379,19,0.163417249917984,0.16110944747924805,0.6110119819641113,0.6050297021865845
RL,100,1.0168459007295887,0.6439981198286582,0.6125146150588989,9.862624462994974,0.5434122568939959,1,0.9720059981706588,0.13944266033855818,1.77736496925354,1.443747639656067,738,20,0.14683213829994202,0.1460656076669693,0.8779048919677734,0.6125146150588989
RL,101,0.9720059981706588,0.13944266033855818,0.5898618698120117,9.349231234488425,0.5133932285065494,1,0.9988725054269239,0.026318984661761972,2.00119686126709,2.7712314128875732,442,22,0.12742015719413757,0.16301512718200684,4.328914642333984,0.5898618698120117
RL,102,0.9988725054269239,0.026318984661761972,0.6387518644332886,8.76328880764382,0.5859424268446052,1,1.2284367961421545,-0.8155550057502832,2.0217819213867188,3.348220109939575,399,21,0.15327391028404236,0.11719180643558502,0.25533366203308105,0.6387518644332886
RL,103,1.2284367961421545,-0.8155550057502832,0.5869609117507935,8.129117133377532,0.6341716742662875,1,1.169955850514365,-0.02692269060253477,1.9497599601745605,2.8077516555786133,397,20,0.1444413661956787,0.16089031100273132,0.6648862361907959,0.5869609117507935
RL,104,1.169955850514365,-0.02692269060253477,0.46444037556648254,7.511069852866675,0.618047280510857,1,1.1536465473053894,0.0027443972510552,1.9571555852890015,3.10744571685791,373,22,0.15174129605293274,0.10633427649736404,0.635566234588623,0.46444037556648254
RL,105,1.1536465473053894,0.0027443972510552,0.5661994218826294,6.859541495625023,0.6515283572416521,1,1.257842924264444,0.004201070678638053,2.125088691711426,2.8430867195129395,384,21,0.14522585272789001,0.13996097445487976,0.24973249435424805,0.5661994218826294
RL,106,1.257842924264444,0.004201070678638053,0.6079739332199097,6.18780575788285,0.6717357377421731,1,1.2671084891771447,-0.01331210335466251,2.0510313510894775,3.1471924781799316,428,18,0.14627212285995483,0.1515474021434784,0.2483513355255127,0.6079739332199097
RL,107,1.2671084891771447,-0.01331210335466251,0.6099295616149902,5.564555933359628,0.6232498245232216,1,1.1242628749545391,-0.0034154520281592833,1.9928478002548218,3.2010579109191895,399,19,0.1487819254398346,0.12890934944152832,0.9145909547805786,0.6099295616149902
RL,108,1.1242628749545391,-0.0034154520281592833,0.5778505802154541,4.647776407293601,0.9167795260660272,1,1.9393957102886275,0.03561798350929199,1.930404543876648,3.208627700805664,396,23,0.1533070206642151,0.15360072255134583,-0.19783258438110352,0.5778505802154541
HB,109,2.00021239357628,-0.046922560274055565,0.5860307216644287,13.740421845723322,0.6851723182596778,1,1.1752351778302836,-0.01020414410472938,2.0,0.27156357527007624,600,28,0.14420300722122192,0.15439146757125854,0.7058591842651367,0.7058592
HB,110,1.1752351778302836,-0.01020414410472938,0.5491877198219299,13.147597153676113,0.5928246920472091,1,1.0088220210672494,-0.039749898436558385,1.9600339311698827,0.3865656942621536,600,26,0.14876143634319305,0.14713837206363678,0.37638282775878906,0.39999999999999997
HB,111,1.0088220210672494,-0.039749898436558385,0.6150481700897217,12.622186747960562,0.5254104057155509,1,0.8368221921413349,-0.029992136237927097,1.741785407731601,0.5358671091269736,800,34,0.1582147628068924,0.14119388163089752,0.5217339992523193,0.39999999999999997
HB,112,0.8368221921413349,-0.029992136237927097,0.6368781328201294,12.220220352282963,0.40196639567759895,1,0.683273844596982,-0.02206758870124002,1.8171091625820242,0.7017974385500887,800,30,0.15979552268981934,0.159011572599411,0.6791183948516846,0.39999999999999997
HB,113,0.683273844596982,-0.02206758870124002,0.595289945602417,11.886689040655092,0.33353131162787086,1,0.6173693896668471,-0.0338143386957578,1.480242714386843,0.8443104511183233,800,38,0.14297857880592346,0.14607997238636017,0.7554523944854736,0.39999999999999997
HB,114,0.6173693896668471,-0.0338143386957578,0.561775803565979,11.64764467301659,0.23904436763850256,1,0.3853560847140639,-0.22253363562296108,1.3013588527433497,1.0368748818972007,800,36,0.15230005979537964,0.15048447251319885,0.5577960014343262,0.39999999999999997
HB,115,0.3853560847140639,-0.22253363562296108,0.6370415687561035,11.44350425328851,0.2041404197280805,1,0.4336239990220329,-0.3552897073911839,1.273676728536186,1.1523628177192273,800,35,0.13472402095794678,0.15358346700668335,0.6311266422271729,0.39999999999999997
HB,116,0.4336239990220329,-0.3552897073911839,0.10699592530727386,11.235682051132185,0.20782220215632385,1,0.4142652044941154,-0.0004998633223466777,0.9176836413593826,1.240947890605813,800,35,0.15885575115680695,0.16125619411468506,2.706453323364258,0.39999999999999997
HB,117,0.4142652044941154,-0.0004998633223466777,0.5975420475006104,11.060371687063405,0.1753103640687801,1,0.35953060902017603,-0.3110365247499555,0.9497105498023535,1.3248512798159986,800,33,0.055128976702690125,0.1390136331319809,0.8023028373718262,0.39999999999999997
HB,118,0.38266872467992213,-0.13781280655234482,0.5883245468139648,10.82886296554917,0.0985566476445463,1,0.29102115041657606,-0.058204881809155035,0.7594161496494358,1.4456214240328304,800,34,0.06254059076309204,0.16181576251983643,0.2140343189239502,0.34421029567718503
HB,119,0.3243113336755269,0.24807613172895188,0.09442055225372314,10.619575354782125,0.11313196986868412,1,0.30142867898444137,0.3456269711851594,0.873858729635812,1.5169758527531627,800,38,0.13597796857357025,0.15944047272205353,0.33112001419067383,0.35199904913902275
HB,120,0.27797237754299636,0.5487708971424425,0.6254924535751343,10.38755543676199,0.09887679456044651,1,0.1649666604860115,0.07588730326121389,0.7677783991418309,1.6194992379426059,800,34,0.15479569137096405,0.14544980227947235,2.128546714782715,0.37647953407812107
HB,121,0.108099690877626,0.7764515276565815,0.6143378019332886,10.234672471198492,0.0889778779869328,1,0.2514066707327091,0.8900401501353182,0.6358789070280405,1.6827240448530578,800,31,0.1402779221534729,0.14943520724773407,3.9196438789367676,0.38847497169827927
HB,122,0.32014171751822046,-0.005867706816112871,0.5860601663589478,9.933071469712596,0.17427276390007407,1,0.40173497001251374,-0.013639820388089422,0.6657052209812883,1.594201113067891,800,32,0.1596943587064743,0.15706300735473633,0.5469534397125244,0.39435273613215677
HB,123,0.40173497001251374,-0.013639820388089422,0.6341863870620728,9.763211286383694,0.16986018332890218,1,0.3807550061173688,-0.2012175419876224,0.7122088554988059,1.563638776700576,800,38,0.16245658695697784,0.1690773367881775,0.699310302734375,0.39604691529250974
HB,124,0.3807550061173688,-0.2012175419876224,0.6412090063095093,9.598759709332011,0.16445157705168256,1,0.34076025057606907,-0.015025449370755903,0.8629448308863714,1.5582430434599754,800,35,0.14635443687438965,0.14923155307769775,5.178471565246582,0.3972328407047568
HB,125,0.34076025057606907,-0.015025449370755903,0.10686618089675903,9.413082111126247,0.18567759820576413,1,0.43375613576432265,-0.04001573697603487,1.5606274140868446,1.5172676761162538,800,31,0.06744371354579926,0.03341387212276459,4.896291732788086,0.3980629884933297
HB,126,0.43375613576432265,-0.04001573697603487,0.14176297187805176,9.098419400110052,0.3146627110161955,1,0.7620463342071743,-0.25809217968443804,1.945402324599758,1.357268839598508,800,37,0.11942162364721298,0.03546633571386337,3.411389112472534,0.3986440919453308
HB,127,0.7620463342071743,-0.25809217968443804,0.36854708194732666,8.708501888526085,0.3899175115839668,1,0.9640040198405767,-0.31793951697099004,1.9492714567527845,1.1644865797827249,800,30,0.13566769659519196,0.02795160934329033,-0.23376893997192383,0.30905086436173157
HB,128,0.9640040198405767,-0.31793951697099004,0.6417060494422913,8.172962583818634,0.5355393047074504,1,1.1287573637482333,-0.33518734292456015,1.9689927450561306,0.9636376603486141,600,27,0.15165551006793976,0.10238733887672424,0.23873138427734375,0.2879550203364152
HB,129,1.1287573637482333,-0.33518734292456015,0.546087384223938,7.582114647465889,0.5908479363527457,1,1.2118234212095957,-0.1526497843572864,2.0,0.7898169937601915,600,21,0.13344955444335938,0.1254992038011551,1.1449313163757324,0.3215685142354906
HB,130,1.2118234212095957,-0.1526497843572864,0.5707703232765198,6.996880378399692,0.5852342690661967,1,1.124611809856975,-0.007726032864821278,2.0,0.7030271716893439,600,22,0.152381032705307,0.1492089033126831,0.29816436767578125,0.3145472702675778
HB,131,1.124611809856975,-0.007726032864821278,0.5581592321395874,6.368669768939782,0.6282106094599103,1,1.2799094856526132,-0.028633517070169284,2.0,0.5801552259214955,600,24,0.15117987990379333,0.1348111927509308,0.24762606620788574,0.29447090904967016
HB,132,1.2799094856526132,-0.028633517070169284,0.5752871632575989,5.7426203724595855,0.6260493964801963,1,1.260519144662876,-0.04003800583701807,2.0,0.5019010002798964,600,22,0.14593152701854706,0.1396559327840805,0.7339696884155273,0.3
HB,133,1.260519144662876,-0.04003800583701807,0.6158450245857239,4.7221404828541615,1.020479889605424,1,2.0086672504110683,-0.34340980430467516,2.0,0.35133070019592744,500,15,0.1518026888370514,0.15985339879989624,-0.1450028419494629,0.3
RL,134,1.676854210501575,-0.004518751537742374,0.5870828032493591,13.961618534491606,0.6599173191647392,1,1.2698585699390785,-0.00835889545782745,2.098301649093628,3.005948066711426,367,23,0.1475127637386322,0.14587001502513885,0.35637736320495605,0.5870828032493591
RL,135,1.2698585699390785,-0.00835889545782745,0.5176270604133606,13.343217205535918,0.618401328955688,1,1.1207346080879481,0.00326473146463065,2.2141027450561523,3.204439163208008,408,20,0.15430043637752533,0.15260368585586548,1.0959086418151855,0.5176270604133606
RL,136,1.1207346080879481,0.00326473146463065,0.6770762205123901,12.732066945820089,0.6111502597158296,1,1.1582646419311575,-0.5670099257753126,2.0681357383728027,3.145794153213501,378,20,0.15245342254638672,0.14926666021347046,0.37843942642211914,0.6770762205123901
RL,137,1.1582646419311575,-0.5670099257753126,0.594468355178833,12.16096276774575,0.5711041780743393,1,1.080214672690481,-0.6109392005728341,2.116702079772949,3.110720634460449,413,17,0.14306926727294922,0.1352182775735855,0.4354581832885742,0.594468355178833
RL,138,1.080214672690481,-0.6109392005728341,0.6375522613525391,11.769236373516643,0.3917263942291065,1,0.6984007482205329,-1.3708608568870462,1.6184128522872925,3.3684725761413574,430,18,0.14745227992534637,0.15559694170951843,1.286769986152649,0.6375522613525391
RL,139,0.5904766309038121,-2.447086075942512,0.6094657182693481,11.762667958662604,0.0137898985096232,0,-0.17105963194366935,-2.5731345022638212,-0.459730863571167,3.151744842529297,565,18,0.10081393271684647,0.04476110637187958,2.16884183883667,0.6094657182693481
RL,140,0.659049186415856,-2.329457396126578,0.5825782418251038,11.33021106741603,0.2995154133558753,1,0.5681741460581294,-1.878472838272416,2.047288417816162,3.323887348175049,387,21,0.11703430116176605,0.13909733295440674,1.585866928100586,0.5825782418251038
RL,141,-0.056505785188893536,-2.8289848027952162,0.32661178708076477,11.46901168037586,-0.23394295032671586,-1,0.7325754593646606,-0.019231705817063884,2.3429830074310303,0.5274330377578735,415,19,0.057660799473524094,0.1016274094581604,5.095846652984619,0.32661178708076477
RL,142,0.925373224021203,-0.2670661914396637,0.44165411591529846,12.662612566937836,-0.3530565744719798,-1,0.8725338943213176,-0.7253598355739649,1.8295111656188965,2.6045968532562256,375,20,0.1590816229581833,0.14248420298099518,1.6003419160842896,0.44165411591529846
RL,143,0.6645073646084699,-3.353055736149687,0.6911720633506775,12.467822575880392,0.1371263726829106,1,0.5138191850244096,-3.625842412513735,1.9654231071472168,3.1919174194335938,400,18,0.15207728743553162,0.14152248203754425,0.5256297588348389,0.6911720633506775
RL,144,0.6341141668643198,-3.4905422859766864,0.5379799604415894,12.406593455640852,0.1564435367969974,1,0.6385161224890087,-3.7972185673141006,2.0366322994232178,3.121084213256836,368,18,0.14605849981307983,0.15752506256103516,0.7342112064361572,0.5379799604415894
RL,145,0.549507533769555,-5.680424576727978,0.10985434055328369,12.545335152721897,-0.004865695228668088,0,0.8476537624385823,-2.3498377612341086,2.0250539779663086,1.9061423540115356,510,17,0.12394290417432785,0.15108203887939453,3.7880773544311523,0.10985434055328369
RL,146,0.8480646175944601,-5.056924353895449,0.606671154499054,12.616980531354104,0.10568155616006614,1,0.5394133133055152,-2.2790762614618414,2.080012321472168,2.5591819286346436,407,22,0.149213969707489,0.148517444729805,0.3130989074707031,0.606671154499054
RL,147,0.9212472004747239,-4.2080246642545625,0.6492997407913208,12.686128524642374,0.3343115958729186,1,0.6032362174217204,-5.511600492339545,1.7637393474578857,3.2837109565734863,392,21,0.15746934711933136,0.16707445681095123,0.6588237285614014,0.6492997407913208
RL,148,1.0793412472146005,-2.1410371966945116,0.5798866748809814,12.195866697904256,0.4606027604961689,1,0.7735613496145716,-3.024581059024657,2.1202352046966553,3.4872708320617676,407,20,0.15908831357955933,0.1428993195295334,0.7013444900512695,0.5798866748809814
RL,149,0.47120952553801654,-2.061361432837606,0.4119611382484436,12.779394045405267,-0.2023177723047649,-1,0.7358503920980233,-2.1603160779032438,2.0648202896118164,2.911923885345459,415,18,0.15130235254764557,0.13895615935325623,1.3765493631362915,0.4119611382484436
RL,150,0.7358503920980233,-2.1603160779032438,0.5394165515899658,12.562222956238726,0.21717108916654126,1,0.9757502324144214,-5.031927623869107,2.0205118656158447,3.168612480163574,379,22,0.14669445157051086,0.1502462923526764,0.16365361213684082,0.5394165515899658
RL,0,1.1236389153287356e-06,-0.004999739612874074,0.6320068836212158,14.615042074051985,0.38499929394087573,1,0.8625402767940329,0.16249462199839312,1.654871940612793,3.1059865951538086,407,19,0.1511438637971878,0.14473113417625427,0.6307847499847412,0.6320068836212158
RL,1,0.8625402767940329,0.16249462199839312,0.5807738900184631,13.97938414938073,0.6356579246712553,1,1.0720194310024622,-0.004848662136247376,2.2590434551239014,3.3750507831573486,411,21,0.1474793255329132,0.14391624927520752,0.8484562635421753,0.5807738900184631
RL,2,1.0720194310024622,-0.004848662136247376,0.5210784673690796,13.370854085063678,0.6085300643170513,1,1.1270519372930665,-0.0612805163739151,2.31113862991333,3.326883316040039,361,19,0.15386685729026794,0.15081721544265747,0.3562910556793213,0.5210784673690796
RL,3,1.1270519372930665,-0.0612805163739151,0.6042742729187012,12.826007967892394,0.544846117171284,1,0.9718529741716548,-0.7088916900559106,1.9603900909423828,3.051239013671875,431,24,0.14018607139587402,0.13221007585525513,0.48829197883605957,0.6042742729187012
RL,4,0.9718529741716548,-0.7088916900559106,0.5632104873657227,12.40124536788221,0.42476260001018495,1,0.8212092242336234,-0.6376034992586073,1.5607318878173828,3.1225509643554688,379,19,0.14128567278385162,0.15445300936698914,0.8680593967437744,0.5632104873657227
RL,5,0.8212092242336234,-0.6376034992586073,0.5661132335662842,12.069720835175822,0.3315245327063874,1,0.7572212840812556,-0.6802740748003023,1.8703479766845703,3.357140064239502,359,19,0.11544720083475113,0.13493648171424866,1.0731565952301025,0.5661132335662842
RL,6,0.7572212840812556,-0.6802740748003023,0.5951353311538696,11.87031787211524,0.19940296306058158,1,0.6475508603152328,0.40578395482657587,2.1870856285095215,3.6336307525634766,438,18,0.0568544827401638,0.13334009051322937,1.1131901741027832,0.5951353311538696
RL,7,0.6475508603152328,0.40578395482657587,0.597879946231842,11.611778589247585,0.2585392828676554,1,0.6263517808937913,1.2326091911985186,1.8603713512420654,2.8079168796539307,474,20,0.1172211542725563,0.1259821355342865,0.47104668617248535,0.597879946231842
RL,8,0.6263517808937913,1.2326091911985186,0.5934852957725525,11.33848429489211,0.27329429435547503,1,0.4923655389477099,0.253916816583142,1.7180280685424805,1.7932411432266235,707,20,0.14726951718330383,0.16347262263298035,4.839838027954102,0.5934852957725525
RL,9,0.4923655389477099,0.253916816583142,0.6099843978881836,11.03067682470154,0.30780747019056953,1,0.5997563040920463,-0.1681950773320021,2.0558762550354004,3.260310173034668,798,22,0.052800312638282776,0.1464889645576477,4.134591102600098,0.6099843978881836
RL,10,0.5997563040920463,-0.1681950773320021,0.6313779354095459,10.651472337539715,0.3792044871618252,1,0.7759086222350052,0.03132882656345987,1.9693232774734497,0.6886672973632812,474,19,0.1387757658958435,0.14741240441799164,4.133535861968994,0.6313779354095459
RL,11,0.7759086222350052,0.03132882656345987,0.6019579172134399,10.121735926886762,0.5297364106529532,1,1.165098781987839,0.3126544327470587,1.9632929563522339,2.0839412212371826,825,21,0.14001202583312988,0.14251349866390228,0.3318297863006592,0.6019579172134399
RL,12,1.165098781987839,0.3126544327470587,0.5544730424880981,9.5435393979184,0.5781965289683626,1,1.0890296224364064,0.01045572695005497,2.1071176528930664,3.311114549636841,413,21,0.11819428950548172,0.14874577522277832,5.029971122741699,0.5544730424880981
RL,13,1.0890296224364064,0.01045572695005497,0.555203378200531,8.895151663846613,0.6483877340717861,1,1.2816013218409386,-0.25766668674436277,1.9621918201446533,3.3545994758605957,361,20,0.15028925240039825,0.1496797651052475,0.403670072555542,0.555203378200531
RL,14,1.2816013218409386,-0.25766668674436277,0.5200505256652832,8.31613047646433,0.579021187382283,1,1.0490161533198294,-0.10857687547855042,1.8250588178634644,3.0410733222961426,432,20,0.14632098376750946,0.1343080848455429,0.8219451904296875,0.5200505256652832
RL,15,1.0490161533198294,-0.10857687547855042,0.6112433075904846,7.688980572467791,0.6271499039965391,1,1.2191072719205696,0.008076817792187583,2.1094560623168945,3.3030154705047607,428,21,0.14693570137023926,0.1269313544034958,-0.11647748947143555,0.6112433075904846
RL,16,1.2191072719205696,0.008076817792187583,0.5845935344696045,7.070185900162721,0.6187946723050706,1,1.144536527325933,0.0004615161000533615,1.8802118301391602,3.482194185256958,377,22,0.15994562208652496,0.15104860067367554,0.14757037162780762,0.5845935344696045
RL,17,1.144536527325933,0.0004615161000533615,0.5529765486717224,6.522437706717899,0.5477481934448214,1,1.048561670456192,0.0012828870421038576,1.9470990896224976,3.3137216567993164,402,19,0.1448843777179718,0.13700924813747406,1.1959148645401,0.5529765486717224
RL,18,1.048561670456192,0.0012828870421038576,0.6004838347434998,5.875260126961925,0.647177579755974,1,1.2704083854881076,0.1149209507088974,2.157958507537842,3.2739384174346924,404,20,0.14677773416042328,0.1340978443622589,0.18539977073669434,0.6004838347434998
RL,19,1.2704083854881076,0.1149209507088974,0.5881341695785522,5.150390964023132,0.7248691629387931,1,1.9837829942667677,-0.05494726321925861,2.055581569671631,3.1229019165039062,380,17,0.15484870970249176,0.14470693469047546,0.8528631925582886,0.5881341695785522
RL,20,1.9837829942667677,-0.05494726321925861,0.6323655247688293,4.110247511358454,1.0401434526646787,1,2.0131860157021153,0.11483096645446264,2.0058274269104004,3.0286240577697754,434,18,0.15750831365585327,0.16543814539909363,0.8496309518814087,0.6323655247688293
HB,21,1.912256698684132,0.0006834303793867638,0.5561215877532959,13.901185061471832,0.7134096376686561,1,1.1915192604801172,0.012441038280638594,2.0,0.12339229580795308,600,23,0.15058568120002747,0.13376612961292267,0.608292818069458,0.6082928
HB,22,1.1915192604801172,0.012441038280638594,0.5807203054428101,13.290989258342636,0.6101958031291961,1,1.1492725978692528,-0.013290051795223317,1.9672025525722823,0.22666556791786602,600,27,0.1442468762397766,0.14821791648864746,0.5775918960571289,0.39999999999999997
